season,player_id,player_name,position,total_points,avg_points,weekly_points
2015,10636,Mason Crosby,K,120.0,8.0,
2015,9613,DeAngelo Williams,RB,179.0,11.19,
2015,13197,Sam Bradford,QB,184.0,13.14,
2015,13203,C.J. Spiller,RB,39.0,3.0,
2015,1428,Peyton Manning,QB,87.0,8.7,
2015,13204,Ryan Mathews,RB,95.0,7.31,
2015,5526,Eli Manning,QB,278.0,17.38,
2015,-16002,Bills D/ST,D/ST,79.0,4.94,
2015,5528,Larry Fitzgerald,WR,164.0,10.25,
2015,5529,Philip Rivers,QB,277.0,17.31,
2015,-16007,Broncos D/ST,D/ST,182.0,11.38,
2015,13213,LeGarrette Blount,RB,110.0,9.17,
2015,13215,Dez Bryant,WR,54.0,6.0,
2015,-16011,Colts D/ST,D/ST,93.0,5.81,
2015,4512,Anquan Boldin,WR,95.0,6.79,
2015,5536,Ben Roethlisberger,QB,222.0,18.5,
2015,13216,Demaryius Thomas,WR,156.0,9.75,
2015,13217,Golden Tate,WR,111.0,6.94,
2015,-16014,Rams D/ST,D/ST,110.0,6.88,
2015,-16015,Dolphins D/ST,D/ST,69.0,4.31,
2015,-16017,Patriots D/ST,D/ST,115.0,7.19,
2015,11688,Dan Carpenter,K,112.0,7.0,
2015,-16020,Jets D/ST,D/ST,111.0,6.94,
2015,-16021,Eagles D/ST,D/ST,91.0,5.69,
2015,-16022,Cardinals D/ST,D/ST,157.0,9.81,
2015,13229,Rob Gronkowski,TE,176.0,11.73,
2015,-16026,Seahawks D/ST,D/ST,140.0,8.75,
2015,4527,Jason Witten,TE,80.0,5.0,
2015,13232,Jimmy Graham,TE,69.0,6.27,
2015,-16029,Panthers D/ST,D/ST,155.0,9.69,
2015,-16033,Ravens D/ST,D/ST,85.0,5.31,
2015,-16034,Texans D/ST,D/ST,138.0,8.62,
2015,10195,Fred Jackson,RB,34.0,2.27,
2015,13271,Eric Decker,WR,166.0,11.07,
2015,11237,Matt Ryan,QB,224.0,14.0,
2015,11238,Darren McFadden,RB,145.0,9.06,
2015,9704,Stephen Gostkowski,K,168.0,10.5,
2015,9705,Brandon Marshall,WR,223.0,13.94,
2015,11247,Jonathan Stewart,RB,139.0,10.69,
2015,13295,Emmanuel Sanders,WR,140.0,9.33,
2015,11276,Eddie Royal,WR,26.0,2.89,
2015,11788,Danny Woodhead,RB,149.0,9.31,
2015,11278,Matt Forte,RB,159.0,12.23,
2015,2578,Reggie Wayne,WR,0,0,
2015,11283,DeSean Jackson,WR,72.0,8.0,
2015,2580,Drew Brees,QB,299.0,19.93,
2015,11295,Martellus Bennett,TE,56.0,5.09,
2015,9761,Delanie Walker,TE,143.0,9.53,
2015,11307,Jamaal Charles,RB,75.0,15.0,
2015,2622,Steve Smith Sr.,WR,82.0,11.71,
2015,1097,Adam Vinatieri,K,121.0,7.56,
2015,5209,Tony Romo,QB,39.0,9.75,
2015,9838,Marques Colston,WR,68.0,5.23,
2015,13934,Antonio Brown,WR,243.0,15.19,
2015,9329,Nick Novak,K,88.0,6.77,
2015,11923,Steven Hauschka,K,144.0,9.0,
2015,13981,Mark Ingram,RB,143.0,11.92,
2015,13982,Julio Jones,WR,231.0,14.44,
2015,13983,A.J. Green,WR,179.0,11.19,
2015,13994,Cam Newton,QB,373.0,23.31,
2015,11439,Pierre Garcon,WR,108.0,6.75,
2015,14001,Colin Kaepernick,QB,103.0,11.44,
2015,14005,DeMarco Murray,RB,129.0,8.6,
2015,14017,Shane Vereen,RB,88.0,5.5,
2015,11458,Stevie Johnson,WR,64.0,7.11,
2015,12483,Matthew Stafford,QB,280.0,17.5,
2015,11467,Justin Forsett,RB,83.0,8.3,
2015,10447,Calvin Johnson,WR,164.0,10.25,
2015,14032,Torrey Smith,WR,87.0,5.44,
2015,12497,Arian Foster,RB,51.0,12.75,
2015,10452,Adrian Peterson,RB,217.0,13.56,
2015,12503,Rashad Jennings,RB,125.0,7.81,
2015,10456,Marshawn Lynch,RB,66.0,9.43,
2015,13536,Joique Bell,RB,72.0,5.54,
2015,12514,LeSean McCoy,RB,137.0,11.42,
2015,14053,Randall Cobb,WR,120.0,7.5,
2015,10475,Greg Olsen,TE,144.0,9.0,
2015,4333,Matt Bryant,K,70.0,7.0,
2015,13553,Victor Cruz,WR,0.0,0.0,
2015,5362,Antonio Gates,TE,88.0,8.0,
2015,8439,Aaron Rodgers,QB,286.0,17.88,
2015,8442,Roddy White,WR,51.0,3.4,
2015,8444,Heath Miller,TE,61.0,4.07,
2015,12563,Michael Crabtree,WR,139.0,8.69,
2015,13587,Chris Ivory,RB,159.0,10.6,
2015,12569,Percy Harvin,WR,26.0,5.2,
2015,2330,Tom Brady,QB,335.0,20.94,
2015,8475,Vincent Jackson,WR,70.0,7.0,
2015,8479,Frank Gore,RB,147.0,9.19,
2015,12576,Brandon LaFell,WR,45.0,4.09,
2015,12579,Jeremy Maclin,WR,148.0,9.87,
2015,12601,Mike Wallace,WR,54.0,3.6,
2015,14145,Charles Clay,TE,65.0,5.0,
2015,8544,Darren Sproles,RB,94.0,5.88,
2015,12649,Julian Edelman,WR,107.0,11.89,
2015,4459,Carson Palmer,QB,300.0,18.75,
2015,4461,Andre Johnson,WR,68.0,4.25,
2015,11122,Matt Prater,K,116.0,7.25,
2015,9588,Reggie Bush,RB,3.0,0.6,
2015,6016,Malcom Floyd,WR,66.0,4.4,
2015,14221,Doug Baldwin,WR,184.0,11.5,
2015,16782,Jerick McKinnon,RB,51.0,3.19,
2015,2576303,David Cobb,RB,18.0,2.57,
2015,2577327,Tyler Lockett,WR,104.0,6.5,
2015,16784,Tre Mason,RB,26.0,2.0,
2015,16790,Jarvis Landry,WR,154.0,9.62,
2015,16791,Donte Moncrief,WR,104.0,6.5,
2015,16793,Cody Latimer,WR,11.0,1.38,
2015,16794,Bishop Sankey,RB,39.0,3.25,
2015,16799,Allen Robinson,WR,217.0,13.56,
2015,16800,Davante Adams,WR,51.0,3.92,
2015,16803,Jeremy Hill,RB,145.0,9.06,
2015,16804,John Brown,WR,134.0,8.93,
2015,15788,Tyler Eifert,TE,135.0,10.38,
2015,2508176,David Johnson,RB,164.0,10.25,
2015,15795,DeAndre Hopkins,WR,211.0,13.19,
2015,15818,Keenan Allen,WR,90.0,11.25,
2015,15823,Montee Ball,RB,0,0,
2015,15825,Le'Veon Bell,RB,83.0,13.83,
2015,15826,Giovani Bernard,RB,119.0,7.44,
2015,16339,Brandon McManus,K,135.0,8.44,
2015,15832,Knile Davis,RB,11.0,0.85,
2015,15835,Zach Ertz,TE,89.0,5.93,
2015,15847,Travis Kelce,TE,109.0,6.81,
2015,15848,Eddie Lacy,RB,109.0,7.27,
2015,2576336,Ameer Abdullah,RB,78.0,4.88,
2015,14322,Dan Bailey,K,129.0,8.06,
2015,16886,Martavis Bryant,WR,112.0,10.18,
2015,2515416,Jeremy Langford,RB,115.0,7.67,
2015,16889,Andre Williams,RB,28.0,1.75,
2015,15873,Markus Wheaton,WR,100.0,6.25,
2015,15364,Jonas Gray,RB,22.0,3.14,
2015,2971618,Nelson Agholor,WR,29.0,2.23,
2015,15878,Terrance Williams,WR,96.0,6.0,
2015,2576434,Melvin Gordon,RB,64.0,4.57,
2015,15885,Charles Johnson,WR,10.0,1.67,
2015,16913,James White,RB,73.0,6.08,
2015,15893,Andre Ellington,RB,52.0,5.2,
2015,16921,Alfred Blue,RB,85.0,6.07,
2015,14874,Andrew Luck,QB,126.0,18.0,
2015,14876,Ryan Tannehill,QB,245.0,15.31,
2015,14881,Russell Wilson,QB,322.0,20.12,
2015,14884,Trent Richardson,RB,0.0,0.0,
2015,14885,Doug Martin,RB,187.0,11.69,
2015,14886,Lamar Miller,RB,173.0,10.81,
2015,17452,Branden Oliver,RB,17.0,2.12,
2015,15918,Caleb Sturgis,K,93.0,7.15,
2015,14895,Ronnie Hillman,RB,129.0,8.06,
2015,15920,Latavius Murray,RB,148.0,9.25,
2015,16944,Devonta Freeman,RB,230.0,15.33,
2015,14901,Dwayne Allen,TE,13.0,1.08,
2015,16950,Lorenzo Taliaferro,RB,12.0,4.0,
2015,14908,Michael Floyd,WR,115.0,7.67,
2015,14909,Kendall Wright,WR,54.0,5.4,
2015,14912,Alshon Jeffery,WR,101.0,11.22,
2015,14914,Brian Quick,WR,7.0,0.78,
2015,14924,T.Y. Hilton,WR,135.0,8.44,
2015,15951,Denard Robinson,RB,38.0,3.17,
2015,2576980,Marcus Mariota,QB,198.0,16.5,
2015,15994,Theo Riddick,RB,87.0,5.44,
2015,16013,Joseph Randle,RB,60.0,10.0,
2015,16016,Kenny Stills,WR,57.0,3.8,
2015,15009,Alfred Morris,RB,79.0,4.94,
2015,16040,C.J. Anderson,RB,103.0,6.87,
2015,2979477,Tevin Coleman,RB,37.0,3.08,
2015,17082,Cody Parkey,K,16.0,5.33,
2015,2576623,DeVante Parker,WR,64.0,7.11,
2015,2976499,Amari Cooper,WR,133.0,8.31,
2015,2976516,T.J. Yeldon,RB,109.0,9.08,
2015,15072,Marvin Jones,WR,101.0,6.31,
2015,17133,Isaiah Crowell,RB,107.0,6.69,
2015,2972460,Breshad Perriman,WR,0.0,0.0,
2015,2977609,Devin Funchess,WR,70.0,4.38,
2015,2971433,Dorial Green-Beckham,WR,77.0,5.5,
2015,15683,Justin Tucker,K,139.0,8.69,
2015,14163,Tyrod Taylor,QB,258.0,18.43,
2015,16724,Blake Bortles,QB,302.0,18.88,
2015,16725,Sammy Watkins,WR,152.0,11.69,
2015,2977644,Todd Gurley,RB,176.0,13.54,
2015,16728,Teddy Bridgewater,QB,187.0,11.69,
2015,16731,Brandin Cooks,WR,162.0,10.12,
2015,16732,Eric Ebron,TE,76.0,5.43,
2015,16733,Odell Beckham Jr.,WR,216.0,14.4,
2015,16737,Mike Evans,WR,131.0,8.73,
2015,14189,Jordan Cameron,TE,50.0,3.12,
2015,16749,Charles Sims,RB,117.0,7.31,
2015,14192,Roy Helu,RB,14.0,1.75,
2015,2969939,Jameis Winston,QB,261.0,16.31,
2015,16763,Jordan Matthews,WR,139.0,8.69,
2015,14204,Julius Thomas,TE,70.0,5.83,
2015,2969962,Duke Johnson Jr.,RB,90.0,5.62,
2015,16777,Carlos Hyde,RB,66.0,9.43,
2016,10636,Mason Crosby,K,125.0,7.81,
2016,9613,DeAngelo Williams,RB,77.0,9.62,
2016,14221,Doug Baldwin,WR,152.0,9.5,
2016,13204,Ryan Mathews,RB,125.0,9.62,
2016,5526,Eli Manning,QB,218.0,13.62,
2016,5528,Larry Fitzgerald,WR,131.0,8.19,
2016,-16004,Bengals D/ST,D/ST,79.0,4.94,
2016,5529,Philip Rivers,QB,250.0,15.62,
2016,12699,Zach Miller,TE,69.0,6.9,
2016,-16007,Broncos D/ST,D/ST,146.0,9.12,
2016,-16008,Lions D/ST,D/ST,69.0,4.31,
2016,13213,LeGarrette Blount,RB,218.0,13.62,
2016,-16009,Packers D/ST,D/ST,75.0,4.69,
2016,13214,James Starks,RB,33.0,3.67,
2016,13215,Dez Bryant,WR,126.0,9.69,
2016,4512,Anquan Boldin,WR,99.0,6.19,
2016,5536,Ben Roethlisberger,QB,246.0,17.57,
2016,13216,Demaryius Thomas,WR,130.0,8.12,
2016,-16012,Chiefs D/ST,D/ST,140.0,8.75,
2016,13217,Golden Tate,WR,124.0,7.75,
2016,-16013,Raiders D/ST,D/ST,74.0,4.62,
2016,-16016,Vikings D/ST,D/ST,157.0,9.81,
2016,-16017,Patriots D/ST,D/ST,117.0,7.31,
2016,-16020,Jets D/ST,D/ST,43.0,2.69,
2016,-16022,Cardinals D/ST,D/ST,143.0,8.94,
2016,13229,Rob Gronkowski,TE,69.0,8.62,
2016,-16026,Seahawks D/ST,D/ST,113.0,7.06,
2016,4527,Jason Witten,TE,77.0,5.13,
2016,13232,Jimmy Graham,TE,118.0,7.38,
2016,-16029,Panthers D/ST,D/ST,101.0,6.31,
2016,-16034,Texans D/ST,D/ST,102.0,6.38,
2016,13271,Eric Decker,WR,30.0,10.0,
2016,8664,Ryan Fitzpatrick,QB,122.0,8.71,
2016,11237,Matt Ryan,QB,334.0,20.88,
2016,9704,Stephen Gostkowski,K,135.0,8.44,
2016,9705,Brandon Marshall,WR,89.0,5.93,
2016,11247,Jonathan Stewart,RB,129.0,9.92,
2016,13295,Emmanuel Sanders,WR,125.0,8.33,
2016,14322,Dan Bailey,K,135.0,8.44,
2016,11258,Chris Johnson,RB,14.0,3.5,
2016,14851,Terrelle Pryor Sr.,WR,127.0,7.94,
2016,11270,Jordy Nelson,WR,200.0,12.5,
2016,11788,Danny Woodhead,RB,19.0,9.5,
2016,11278,Matt Forte,RB,141.0,10.07,
2016,11283,DeSean Jackson,WR,118.0,7.87,
2016,2580,Drew Brees,QB,323.0,20.19,
2016,14874,Andrew Luck,QB,297.0,19.8,
2016,11295,Martellus Bennett,TE,105.0,6.56,
2016,14880,Kirk Cousins,QB,290.0,18.12,
2016,9761,Delanie Walker,TE,117.0,7.8,
2016,14881,Russell Wilson,QB,256.0,16.0,
2016,14885,Doug Martin,RB,66.0,8.25,
2016,14886,Lamar Miller,RB,148.0,10.57,
2016,11307,Jamaal Charles,RB,10.0,3.33,
2016,14900,Coby Fleener,TE,78.0,4.88,
2016,14901,Dwayne Allen,TE,74.0,5.29,
2016,14908,Michael Floyd,WR,73.0,5.21,
2016,2622,Steve Smith Sr.,WR,107.0,7.64,
2016,14402,Chris Hogan,WR,84.0,5.6,
2016,1097,Adam Vinatieri,K,145.0,9.06,
2016,11364,Gary Barnidge,TE,68.0,4.25,
2016,13934,Antonio Brown,WR,193.0,12.87,
2016,11923,Steven Hauschka,K,134.0,8.38,
2016,13981,Mark Ingram,RB,181.0,11.31,
2016,13982,Julio Jones,WR,170.0,12.14,
2016,13983,A.J. Green,WR,116.0,11.6,
2016,13994,Cam Newton,QB,241.0,16.07,
2016,12460,Graham Gano,K,133.0,8.31,
2016,14005,DeMarco Murray,RB,229.0,14.31,
2016,14518,Shaun Draughn,RB,72.0,4.8,
2016,14012,Andy Dalton,QB,250.0,15.62,
2016,14017,Shane Vereen,RB,23.0,4.6,
2016,12483,Matthew Stafford,QB,267.0,16.69,
2016,11467,Justin Forsett,RB,35.0,3.89,
2016,14032,Torrey Smith,WR,40.0,3.33,
2016,12497,Arian Foster,RB,10.0,2.5,
2016,10452,Adrian Peterson,RB,4.0,1.33,
2016,12503,Rashad Jennings,RB,92.0,7.08,
2016,12514,LeSean McCoy,RB,238.0,15.87,
2016,14053,Randall Cobb,WR,83.0,6.38,
2016,10475,Greg Olsen,TE,121.0,7.56,
2016,5362,Antonio Gates,TE,90.0,6.92,
2016,8439,Aaron Rodgers,QB,365.0,22.81,
2016,14583,Kamar Aiken,WR,33.0,2.06,
2016,14085,Virgil Green,TE,25.0,2.5,
2016,12563,Michael Crabtree,WR,144.0,9.0,
2016,13587,Chris Ivory,RB,65.0,5.91,
2016,2330,Tom Brady,QB,251.0,20.92,
2016,8475,Vincent Jackson,WR,14.0,2.8,
2016,8479,Frank Gore,RB,164.0,10.25,
2016,12579,Jeremy Maclin,WR,60.0,5.0,
2016,14129,Bilal Powell,RB,128.0,8.0,
2016,12601,Mike Wallace,WR,124.0,7.75,
2016,14163,Tyrod Taylor,QB,254.0,16.93,
2016,8544,Darren Sproles,RB,97.0,6.47,
2016,12649,Julian Edelman,WR,122.0,7.62,
2016,4459,Carson Palmer,QB,234.0,15.6,
2016,11122,Matt Prater,K,143.0,8.94,
2016,14198,Dion Lewis,RB,31.0,4.43,
2016,14204,Julius Thomas,TE,49.0,5.44,
2016,16782,Jerick McKinnon,RB,95.0,6.33,
2016,2577327,Tyler Lockett,WR,75.0,5.0,
2016,16783,Terrance West,RB,124.0,7.75,
2016,16790,Jarvis Landry,WR,128.0,8.0,
2016,16791,Donte Moncrief,WR,69.0,7.67,
2016,2982828,Tajae Sharpe,WR,57.0,3.56,
2016,16799,Allen Robinson,WR,118.0,7.38,
2016,16803,Jeremy Hill,RB,147.0,9.8,
2016,16804,John Brown,WR,60.0,4.0,
2016,2972091,Jalen Richard,RB,77.0,4.81,
2016,15786,Tavon Austin,WR,78.0,5.2,
2016,15788,Tyler Eifert,TE,64.0,8.0,
2016,2508176,David Johnson,RB,313.0,19.56,
2016,15795,DeAndre Hopkins,WR,112.0,7.0,
2016,15818,Keenan Allen,WR,6.0,6.0,
2016,15825,Le'Veon Bell,RB,231.0,19.25,
2016,15826,Giovani Bernard,RB,74.0,7.4,
2016,16339,Brandon McManus,K,127.0,7.94,
2016,2573300,Jay Ajayi,RB,177.0,11.8,
2016,15835,Zach Ertz,TE,98.0,7.0,
2016,17372,Chris Boswell,K,106.0,7.07,
2016,2577417,Dak Prescott,QB,271.0,16.94,
2016,15847,Travis Kelce,TE,133.0,8.31,
2016,15848,Eddie Lacy,RB,36.0,7.2,
2016,2576336,Ameer Abdullah,RB,20.0,10.0,
2016,15855,Christine Michael,RB,105.0,7.0,
2016,2976212,Stefon Diggs,WR,103.0,7.92,
2016,15860,Jordan Reed,TE,98.0,8.17,
2016,2515416,Jeremy Langford,RB,45.0,3.75,
2016,15873,Markus Wheaton,WR,12.0,4.0,
2016,2576434,Melvin Gordon,RB,199.0,15.31,
2016,16913,James White,RB,91.0,5.69,
2016,15893,Andre Ellington,RB,9.0,0.64,
2016,2978887,Roberto Aguayo,K,93.0,5.81,
2016,2976316,Michael Thomas,WR,157.0,10.47,
2016,15920,Latavius Murray,RB,164.0,11.71,
2016,16944,Devonta Freeman,RB,216.0,13.5,
2016,14912,Alshon Jeffery,WR,89.0,7.42,
2016,14922,Mohamed Sanu,WR,83.0,5.53,
2016,14924,T.Y. Hilton,WR,176.0,11.0,
2016,16976,Chandler Catanzaro,K,111.0,6.94,
2016,2978929,Corey Coleman,WR,54.0,5.4,
2016,3042435,Kevin White,WR,17.0,4.25,
2016,2576980,Marcus Mariota,QB,247.0,16.47,
2016,15994,Theo Riddick,RB,99.0,9.9,
2016,16016,Kenny Stills,WR,121.0,7.56,
2016,3122866,Devontae Booker,RB,98.0,6.12,
2016,16020,Spencer Ware,RB,147.0,10.5,
2016,15009,Alfred Morris,RB,31.0,2.21,
2016,16040,C.J. Anderson,RB,80.0,11.43,
2016,2979477,Tevin Coleman,RB,148.0,11.38,
2016,2579604,Phillip Dorsett,WR,59.0,3.93,
2016,2576019,Josh Doctson,WR,5.0,2.5,
2016,2576623,DeVante Parker,WR,92.0,6.13,
2016,2976499,Amari Cooper,WR,139.0,8.69,
2016,15058,Blair Walsh,K,53.0,5.89,
2016,2971888,Kenneth Dixon,RB,65.0,5.42,
2016,15062,Travis Benjamin,WR,79.0,5.64,
2016,2577654,DeAndre Washington,RB,58.0,4.46,
2016,2980105,Matt Jones,RB,62.0,8.86,
2016,2976516,T.J. Yeldon,RB,75.0,5.0,
2016,15072,Marvin Jones,WR,110.0,7.33,
2016,3043078,Derrick Henry,RB,85.0,6.07,
2016,17133,Isaiah Crowell,RB,153.0,9.56,
2016,3060022,Jordan Howard,RB,189.0,12.6,
2016,17177,Allen Hurns,WR,61.0,5.55,
2016,2977609,Devin Funchess,WR,55.0,3.93,
2016,3045144,Tyler Boyd,WR,61.0,3.81,
2016,2971433,Dorial Green-Beckham,WR,45.0,3.21,
2016,15683,Justin Tucker,K,174.0,10.88,
2016,2576237,Thomas Rawls,RB,56.0,6.22,
2016,16724,Blake Bortles,QB,259.0,16.19,
2016,16725,Sammy Watkins,WR,53.0,6.62,
2016,2977644,Todd Gurley,RB,141.0,8.81,
2016,15705,Josh Gordon,WR,0.0,0.0,
2016,16730,Kelvin Benjamin,WR,128.0,8.0,
2016,16731,Brandin Cooks,WR,159.0,10.6,
2016,16732,Eric Ebron,TE,78.0,6.0,
2016,16733,Odell Beckham Jr.,WR,188.0,11.75,
2016,16737,Mike Evans,WR,200.0,12.5,
2016,3051392,Ezekiel Elliott,RB,280.0,18.67,
2016,17258,Willie Snead,WR,112.0,7.47,
2016,16749,Charles Sims,RB,37.0,5.29,
2016,2969939,Jameis Winston,QB,243.0,15.19,
2016,2976592,Sterling Shepard,WR,114.0,7.12,
2016,16757,Derek Carr,QB,257.0,17.13,
2016,3052876,Will Fuller V,WR,76.0,5.43,
2016,16763,Jordan Matthews,WR,91.0,6.5,
2016,2969962,Duke Johnson Jr.,RB,78.0,4.88,
2016,17284,Charcandrick West,RB,55.0,3.67,
2016,2577253,Javorius Allen,RB,3.0,0.75,
2016,16777,Carlos Hyde,RB,154.0,11.85,
2017,10636,Mason Crosby,K,80.0,5.33,
2017,14221,Doug Baldwin,WR,142.0,8.88,
2017,-16001,Falcons D/ST,D/ST,95.0,5.94,
2017,5526,Eli Manning,QB,180.0,12.0,
2017,5528,Larry Fitzgerald,WR,145.0,9.06,
2017,5529,Philip Rivers,QB,263.0,16.44,
2017,11674,Danny Amendola,WR,71.0,4.73,
2017,-16007,Broncos D/ST,D/ST,117.0,7.31,
2017,13213,LeGarrette Blount,RB,90.0,5.62,
2017,13215,Dez Bryant,WR,110.0,6.88,
2017,5536,Ben Roethlisberger,QB,253.0,16.87,
2017,13216,Demaryius Thomas,WR,115.0,7.19,
2017,-16012,Chiefs D/ST,D/ST,101.0,6.31,
2017,13217,Golden Tate,WR,122.0,7.62,
2017,-16016,Vikings D/ST,D/ST,128.0,8.0,
2017,-16017,Patriots D/ST,D/ST,95.0,5.94,
2017,-16021,Eagles D/ST,D/ST,159.0,9.94,
2017,-16022,Cardinals D/ST,D/ST,106.0,6.62,
2017,15788,Tyler Eifert,TE,4.0,2.0,
2017,-16024,Chargers D/ST,D/ST,145.0,9.06,
2017,13229,Rob Gronkowski,TE,152.0,11.69,
2017,-16026,Seahawks D/ST,D/ST,135.0,8.44,
2017,4527,Jason Witten,TE,75.0,4.69,
2017,13232,Jimmy Graham,TE,107.0,6.69,
2017,-16029,Panthers D/ST,D/ST,126.0,7.88,
2017,-16030,Jaguars D/ST,D/ST,208.0,13.0,
2017,15795,DeAndre Hopkins,WR,207.0,13.8,
2017,-16034,Texans D/ST,D/ST,75.0,4.69,
2017,15818,Keenan Allen,WR,175.0,10.94,
2017,15825,Le'Veon Bell,RB,240.0,16.0,
2017,15826,Giovani Bernard,RB,98.0,6.12,
2017,13271,Eric Decker,WR,55.0,3.44,
2017,15835,Zach Ertz,TE,122.0,8.71,
2017,15839,Marquise Goodwin,WR,103.0,6.44,
2017,11237,Matt Ryan,QB,213.0,13.31,
2017,11238,Darren McFadden,RB,0.0,0.0,
2017,15847,Travis Kelce,TE,143.0,9.53,
2017,9704,Stephen Gostkowski,K,169.0,10.56,
2017,15848,Eddie Lacy,RB,17.0,1.89,
2017,9705,Brandon Marshall,WR,13.0,2.6,
2017,11247,Jonathan Stewart,RB,101.0,6.73,
2017,13295,Emmanuel Sanders,WR,62.0,5.17,
2017,14322,Dan Bailey,K,76.0,6.91,
2017,15860,Jordan Reed,TE,30.0,5.0,
2017,14851,Terrelle Pryor Sr.,WR,27.0,3.38,
2017,11270,Jordy Nelson,WR,79.0,5.64,
2017,11788,Danny Woodhead,RB,19.0,2.38,
2017,11278,Matt Forte,RB,73.0,6.08,
2017,11283,DeSean Jackson,WR,81.0,5.79,
2017,2580,Drew Brees,QB,252.0,15.75,
2017,14874,Andrew Luck,QB,0.0,0.0,
2017,11295,Martellus Bennett,TE,24.0,2.67,
2017,14880,Kirk Cousins,QB,263.0,16.44,
2017,9761,Delanie Walker,TE,95.0,5.94,
2017,14881,Russell Wilson,QB,331.0,20.69,
2017,14885,Doug Martin,RB,60.0,5.45,
2017,14886,Lamar Miller,RB,145.0,9.06,
2017,11307,Jamaal Charles,RB,35.0,2.69,
2017,15918,Caleb Sturgis,K,13.0,13.0,
2017,15920,Latavius Murray,RB,130.0,8.12,
2017,14912,Alshon Jeffery,WR,132.0,8.25,
2017,14402,Chris Hogan,WR,71.0,7.89,
2017,1097,Adam Vinatieri,K,120.0,8.0,
2017,14924,T.Y. Hilton,WR,112.0,7.0,
2017,15952,Mike Gillislee,RB,63.0,7.0,
2017,15965,Dustin Hopkins,K,61.0,7.62,
2017,15971,Rex Burkhead,RB,91.0,9.1,
2017,13934,Antonio Brown,WR,204.0,14.57,
2017,15994,Theo Riddick,RB,89.0,5.56,
2017,13981,Mark Ingram,RB,206.0,12.88,
2017,13982,Julio Jones,WR,156.0,9.75,
2017,13983,A.J. Green,WR,145.0,9.06,
2017,13994,Cam Newton,QB,286.0,17.88,
2017,11439,Pierre Garcon,WR,46.0,5.75,
2017,14005,DeMarco Murray,RB,119.0,7.93,
2017,14012,Andy Dalton,QB,198.0,12.38,
2017,12483,Matthew Stafford,QB,261.0,16.31,
2017,10452,Adrian Peterson,RB,60.0,6.0,
2017,10453,Ted Ginn Jr.,WR,98.0,6.53,
2017,10456,Marshawn Lynch,RB,133.0,8.87,
2017,15072,Marvin Jones Jr.,WR,157.0,9.81,
2017,12514,LeSean McCoy,RB,193.0,12.06,
2017,14053,Randall Cobb,WR,85.0,6.07,
2017,14054,Kyle Rudolph,TE,93.0,5.81,
2017,10475,Greg Olsen,TE,23.0,3.29,
2017,4333,Matt Bryant,K,157.0,9.81,
2017,8439,Aaron Rodgers,QB,124.0,17.71,
2017,15102,Rishard Matthews,WR,97.0,6.93,
2017,12556,Kenny Britt,WR,33.0,2.75,
2017,12563,Michael Crabtree,WR,110.0,8.46,
2017,2330,Tom Brady,QB,285.0,17.81,
2017,8479,Frank Gore,RB,132.0,8.25,
2017,12579,Jeremy Maclin,WR,57.0,4.75,
2017,14129,Bilal Powell,RB,112.0,7.47,
2017,12601,Mike Wallace,WR,91.0,6.07,
2017,15683,Justin Tucker,K,159.0,9.94,
2017,8544,Darren Sproles,RB,10.0,3.33,
2017,4459,Carson Palmer,QB,98.0,14.0,
2017,14193,Jacquizz Rodgers,RB,32.0,2.0,
2017,11122,Matt Prater,K,146.0,9.12,
2017,16783,Terrance West,RB,25.0,5.0,
2017,16790,Jarvis Landry,WR,143.0,8.94,
2017,16791,Donte Moncrief,WR,47.0,4.27,
2017,16799,Allen Robinson,WR,1.0,1.0,
2017,16800,Davante Adams,WR,143.0,10.21,
2017,2971589,Paul Perkins,RB,9.0,1.12,
2017,16804,John Brown,WR,44.0,4.4,
2017,2508176,David Johnson,RB,6.0,6.0,
2017,2573300,Jay Ajayi,RB,100.0,7.14,
2017,17372,Chris Boswell,K,156.0,9.75,
2017,3059722,Zay Jones,WR,38.0,2.71,
2017,2577417,Dak Prescott,QB,248.0,15.5,
2017,3042778,Corey Davis,WR,29.0,2.64,
2017,2576336,Ameer Abdullah,RB,88.0,6.29,
2017,2976212,Stefon Diggs,WR,127.0,9.07,
2017,16886,Martavis Bryant,WR,77.0,5.13,
2017,2576434,Melvin Gordon,RB,215.0,13.44,
2017,2575408,Rob Kelley,RB,35.0,5.0,
2017,16913,James White,RB,67.0,4.79,
2017,3116593,Dalvin Cook,RB,51.0,12.75,
2017,2976316,Michael Thomas,WR,147.0,9.19,
2017,16944,Devonta Freeman,RB,153.0,10.93,
2017,3046439,Hunter Henry,TE,78.0,6.0,
2017,16460,Adam Thielen,WR,141.0,8.81,
2017,2978929,Corey Coleman,WR,39.0,4.33,
2017,3042435,Kevin White,WR,0.0,0.0,
2017,16504,Jack Doyle,TE,82.0,5.47,
2017,2576980,Marcus Mariota,QB,199.0,13.27,
2017,2587819,Tyrell Williams,WR,88.0,5.5,
2017,3117251,Christian McCaffrey,RB,133.0,8.31,
2017,16040,C.J. Anderson,RB,132.0,8.25,
2017,2985659,Wil Lutz,K,156.0,9.75,
2017,2979477,Tevin Coleman,RB,130.0,8.67,
2017,3052177,John Ross,WR,-1.0,-0.33,
2017,2576623,DeVante Parker,WR,66.0,5.08,
2017,2577134,Ty Montgomery,RB,60.0,7.5,
2017,2976499,Amari Cooper,WR,102.0,7.29,
2017,3043080,O.J. Howard,TE,70.0,5.38,
2017,3043078,Derrick Henry,RB,114.0,7.12,
2017,17133,Isaiah Crowell,RB,107.0,6.69,
2017,3059915,Kareem Hunt,RB,229.0,14.31,
2017,2980148,C.J. Prosise,RB,9.0,2.25,
2017,3060022,Jordan Howard,RB,164.0,10.25,
2017,2573079,Carson Wentz,QB,269.0,20.69,
2017,3116406,Tyreek Hill,WR,159.0,10.6,
2017,2576237,Thomas Rawls,RB,18.0,2.0,
2017,16725,Sammy Watkins,WR,102.0,6.8,
2017,2977644,Todd Gurley II,RB,302.0,20.13,
2017,16730,Kelvin Benjamin,WR,80.0,5.71,
2017,16731,Brandin Cooks,WR,144.0,9.0,
2017,16732,Eric Ebron,TE,69.0,4.31,
2017,16733,Odell Beckham Jr.,WR,46.0,11.5,
2017,16737,Mike Evans,WR,124.0,8.27,
2017,3051392,Ezekiel Elliott,RB,169.0,16.9,
2017,3125116,D'Onta Foreman,RB,45.0,5.0,
2017,17258,Willie Snead,WR,5.0,0.62,
2017,2969939,Jameis Winston,QB,191.0,14.69,
2017,2576716,Jamison Crowder,WR,87.0,5.8,
2017,16757,Derek Carr,QB,197.0,13.13,
2017,16763,Jordan Matthews,WR,30.0,3.0,
2017,2969962,Duke Johnson Jr.,RB,134.0,8.38,
2017,3115364,Leonard Fournette,RB,183.0,14.08,
2017,17284,Charcandrick West,RB,39.0,3.25,
2017,3116385,Joe Mixon,RB,99.0,7.07,
2017,16777,Carlos Hyde,RB,160.0,10.0,
2018,10636,Mason Crosby,K,138.0,8.62,3:6.0;4:14.0;5:0.0;6:17.0;8:12.0;9:5.0;10:7.0;11:5.0;12:5.0;13:4.0;14:13.0;15:12.0;16:13.0;17:0.0
2018,14221,Doug Baldwin,WR,116.8,8.98,3:0.0;4:6.6;5:0.6;6:12.1;8:3.6;9:9.7;10:6.4;11:14.7;12:6.4;13:9.2;14:0.0;15:21.7;16:22.1;17:3.7
2018,14993,Greg Zuerlein,K,124.0,11.27,3:0.0;4:0.0;5:0.0;6:0.0;7:13.0;8:8.0;9:10.0;10:12.0;11:12.0;13:14.0;14:7.0;15:12.0;16:6.0;17:14.0
2018,-16001,Falcons D/ST,D/ST,51.0,3.19,3:-8.0;4:1.0;5:-2.0;6:-1.0;7:1.0;9:5.0;10:-2.0;11:2.0;12:3.0;13:9.0;14:3.0;15:22.0;16:10.0;17:-1.0
2018,-16002,Bills D/ST,D/ST,111.0,6.94,3:16.0;4:3.0;5:13.0;6:16.0;7:-2.0;8:1.0;9:5.0;10:13.0;12:7.0;13:8.0;14:6.0;15:3.0;16:6.0;17:17.0
2018,-16003,Bears D/ST,D/ST,188.0,11.75,3:15.0;4:13.0;6:-1.0;7:3.0;8:6.0;9:29.0;10:12.0;11:16.0;12:13.0;13:5.0;14:19.0;15:8.0;16:8.0;17:10.0
2018,5528,Larry Fitzgerald,WR,151.18,9.45,3:1.9;4:4.3;5:4.5;6:6.4;7:12.0;8:22.2;10:8.0;11:15.3;12:10.0;13:6.3;14:8.0;15:11.7;16:13.58;17:11.6
2018,-16004,Bengals D/ST,D/ST,50.0,3.12,3:-1.0;4:-5.0;5:24.0;6:-6.0;7:-6.0;8:12.0;10:-11.0;11:2.0;12:-3.0;13:3.0;14:4.0;15:12.0;16:-3.0;17:10.0
2018,5529,Philip Rivers,QB,285.02,17.81,3:17.04;4:21.7;5:21.36;6:14.28;7:20.14;9:17.12;10:15.02;11:19.64;12:20.66;13:23.96;14:13.5;15:18.52;16:3.34;17:7.04
2018,-16005,Browns D/ST,D/ST,69.0,4.31,3:11.0;4:-3.0;5:8.0;6:-3.0;7:9.0;8:1.0;9:-4.0;10:6.0;12:6.0;13:3.0;14:2.0;15:9.0;16:5.0;17:-1.0
2018,11674,Danny Amendola,WR,97.92,6.53,3:5.7;4:3.1;5:4.5;6:9.9;7:17.4;8:11.92;9:7.2;10:10.7;12:1.8;13:0.0;14:1.5;15:4.5;16:5.3;17:4.6
2018,-16006,Cowboys D/ST,D/ST,90.0,5.62,3:4.0;4:2.0;5:0.0;6:12.0;7:2.0;9:7.0;10:1.0;11:4.0;12:9.0;13:10.0;14:6.0;15:1.0;16:12.0;17:-1.0
2018,15003,Rhett Ellison,TE,47.7,3.41,3:11.4;4:4.4;5:4.7;6:0.0;7:2.1;8:0.0;10:1.1;11:1.7;12:9.7;13:6.2;14:0.0;15:0.0;16:2.8;17:0.0
2018,-16007,Broncos D/ST,D/ST,108.0,6.75,3:6.0;4:-2.0;5:-2.0;6:4.0;7:33.0;8:3.0;9:6.0;11:2.0;12:5.0;13:13.0;14:4.0;15:7.0;16:3.0;17:12.0
2018,-16008,Lions D/ST,D/ST,85.0,5.31,3:9.0;4:0.0;5:4.0;7:4.0;8:-2.0;9:7.0;10:-3.0;11:4.0;12:9.0;13:5.0;14:17.0;15:2.0;16:2.0;17:13.0
2018,13213,LeGarrette Blount,RB,81.5,5.09,3:7.5;4:1.2;5:14.2;7:11.0;8:3.1;9:1.5;10:0.4;11:0.1;12:22.8;13:6.1;14:4.1;15:0.9;16:3.4;17:1.5
2018,13981,Mark Ingram II,RB,132.0,11.0,3:0.0;4:0.0;5:20.3;7:5.2;8:10.7;9:2.1;10:23.7;11:22.3;12:7.6;13:3.8;14:11.8;15:8.4;16:10.8;17:5.3
2018,-16009,Packers D/ST,D/ST,74.0,4.62,3:0.0;4:21.0;5:4.0;6:4.0;8:2.0;9:-2.0;10:15.0;11:4.0;12:-1.0;13:2.0;14:12.0;15:3.0;16:-2.0;17:-3.0
2018,13982,Julio Jones,WR,269.4,16.84,3:12.1;4:21.8;5:8.7;6:19.4;7:12.9;9:21.6;10:20.2;11:20.8;12:18.3;13:2.8;14:26.6;15:17.2;16:10.8;17:24.3
2018,-16010,Titans D/ST,D/ST,108.0,6.75,3:11.0;4:3.0;5:8.0;6:1.0;7:2.0;9:12.0;10:8.0;11:-4.0;12:-2.0;13:7.0;14:11.0;15:14.0;16:15.0;17:7.0
2018,13215,Dez Bryant,WR,0.0,0.0,9:0.0;10:0.0;11:0.0;12:0.0;13:0.0;14:0.0;15:0.0;16:0.0;17:0.0
2018,13983,A.J. Green,WR,126.4,14.04,3:8.3;4:15.8;5:14.2;6:12.0;7:15.2;8:16.1;10:0.0;11:0.0;12:0.0;13:1.2;14:0.0;15:0.0;16:0.0;17:0.0
2018,-16011,Colts D/ST,D/ST,101.0,6.31,3:8.0;4:3.0;5:-2.0;6:2.0;7:16.0;8:1.0;10:1.0;11:14.0;12:3.0;13:11.0;14:5.0;15:14.0;16:1.0;17:11.0
2018,5536,Ben Roethlisberger,QB,341.36,21.34,3:24.02;4:14.86;5:21.6;6:21.06;8:16.88;9:25.2;10:35.82;11:20.66;12:20.28;13:17.24;14:19.28;15:13.1;16:29.6;17:13.78
2018,13216,Demaryius Thomas,WR,127.2,8.48,3:8.8;4:4.4;5:19.0;6:13.2;7:6.7;8:4.5;9:7.6;11:0.0;12:17.8;13:4.7;14:6.8;15:8.9;16:5.2;17:0.0
2018,-16012,Chiefs D/ST,D/ST,91.0,5.69,3:1.0;4:5.0;5:16.0;6:-5.0;7:15.0;8:6.0;9:5.0;10:12.0;11:7.0;13:5.0;14:4.0;15:5.0;16:-5.0;17:23.0
2018,13217,Golden Tate,WR,145.9,9.73,2:15.3;3:9.9;4:29.2;5:6.7;7:8.6;8:8.8;10:2.9;11:6.5;12:5.0;13:20.0;14:1.2;15:6.8;16:2.3;17:5.3
2018,-16014,Rams D/ST,D/ST,131.0,8.19,3:13.0;4:2.0;5:0.0;6:3.0;7:24.0;8:6.0;9:-6.0;10:2.0;11:16.0;13:9.0;14:12.0;15:0.0;16:9.0;17:15.0
2018,-16015,Dolphins D/ST,D/ST,85.0,5.31,3:4.0;4:-2.0;5:13.0;6:2.0;7:-5.0;8:-6.0;9:24.0;10:4.0;12:2.0;13:6.0;14:-2.0;15:4.0;16:13.0;17:5.0
2018,-16016,Vikings D/ST,D/ST,125.0,7.81,3:5.0;4:-9.0;5:12.0;6:13.0;7:14.0;8:4.0;9:23.0;11:7.0;12:9.0;13:-3.0;14:7.0;15:15.0;16:8.0;17:0.0
2018,-16017,Patriots D/ST,D/ST,113.0,7.06,3:0.0;4:12.0;5:4.0;6:-2.0;7:14.0;8:17.0;9:3.0;10:0.0;12:7.0;13:11.0;14:3.0;15:6.0;16:11.0;17:22.0
2018,-16018,Saints D/ST,D/ST,98.0,6.12,3:-1.0;4:9.0;5:9.0;7:0.0;8:11.0;9:-6.0;10:11.0;11:15.0;12:14.0;13:14.0;14:11.0;15:13.0;16:3.0;17:-1.0
2018,-16020,Jets D/ST,D/ST,82.0,5.12,3:4.0;4:1.0;5:4.0;6:10.0;7:-2.0;8:1.0;9:10.0;10:-7.0;12:-5.0;13:12.0;14:10.0;15:7.0;16:3.0;17:-1.0
2018,-16021,Eagles D/ST,D/ST,66.0,4.12,3:5.0;4:4.0;5:3.0;6:6.0;7:1.0;8:6.0;10:1.0;11:-11.0;12:1.0;13:10.0;14:1.0;15:5.0;16:4.0;17:16.0
2018,13994,Cam Newton,QB,282.6,20.19,3:29.6;5:16.38;6:23.3;7:25.66;8:27.96;9:21.18;10:14.72;11:24.48;12:22.54;13:15.3;14:10.9;15:4.74;16:0.0;17:0.0
2018,-16022,Cardinals D/ST,D/ST,85.0,5.31,3:8.0;4:2.0;5:17.0;6:11.0;7:3.0;8:9.0;10:5.0;11:4.0;12:0.0;13:2.0;14:8.0;15:-2.0;16:-2.0;17:18.0
2018,-16023,Steelers D/ST,D/ST,110.0,6.88,3:12.0;4:-1.0;5:17.0;6:5.0;8:8.0;9:5.0;10:17.0;11:11.0;12:2.0;13:0.0;14:5.0;15:5.0;16:4.0;17:10.0
2018,12460,Graham Gano,K,80.0,6.67,3:8.0;5:19.0;6:3.0;7:1.0;8:15.0;9:6.0;10:3.0;11:0.0;12:8.0;13:5.0;14:0.0;15:0.0;16:0.0;17:0.0
2018,-16024,Chargers D/ST,D/ST,105.0,6.56,3:-4.0;4:4.0;5:12.0;6:10.0;7:3.0;9:12.0;10:10.0;11:0.0;12:10.0;13:8.0;14:5.0;15:3.0;16:5.0;17:19.0
2018,13229,Rob Gronkowski,TE,107.7,8.28,3:7.1;4:6.4;5:10.5;6:11.2;7:0.0;8:5.8;9:0.0;10:0.0;12:13.1;13:4.1;14:20.7;15:3.1;16:0.0;17:3.4
2018,-16025,49ers D/ST,D/ST,49.0,3.06,3:-2.0;4:7.0;5:3.0;6:-4.0;7:-2.0;8:9.0;9:14.0;10:3.0;12:-2.0;13:0.0;14:5.0;15:8.0;16:8.0;17:-4.0
2018,-16026,Seahawks D/ST,D/ST,98.0,6.12,3:14.0;4:6.0;5:-1.0;6:17.0;8:10.0;9:1.0;10:-6.0;11:4.0;12:-3.0;13:11.0;14:17.0;15:4.0;16:1.0;17:13.0
2018,11439,Pierre Garcon,WR,46.6,5.83,3:1.6;4:7.2;5:7.2;6:5.7;7:1.0;8:0.0;9:13.1;10:0.0;12:0.0;13:0.0;14:0.0;15:0.0;16:0.0;17:0.0
2018,13232,Jimmy Graham,TE,103.1,6.44,3:7.0;4:9.6;5:10.6;6:12.9;8:2.6;9:13.5;10:1.9;11:1.8;12:4.4;13:9.0;14:2.3;15:4.7;16:4.9;17:3.6
2018,-16028,Redskins D/ST,D/ST,97.0,6.06,3:7.0;5:-2.0;6:7.0;7:15.0;8:14.0;9:-4.0;10:8.0;11:10.0;12:0.0;13:-2.0;14:0.0;15:16.0;16:5.0;17:4.0
2018,-16029,Panthers D/ST,D/ST,76.0,4.75,3:9.0;5:9.0;6:5.0;7:7.0;8:8.0;9:6.0;10:-9.0;11:1.0;12:0.0;13:6.0;14:5.0;15:9.0;16:2.0;17:7.0
2018,-16030,Jaguars D/ST,D/ST,109.0,6.81,3:8.0;4:11.0;5:2.0;6:-1.0;7:3.0;8:7.0;10:0.0;11:8.0;12:0.0;13:14.0;14:1.0;15:12.0;16:19.0;17:8.0
2018,5557,Benjamin Watson,TE,69.5,4.34,3:9.6;4:2.8;5:5.0;7:13.3;8:0.0;9:13.7;10:0.6;11:0.0;12:2.5;13:0.0;14:3.9;15:3.3;16:1.1;17:3.9
2018,-16033,Ravens D/ST,D/ST,131.0,8.19,3:8.0;4:8.0;5:7.0;6:19.0;7:3.0;8:-4.0;9:0.0;11:3.0;12:20.0;13:17.0;14:2.0;15:8.0;16:22.0;17:3.0
2018,-16034,Texans D/ST,D/ST,133.0,8.31,3:3.0;4:8.0;5:9.0;6:21.0;7:15.0;8:3.0;9:5.0;11:17.0;12:8.0;13:14.0;14:1.0;15:5.0;16:0.0;17:14.0
2018,12731,Ryan Succop,K,113.0,7.06,3:8.0;4:9.0;5:16.0;6:0.0;7:6.0;9:3.0;10:10.0;11:5.0;12:5.0;13:8.0;14:6.0;15:4.0;16:8.0;17:5.0
2018,14012,Andy Dalton,QB,174.54,15.87,3:14.08;4:24.78;5:12.92;6:17.16;7:7.92;8:20.2;10:6.92;11:19.34;12:8.1;13:0.0;14:0.0;15:0.0;16:0.0;17:0.0
2018,12483,Matthew Stafford,QB,212.18,13.26,3:17.48;4:20.78;5:15.22;7:17.58;8:17.0;9:6.56;10:15.86;11:13.4;12:5.44;13:10.0;14:4.74;15:12.32;16:4.64;17:18.44
2018,14028,Stevan Ridley,RB,13.3,1.33,3:1.8;4:0.0;5:0.8;6:0.2;8:0.3;9:0.0;10:2.6;11:0.0;12:0.0;13:0.0;14:6.4;15:1.6;16:-1.6;17:0.0
2018,10452,Adrian Peterson,RB,179.0,11.19,3:24.0;5:5.2;6:9.7;7:11.2;8:26.1;9:4.8;10:7.9;11:17.1;12:5.4;13:15.8;14:2.4;15:8.1;16:13.2;17:0.0
2018,10453,Ted Ginn Jr.,WR,44.0,8.8,3:10.7;4:0.1;5:0.0;7:0.0;8:0.0;9:0.0;10:0.0;11:0.0;12:0.0;13:0.0;14:0.0;15:0.0;16:9.9;17:0.0
2018,8664,Ryan Fitzpatrick,QB,165.84,20.73,3:25.14;4:3.04;6:0.0;7:0.0;8:19.56;9:24.02;10:13.74;11:8.08;12:0.0;13:0.0;14:0.0;15:0.0;16:0.0;17:0.0
2018,10456,Marshawn Lynch,RB,71.5,11.92,3:16.1;4:17.2;5:5.1;6:7.4;8:0.0;9:0.0;10:0.0;11:0.0;12:0.0;13:0.0;14:0.0;15:0.0;16:0.0;17:0.0
2018,8416,Alex Smith,QB,138.0,13.8,3:16.8;5:13.7;6:15.82;7:12.72;8:12.42;9:16.44;10:12.72;11:4.7;12:0.0;13:0.0;14:0.0;15:0.0;16:0.0;17:0.0
2018,12514,LeSean McCoy,RB,110.2,7.87,3:0.0;4:5.2;5:11.8;6:10.9;7:0.1;8:12.5;9:4.9;10:24.3;12:5.8;13:8.4;14:0.1;15:0.0;16:3.4;17:11.4
2018,11237,Matt Ryan,QB,354.46,22.15,3:40.16;4:29.26;5:14.4;6:27.5;7:19.26;9:28.0;10:20.5;11:13.74;12:20.68;13:7.64;14:20.48;15:25.04;16:19.46;17:28.82
2018,14053,Randall Cobb,WR,67.3,7.48,3:2.2;4:0.0;5:0.0;6:0.0;8:6.0;9:4.9;10:0.0;11:0.0;12:0.0;13:4.0;14:12.8;15:4.5;16:0.0;17:3.2
2018,14054,Kyle Rudolph,TE,119.4,7.46,3:13.3;4:8.2;5:6.6;6:5.7;7:2.1;8:5.9;9:3.8;11:2.3;12:9.8;13:5.3;14:1.7;15:3.8;16:28.7;17:3.9
2018,9704,Stephen Gostkowski,K,133.0,8.31,3:4.0;4:8.0;5:9.0;6:22.0;7:8.0;8:13.0;9:7.0;10:5.0;12:9.0;13:5.0;14:8.0;15:4.0;16:6.0;17:8.0
2018,9705,Brandon Marshall,WR,25.1,3.59,3:4.0;4:1.0;5:0.0;6:1.6;8:0.0;9:0.0;10:0.0;11:0.0;12:0.0;13:0.0;14:0.0;15:0.0;16:0.0;17:0.0
2018,10475,Greg Olsen,TE,66.6,7.4,3:0.0;5:0.0;6:6.8;7:7.5;8:13.6;9:16.6;10:6.0;11:7.9;12:2.1;13:1.8;14:0.0;15:0.0;16:0.0;17:0.0
2018,4333,Matt Bryant,K,107.0,8.23,3:3.0;4:14.0;5:6.0;6:13.0;7:0.0;9:0.0;10:0.0;11:17.0;12:5.0;13:5.0;14:1.0;15:10.0;16:6.0;17:11.0
2018,13295,Emmanuel Sanders,WR,162.72,13.56,3:15.8;4:8.8;5:11.7;6:21.0;7:24.32;8:7.1;9:7.7;11:8.2;12:18.1;13:3.9;14:0.0;15:0.0;16:0.0;17:0.0
2018,14322,Dan Bailey,K,92.0,6.57,3:0.0;4:12.0;5:11.0;6:10.0;7:13.0;8:2.0;9:6.0;11:6.0;12:4.0;13:3.0;14:0.0;15:11.0;16:9.0;17:5.0
2018,11252,Joe Flacco,QB,137.1,15.23,3:15.28;4:22.22;5:11.22;6:11.92;7:19.56;8:9.08;9:8.24;11:0.0;12:0.0;13:0.0;14:0.0;15:0.0;16:0.0;17:0.0
2018,8439,Aaron Rodgers,QB,312.58,19.54,3:19.9;4:15.02;5:28.68;6:28.4;8:15.94;9:19.16;10:18.06;11:21.58;12:11.92;13:15.32;14:20.24;15:13.46;16:42.88;17:1.04
2018,12537,Jared Cook,TE,159.6,9.98,3:5.6;4:27.0;5:4.0;6:2.0;8:15.4;9:3.0;10:7.2;11:10.6;12:10.2;13:19.5;14:15.1;15:3.3;16:3.0;17:4.3
2018,11270,Jordy Nelson,WR,125.2,8.35,3:26.3;4:15.3;5:12.3;6:1.6;8:1.9;9:2.6;10:0.0;11:0.0;12:-0.2;13:14.7;14:7.8;15:11.8;16:11.0;17:12.3
2018,11283,DeSean Jackson,WR,130.8,10.9,3:5.2;4:13.7;6:10.4;7:10.3;8:14.7;9:4.2;10:9.2;11:5.8;12:4.0;13:0.0;14:0.0;15:0.0;16:3.3;17:0.0
2018,12563,Michael Crabtree,WR,105.7,6.61,3:9.6;4:4.4;5:9.6;6:18.3;7:9.1;8:4.6;9:4.7;11:1.2;12:9.6;13:5.1;14:4.6;15:0.0;16:2.5;17:3.0
2018,13587,Chris Ivory,RB,71.5,5.5,3:14.1;4:1.5;5:4.3;6:1.4;7:12.1;8:5.0;9:7.0;10:0.0;12:1.4;13:0.4;14:4.2;15:0.0;16:0.0;17:9.6
2018,2580,Drew Brees,QB,304.48,20.3,3:40.54;4:8.58;5:27.22;7:16.78;8:6.8;9:31.44;10:28.9;11:30.52;12:20.44;13:7.28;14:13.94;15:5.92;16:16.94;17:0.0
2018,2330,Tom Brady,QB,280.8,17.55,3:7.52;4:18.96;5:27.54;6:21.8;7:21.68;8:13.76;9:15.66;10:11.26;12:19.22;13:14.94;14:26.62;15:13.16;16:5.04;17:26.0
2018,14874,Andrew Luck,QB,327.42,20.46,3:13.86;4:35.66;5:22.6;6:22.74;7:22.74;8:23.36;10:21.2;11:23.88;12:23.12;13:9.52;14:23.56;15:9.68;16:21.58;17:23.1
2018,8479,Frank Gore,RB,96.6,6.9,3:1.2;4:12.7;5:6.3;6:12.4;7:3.8;8:6.3;9:6.4;10:11.2;12:8.2;13:3.6;14:12.1;15:1.4;16:0.0;17:0.0
2018,14880,Kirk Cousins,QB,282.62,17.66,3:10.04;4:31.68;5:14.14;6:17.12;7:17.54;8:20.66;9:6.86;11:16.98;12:27.38;13:8.04;14:10.82;15:15.3;16:22.22;17:9.98
2018,9761,Delanie Walker,TE,7.2,7.2,3:0.0;4:0.0;5:0.0;6:0.0;7:0.0;9:0.0;10:0.0;11:0.0;12:0.0;13:0.0;14:0.0;15:0.0;16:0.0;17:0.0
2018,14881,Russell Wilson,QB,298.92,18.68,3:15.58;4:8.98;5:19.92;6:20.88;8:23.42;9:19.5;10:26.24;11:18.1;12:21.96;13:24.8;14:8.98;15:18.98;16:28.54;17:7.88
2018,14885,Doug Martin,RB,110.9,6.93,3:4.3;4:1.1;5:0.1;6:1.3;8:7.9;9:7.4;10:10.7;11:6.3;12:14.7;13:11.7;14:9.2;15:3.9;16:18.1;17:8.6
2018,14886,Lamar Miller,RB,160.1,11.44,3:11.6;4:4.9;5:0.0;6:8.1;7:16.4;8:19.3;9:5.8;11:12.3;12:23.2;13:12.0;14:13.7;15:0.8;16:0.0;17:12.6
2018,11307,Jamaal Charles,RB,2.4,1.2,5:0.0;6:1.5;7:0.9;8:0.0;10:0.0;11:0.0;12:0.0;13:0.0;14:0.0;15:0.0;16:0.0;17:0.0
2018,14894,Robert Turbin,RB,-0.2,-0.1,3:0.0;4:0.0;5:0.0;6:-0.2;7:0.0;8:0.0;10:0.0;11:0.0;12:0.0;13:0.0;14:0.0;15:0.0;16:0.0;17:0.0
2018,14129,Bilal Powell,RB,54.8,7.83,3:7.3;4:7.2;5:7.9;6:5.9;7:3.0;8:0.0;9:0.0;10:0.0;12:0.0;13:0.0;14:0.0;15:0.0;16:0.0;17:0.0
2018,14901,Dwayne Allen,TE,4.2,0.32,3:0.0;4:0.1;5:0.0;6:0.0;7:0.0;8:0.0;9:2.6;10:1.5;12:0.0;13:0.0;14:0.0;15:0.0;16:0.0;17:0.0
2018,14912,Alshon Jeffery,WR,152.8,11.75,3:0.0;4:20.5;5:4.9;6:23.4;7:18.3;8:5.5;10:6.8;11:5.3;12:5.4;13:4.6;14:14.0;15:20.0;16:9.7;17:14.4
2018,14402,Chris Hogan,WR,88.7,5.54,3:4.6;4:3.0;5:4.9;6:9.8;7:9.3;8:5.9;9:0.0;10:0.0;12:5.7;13:3.0;14:0.0;15:13.8;16:0.0;17:9.4
2018,1097,Adam Vinatieri,K,122.0,7.62,3:10.0;4:10.0;5:7.0;6:10.0;7:5.0;8:10.0;10:2.0;11:8.0;12:9.0;13:0.0;14:8.0;15:13.0;16:4.0;17:11.0
2018,14922,Mohamed Sanu,WR,149.4,9.34,3:13.6;4:14.1;5:15.3;6:11.6;7:3.1;9:6.5;10:5.7;11:7.9;12:9.7;13:5.2;14:8.4;15:5.6;16:19.5;17:16.9
2018,14924,T.Y. Hilton,WR,201.0,14.36,3:7.5;4:13.5;5:0.0;6:0.0;7:16.5;8:3.9;10:9.2;11:32.0;12:16.0;13:11.7;14:24.4;15:11.0;16:17.3;17:7.1
2018,14163,Tyrod Taylor,QB,41.42,10.36,3:2.96;4:0.0;5:0.0;6:0.0;7:0.0;8:0.0;9:0.44;10:0.0;12:0.0;13:0.0;14:0.0;15:0.0;16:0.0;17:0.0
2018,12649,Julian Edelman,WR,170.42,14.2,3:0.0;4:0.0;5:9.2;6:14.1;7:12.1;8:16.2;9:14.38;10:15.14;12:16.4;13:7.5;14:19.1;15:12.5;16:16.0;17:17.8
2018,13934,Antonio Brown,WR,271.7,18.11,3:14.0;4:14.7;5:25.1;6:19.0;8:22.4;9:12.7;10:18.6;11:20.2;12:11.2;13:26.4;14:6.0;15:12.9;16:37.5;17:0.0
2018,11122,Matt Prater,K,125.32,7.83,3:14.0;4:6.0;5:6.0;7:16.0;8:2.0;9:9.0;10:6.0;11:10.0;12:4.0;13:10.0;14:6.0;15:0.0;16:11.0;17:12.32
2018,14198,Dion Lewis,RB,131.2,8.2,3:5.5;4:11.1;5:4.3;6:2.4;7:18.5;9:20.2;10:7.8;11:3.7;12:7.6;13:4.4;14:7.7;15:5.9;16:4.0;17:3.8
2018,9354,Robbie Gould,K,138.0,8.62,3:7.0;4:9.0;5:-1.0;6:15.0;7:6.0;8:7.0;9:10.0;10:13.0;12:3.0;13:5.0;14:9.0;15:15.0;16:9.0;17:6.0
2018,15245,Giorgio Tavecchio,K,29.0,9.67,3:0.0;4:0.0;5:0.0;6:0.0;7:16.0;9:8.0;10:5.0;11:0.0;12:0.0;13:0.0;14:0.0;15:0.0;16:0.0;17:0.0
2018,16781,Paul Richardson,WR,49.1,7.01,3:11.1;5:7.0;6:10.8;7:0.0;8:5.1;9:2.6;10:0.0;11:0.0;12:0.0;13:0.0;14:0.0;15:0.0;16:0.0;17:0.0
2018,16782,Jerick McKinnon,RB,0.0,0.0,3:0.0;4:0.0;5:0.0;6:0.0;7:0.0;8:0.0;9:0.0;10:0.0;12:0.0;13:0.0;14:0.0;15:0.0;16:0.0;17:0.0
2018,2577327,Tyler Lockett,WR,193.9,12.12,3:16.2;4:7.8;5:17.9;6:9.5;8:11.7;9:3.7;10:17.0;11:9.7;12:19.0;13:12.7;14:8.4;15:6.6;16:11.9;17:13.9
2018,16016,Kenny Stills,WR,115.92,7.73,3:13.6;4:5.5;5:2.7;6:6.0;7:7.0;8:0.0;9:2.4;10:3.6;12:1.1;13:11.7;14:23.5;15:2.2;16:1.0;17:8.32
2018,2587819,Tyrell Williams,WR,117.3,7.33,3:4.6;4:6.3;5:8.1;6:25.4;7:19.8;9:9.3;10:6.6;11:3.2;12:0.0;13:1.9;14:2.9;15:10.1;16:1.7;17:3.3
2018,16020,Spencer Ware,RB,69.0,5.31,3:4.0;4:0.6;5:1.8;6:2.4;7:10.4;8:0.0;9:10.1;10:7.8;11:0.0;13:11.7;14:15.4;15:0.0;16:0.0;17:0.0
2018,16790,Jarvis Landry,WR,176.62,11.04,3:16.3;4:11.4;5:9.4;6:2.1;7:20.7;8:7.9;9:8.0;10:3.2;12:4.5;13:13.3;14:22.6;15:5.2;16:9.82;17:18.7
2018,16791,Donte Moncrief,WR,106.8,6.67,3:0.6;4:19.4;5:10.6;6:0.0;7:11.1;8:7.4;10:17.3;11:1.6;12:3.4;13:5.5;14:7.2;15:0.0;16:6.3;17:3.1
2018,17051,Albert Wilson,WR,83.78,11.97,3:20.48;4:4.1;5:6.8;6:30.0;7:5.1;8:0.0;9:0.0;10:0.0;12:0.0;13:0.0;14:0.0;15:0.0;16:0.0;17:0.0
2018,16799,Allen Robinson,WR,125.8,9.68,3:6.5;4:9.3;6:14.9;7:0.9;8:0.0;9:0.0;10:28.3;11:5.4;12:4.7;13:10.4;14:6.7;15:6.9;16:10.4;17:0.0
2018,16800,Davante Adams,WR,274.1,18.27,3:14.7;4:12.1;5:24.5;6:30.2;8:15.8;9:13.0;10:19.7;11:21.6;12:15.4;13:19.3;14:17.6;15:17.9;16:18.6;17:0.0
2018,15009,Alfred Morris,RB,64.1,5.34,3:12.7;4:2.3;5:10.6;6:0.0;7:2.5;8:2.8;9:1.3;10:1.9;12:0.0;13:0.0;14:1.2;15:0.0;16:0.0;17:18.0
2018,16803,Jeremy Hill,RB,3.6,3.6,3:0.0;4:0.0;5:0.0;6:0.0;7:0.0;8:0.0;9:0.0;10:0.0;12:0.0;13:0.0;14:0.0;15:0.0;16:0.0;17:0.0
2018,16804,John Brown,WR,122.9,7.68,3:11.1;4:19.4;5:7.8;6:3.8;7:22.9;8:4.3;9:3.0;11:2.8;12:3.0;13:0.0;14:9.3;15:1.4;16:3.7;17:1.2
2018,16040,C.J. Anderson,RB,64.9,5.9,3:9.8;5:0.9;6:0.0;7:0.0;8:2.0;9:0.1;10:-0.1;11:0.0;12:0.0;13:0.0;14:0.0;15:0.0;16:22.7;17:22.9
2018,15786,Tavon Austin,RB,35.5,5.07,3:9.5;4:0.7;5:4.9;6:2.4;7:0.0;9:0.0;10:0.0;11:0.0;12:0.0;13:0.0;14:0.0;15:0.0;16:0.0;17:1.5
2018,15788,Tyler Eifert,TE,31.4,7.85,3:10.4;4:11.8;5:0.0;6:0.0;7:0.0;8:0.0;10:0.0;11:0.0;12:0.0;13:0.0;14:0.0;15:0.0;16:0.0;17:0.0
2018,2508176,David Johnson,RB,221.6,13.85,3:14.1;4:16.7;5:20.1;6:11.9;7:8.5;8:12.0;10:33.8;11:15.9;12:8.9;13:7.7;14:10.1;15:17.6;16:13.2;17:10.3
2018,15795,DeAndre Hopkins,WR,276.0,17.25,3:11.6;4:27.9;5:17.6;6:14.8;7:12.5;8:23.2;9:21.5;11:12.1;12:9.9;13:12.6;14:11.6;15:34.0;16:14.9;17:20.7
2018,2579604,Phillip Dorsett,WR,65.9,4.12,3:0.0;4:13.5;5:4.0;6:0.0;7:1.3;8:0.0;9:4.5;10:2.8;12:2.0;13:0.0;14:0.0;15:0.0;16:1.3;17:13.5
2018,17082,Cody Parkey,K,115.0,7.19,3:11.0;4:15.0;6:3.0;7:8.0;8:5.0;9:12.0;10:0.0;11:11.0;12:6.0;13:9.0;14:6.0;15:6.0;16:1.0;17:5.0
2018,2576019,Josh Doctson,WR,87.2,5.81,3:0.0;5:0.0;6:3.5;7:5.7;8:7.4;9:10.6;10:12.6;11:4.7;12:9.6;13:6.6;14:10.4;15:0.0;16:4.5;17:4.3
2018,15807,Cordarrelle Patterson,RB,86.0,5.73,3:1.7;4:14.0;5:8.1;6:2.1;7:4.4;8:3.8;9:13.3;10:1.1;12:1.4;13:6.9;14:12.1;15:3.5;16:7.4;17:0.0
2018,15818,Keenan Allen,WR,211.6,13.23,3:3.9;4:9.8;5:13.5;6:12.3;7:9.7;9:18.2;10:14.7;11:19.5;12:16.7;13:29.8;14:16.3;15:0.0;16:8.3;17:8.4
2018,16845,Ryan Grant,WR,56.9,4.06,3:11.0;4:8.9;5:8.8;6:3.4;7:0.0;8:0.0;10:1.1;11:2.5;12:0.8;13:0.0;14:2.0;15:2.6;16:1.0;17:0.9
2018,2574576,C.J. Uzomah,TE,83.4,5.21,3:8.9;4:1.1;5:5.3;6:8.4;7:8.3;8:0.0;10:3.8;11:5.6;12:6.9;13:5.8;14:5.2;15:3.2;16:12.9;17:1.1
2018,2576623,DeVante Parker,WR,48.9,4.45,3:5.0;4:0.0;5:0.0;6:0.0;7:0.0;8:16.4;9:1.3;10:6.8;12:2.5;13:12.3;14:2.3;15:0.0;16:2.3;17:0.0
2018,17359,Damien Williams,RB,87.1,5.44,3:2.6;4:0.0;5:0.0;6:0.1;7:0.0;8:0.0;9:0.0;10:0.0;11:0.0;13:5.5;14:17.0;15:27.3;16:21.5;17:12.4
2018,2577134,Ty Montgomery,RB,58.8,4.52,2:4.5;3:9.5;4:8.4;5:4.3;6:9.2;8:-0.7;9:0.0;11:0.5;12:7.9;13:8.0;14:0.7;15:0.0;16:0.0;17:2.7
2018,15825,Le'Veon Bell,RB,0.0,0.0,3:0.0;4:0.0;5:0.0;6:0.0;8:0.0;9:0.0;10:0.0;11:0.0;12:0.0;13:0.0;14:0.0;15:0.0;16:0.0;17:0.0
2018,15826,Giovani Bernard,RB,78.4,6.53,3:17.1;4:23.6;5:0.0;6:0.0;7:0.0;8:0.0;10:4.6;11:4.5;12:2.7;13:7.6;14:3.0;15:4.2;16:1.0;17:2.5
2018,16339,Brandon McManus,K,101.0,6.31,3:2.0;4:13.0;5:4.0;6:8.0;7:10.0;8:4.0;9:4.0;11:5.0;12:7.0;13:5.0;14:2.0;15:12.0;16:1.0;17:3.0
2018,2577654,DeAndre Washington,RB,10.9,1.09,3:0.0;4:0.0;5:0.0;6:0.0;8:0.4;9:2.7;10:0.0;11:3.9;12:2.2;13:-1.3;14:0.0;15:0.1;16:-0.1;17:3.0
2018,2573300,Jay Ajayi,RB,40.9,10.23,3:0.0;4:9.6;5:1.9;6:0.0;7:0.0;8:0.0;10:0.0;11:0.0;12:0.0;13:0.0;14:0.0;15:0.0;16:0.0;17:0.0
2018,15835,Zach Ertz,TE,222.3,13.89,3:9.8;4:16.2;5:22.0;6:13.8;7:18.3;8:10.6;10:33.5;11:2.5;12:18.6;13:12.8;14:6.3;15:3.7;16:29.0;17:3.0
2018,17372,Chris Boswell,K,86.08,5.74,3:5.0;4:6.0;5:5.0;6:8.0;8:8.0;9:5.0;10:12.0;11:2.0;12:9.08;13:7.0;14:1.0;15:5.0;16:9.0;17:0.0
2018,15839,Marquise Goodwin,WR,75.9,6.9,3:10.3;4:3.8;5:0.0;6:27.1;7:3.4;8:12.0;9:1.8;10:8.9;12:0.0;13:0.0;14:3.0;15:1.2;16:4.4;17:0.0
2018,15072,Marvin Jones Jr.,WR,98.3,10.92,3:14.9;4:7.1;5:7.3;7:4.4;8:27.2;9:9.6;10:7.0;11:0.0;12:0.0;13:0.0;14:0.0;15:0.0;16:0.0;17:0.0
2018,2577417,Dak Prescott,QB,285.9,17.87,3:8.82;4:18.4;5:11.72;6:29.52;7:20.22;9:14.82;10:21.7;11:14.82;12:27.36;13:14.16;14:24.4;15:6.24;16:16.64;17:33.48
2018,15847,Travis Kelce,TE,243.1,15.19,3:15.4;4:17.3;5:12.5;6:8.6;7:12.0;8:16.9;9:25.4;10:7.6;11:23.7;13:32.8;14:17.2;15:9.6;16:7.9;17:8.7
2018,2576389,Jeff Heuerman,TE,55.6,5.05,3:1.7;4:7.7;5:2.8;6:3.8;7:0.0;8:6.9;9:19.3;11:4.0;12:5.4;13:0.0;14:0.0;15:0.0;16:0.0;17:0.0
2018,15853,Vance McDonald,TE,108.0,7.2,3:19.2;4:6.7;5:1.1;6:10.3;8:6.2;9:4.0;10:12.4;11:10.2;12:4.2;13:4.8;14:5.7;15:8.3;16:5.4;17:5.4
2018,17133,Isaiah Crowell,RB,130.2,10.02,3:18.1;4:0.8;5:29.6;6:6.2;7:5.5;8:4.3;9:6.5;10:10.7;12:7.5;13:12.7;14:1.2;15:0.0;16:0.0;17:0.0
2018,16880,TJ Jones,WR,40.5,2.7,3:0.9;4:0.0;5:0.0;7:3.1;8:0.0;9:2.3;10:1.7;11:0.7;12:2.0;13:3.0;14:0.0;15:1.0;16:7.2;17:17.5
2018,15860,Jordan Reed,TE,92.8,7.14,3:8.5;5:2.6;6:6.1;7:5.3;8:7.3;9:5.4;10:7.1;11:16.6;12:10.5;13:4.1;14:0.0;15:0.0;16:0.0;17:0.0
2018,15349,Cole Beasley,WR,117.7,7.36,3:6.1;4:7.3;5:1.3;6:26.6;7:9.1;9:3.1;10:5.7;11:7.6;12:1.0;13:1.9;14:2.8;15:6.2;16:7.5;17:18.4
2018,2574808,Robby Anderson,WR,131.4,9.39,3:1.2;4:2.8;5:25.8;6:5.4;7:5.9;8:0.0;9:5.3;10:0.0;12:3.2;13:6.8;14:15.6;15:19.1;16:24.5;17:3.9
2018,16886,Martavis Bryant,WR,36.4,4.55,3:4.4;4:6.6;5:8.6;6:2.8;8:0.0;9:5.6;10:3.4;11:0.0;12:0.0;13:0.0;14:0.0;15:0.0;16:0.0;17:0.0
2018,15102,Rishard Matthews,WR,4.9,0.61,2:1.8;3:0.8;4:0.0;5:0.0;7:0.0;8:0.0;9:0.0;10:0.0;12:0.0;13:0.0;14:1.1;15:1.2;16:0.0;17:0.0
2018,2515934,Corey Grant,RB,15.2,3.04,3:1.5;4:2.7;5:0.8;6:0.0;7:0.0;8:0.0;10:0.0;11:0.0;12:0.0;13:0.0;14:0.0;15:0.0;16:0.0;17:0.0
2018,16899,Quincy Enunwa,WR,67.9,6.17,3:7.7;4:8.6;5:0.0;6:-0.6;7:0.0;8:0.0;9:5.5;10:3.8;12:9.3;13:1.9;14:3.7;15:0.0;16:0.0;17:0.0
2018,15880,Robert Woods,WR,222.6,13.91,3:28.7;4:18.6;5:17.0;6:15.6;7:10.9;8:9.5;9:10.0;10:12.6;11:15.2;13:16.3;14:9.6;15:12.8;16:25.4;17:3.5
2018,2576868,Maurice Harris,WR,45.4,3.78,3:0.0;5:6.2;6:3.4;7:3.7;8:3.0;9:17.4;10:8.1;11:1.8;12:0.0;13:0.0;14:0.0;15:1.8;16:0.0;17:0.0
2018,2576434,Melvin Gordon,RB,250.5,20.88,3:15.4;4:27.4;5:20.0;6:34.0;7:0.0;9:18.8;10:25.0;11:18.6;12:19.6;13:0.0;14:0.0;15:0.0;16:12.9;17:8.1
2018,2508079,James O'Shaughnessy,TE,33.4,2.39,3:0.0;4:3.8;5:4.2;6:4.4;7:0.0;8:0.0;10:7.1;11:0.9;12:0.0;13:2.9;14:2.7;15:1.2;16:0.0;17:4.0
2018,16913,James White,RB,233.1,14.57,3:12.6;4:27.2;5:18.7;6:11.7;7:25.7;8:20.4;9:25.3;10:5.1;12:8.3;13:15.3;14:3.8;15:6.2;16:12.4;17:14.9
2018,17427,Cairo Santos,K,63.0,7.0,1:0.0;2:0.0;3:0.0;4:0.0;5:9.0;6:10.0;10:0.0;11:5.0;12:10.0;13:6.0;14:0.0;15:6.0;16:8.0;17:9.0
2018,16921,Alfred Blue,RB,87.3,5.46,3:2.2;4:3.1;5:15.9;6:5.3;7:2.8;8:4.2;9:3.9;11:4.6;12:6.7;13:5.4;14:8.1;15:2.5;16:6.0;17:3.4
2018,17177,Allen Hurns,WR,51.5,3.22,3:3.2;4:4.5;5:6.8;6:0.0;7:9.9;9:8.8;10:5.0;11:0.0;12:1.2;13:0.0;14:1.4;15:1.4;16:0.0;17:5.4
2018,2576179,Matt LaCosse,TE,43.0,2.87,3:0.0;4:2.2;5:2.9;6:1.2;7:1.7;8:4.9;9:4.9;11:1.4;12:10.9;13:0.0;14:0.8;15:6.3;16:0.0;17:5.8
2018,17437,Taylor Gabriel,WR,118.4,7.4,3:6.4;4:26.9;6:14.4;7:4.1;8:7.2;9:6.0;10:0.0;11:10.4;12:8.4;13:1.2;14:3.7;15:4.8;16:5.1;17:8.1
2018,17453,Cameron Brate,TE,77.9,4.87,3:10.9;4:10.4;6:8.0;7:1.8;8:1.8;9:3.0;10:1.9;11:2.6;12:10.1;13:5.1;14:14.2;15:1.4;16:1.8;17:4.9
2018,15920,Latavius Murray,RB,120.9,7.56,3:5.6;4:4.8;5:6.6;6:22.3;7:21.3;8:18.0;9:11.2;11:0.5;12:3.3;13:2.4;14:0.4;15:12.8;16:3.8;17:1.8
2018,16944,Devonta Freeman,RB,11.6,5.8,3:0.0;4:0.0;5:5.1;6:0.0;7:0.0;9:0.0;10:0.0;11:0.0;12:0.0;13:0.0;14:0.0;15:0.0;16:0.0;17:0.0
2018,15921,Kenjon Barner,RB,7.9,0.88,4:1.1;5:0.0;6:1.6;7:3.6;8:0.4;9:0.4;10:0.0;11:0.0;12:0.0;13:0.0;14:0.0;15:0.0;16:0.8;17:0.0
2018,2573079,Carson Wentz,QB,193.16,17.56,3:11.2;4:20.72;5:21.04;6:24.52;7:18.7;8:23.14;10:21.1;11:0.84;12:13.24;13:19.84;14:18.82;15:0.0;16:0.0;17:0.0
2018,2576414,Raheem Mostert,RB,35.6,3.96,3:1.3;4:0.0;5:-0.6;6:8.7;7:9.8;8:1.8;9:14.6;10:0.0;12:0.0;13:0.0;14:0.0;15:0.0;16:0.0;17:0.0
2018,15683,Justin Tucker,K,156.0,9.75,3:12.0;4:16.0;5:9.0;6:3.0;7:5.0;8:3.0;9:10.0;11:12.0;12:11.0;13:17.0;14:6.0;15:8.0;16:10.0;17:15.0
2018,15428,Jermaine Kearse,WR,61.6,4.4,3:5.0;4:3.3;5:1.9;6:13.9;7:0.0;8:4.5;9:3.5;10:2.6;12:15.6;13:0.0;14:1.5;15:1.9;16:7.5;17:0.0
2018,16460,Adam Thielen,WR,250.8,15.68,3:17.5;4:23.5;5:21.1;6:23.8;7:21.5;8:19.3;9:10.7;11:12.1;12:22.5;13:11.3;14:10.3;15:2.9;16:10.8;17:5.2
2018,16974,Trey Burton,TE,120.1,7.51,3:7.5;4:15.6;6:10.3;7:23.1;8:3.3;9:9.8;10:8.0;11:1.4;12:2.8;13:0.0;14:3.2;15:11.6;16:5.5;17:5.8
2018,15952,Mike Gillislee,RB,3.7,0.92,3:1.0;4:2.0;5:0.0;7:0.0;8:0.0;9:0.0;10:0.0;11:0.0;12:0.0;13:0.0;14:0.0;15:0.0;16:0.0;17:0.0
2018,2576491,Adam Humphries,WR,150.7,9.42,3:4.9;4:6.6;6:9.7;7:5.7;8:11.1;9:24.9;10:6.3;11:13.5;12:14.4;13:15.6;14:6.2;15:4.3;16:12.9;17:9.1
2018,16724,Blake Bortles,QB,173.22,13.32,3:8.9;4:24.32;5:20.6;6:10.16;7:1.44;8:19.74;10:21.6;11:3.86;12:8.98;13:0.0;14:0.0;15:0.0;16:4.06;17:3.78
2018,2520698,Cameron Meredith,WR,19.9,3.32,3:7.6;4:4.7;5:7.6;7:0.0;8:0.0;9:0.0;10:0.0;11:0.0;12:0.0;13:0.0;14:0.0;15:0.0;16:0.0;17:0.0
2018,16725,Sammy Watkins,WR,95.1,9.51,3:16.0;4:0.0;5:10.8;6:2.7;7:9.4;8:26.7;9:8.9;10:0.0;11:0.9;13:0.0;14:0.0;15:0.0;16:0.0;17:0.0
2018,15705,Josh Gordon,WR,118.2,9.85,3:0.0;4:4.2;5:12.0;6:6.7;7:12.0;8:6.2;9:21.5;10:10.1;12:9.5;13:13.3;14:12.1;15:2.4;16:0.0;17:0.0
2018,16730,Kelvin Benjamin,WR,56.5,3.77,3:4.4;4:3.9;5:1.6;6:5.3;7:9.1;8:5.5;9:6.0;10:0.0;12:3.7;13:3.0;14:0.0;15:2.2;16:0.0;17:1.4
2018,16731,Brandin Cooks,WR,203.2,12.7,3:12.5;4:22.1;5:0.0;6:6.3;7:15.1;8:9.8;9:20.4;10:21.9;11:14.7;13:8.2;14:3.7;15:8.9;16:7.7;17:20.7
2018,16732,Eric Ebron,TE,189.2,11.82,3:5.8;4:12.5;5:27.0;6:15.0;7:4.6;8:11.2;10:26.6;11:0.0;12:19.0;13:10.2;14:14.5;15:1.3;16:4.3;17:14.0
2018,16733,Odell Beckham Jr.,WR,191.84,15.99,3:15.4;4:10.5;5:27.38;6:7.4;7:24.2;8:17.6;10:21.3;11:16.5;12:11.0;13:16.96;14:0.0;15:0.0;16:0.0;17:0.0
2018,15966,Chris Thompson,RB,71.1,7.11,3:2.2;5:9.2;6:0.0;7:0.0;8:3.2;9:0.0;10:0.0;11:0.0;12:0.0;13:3.6;14:5.3;15:1.8;16:3.3;17:4.9
2018,16737,Mike Evans,WR,247.4,15.46,3:22.7;4:8.9;6:7.8;7:14.2;8:26.9;9:2.1;10:6.6;11:27.0;12:14.6;13:6.8;14:10.6;15:14.1;16:18.0;17:25.6
2018,2582139,Sam Ficken,K,11.0,5.5,1:0.0;2:0.0;3:4.0;4:7.0;5:0.0
2018,15971,Rex Burkhead,RB,42.7,5.34,3:3.6;4:0.0;5:0.0;6:0.0;7:0.0;8:0.0;9:0.0;10:0.0;12:0.0;13:5.1;14:1.0;15:5.8;16:7.9;17:9.7
2018,16486,Brett Maher,K,131.0,8.19,3:9.0;4:15.0;5:12.0;6:21.0;7:5.0;9:1.0;10:8.0;11:13.0;12:7.0;13:8.0;14:12.0;15:-1.0;16:11.0;17:3.0
2018,17258,Willie Snead IV,WR,103.4,6.46,3:5.4;4:8.6;5:8.0;6:9.5;7:5.1;8:7.9;9:9.3;11:7.6;12:0.0;13:1.3;14:8.6;15:8.3;16:0.0;17:3.0
2018,2969939,Jameis Winston,QB,195.78,17.8,3:0.0;4:6.5;6:30.7;7:20.1;8:8.84;9:0.0;10:0.0;11:15.56;12:22.88;13:22.76;14:19.22;15:4.28;16:14.84;17:30.1
2018,2576716,Jamison Crowder,WR,68.3,7.59,3:12.5;5:7.5;6:0.0;7:0.0;8:0.0;9:0.0;10:0.0;11:0.0;12:0.0;13:5.1;14:15.7;15:6.6;16:10.3;17:1.2
2018,2473037,Jason Myers,K,148.0,9.25,3:5.0;4:6.0;5:10.0;6:27.0;7:7.0;8:5.0;9:8.0;10:6.0;12:9.0;13:19.0;14:10.0;15:4.0;16:7.0;17:4.0
2018,16757,Derek Carr,QB,216.26,13.52,3:13.6;4:31.58;5:13.22;6:4.78;8:27.76;9:7.34;10:7.92;11:15.68;12:9.76;13:24.2;14:18.78;15:12.12;16:6.38;17:1.4
2018,16504,Jack Doyle,TE,47.5,7.92,3:0.0;4:0.0;5:0.0;6:0.0;7:0.0;8:16.0;10:5.1;11:6.3;12:9.6;13:0.0;14:0.0;15:0.0;16:0.0;17:0.0
2018,16760,Jimmy Garoppolo,QB,48.02,16.01,3:22.34;4:0.0;5:0.0;6:0.0;7:0.0;8:0.0;9:0.0;10:0.0;12:0.0;13:0.0;14:0.0;15:0.0;16:0.0;17:0.0
2018,2576980,Marcus Mariota,QB,175.42,12.53,3:9.1;4:30.36;5:4.16;6:7.18;7:15.28;9:22.8;10:21.82;11:3.1;12:22.92;13:21.58;14:5.78;15:4.62;16:5.1;17:0.0
2018,15994,Theo Riddick,RB,86.0,6.14,3:5.1;4:4.7;5:3.3;7:0.0;8:0.0;9:7.1;10:9.0;11:5.5;12:9.5;13:7.3;14:7.8;15:6.6;16:2.5;17:2.4
2018,2969962,Duke Johnson Jr.,RB,108.5,6.78,3:4.3;4:11.6;5:4.7;6:12.9;7:3.9;8:2.6;9:25.1;10:12.6;12:4.4;13:2.2;14:-0.6;15:7.3;16:9.6;17:2.9
2018,2577253,Javorius Allen,RB,76.1,5.44,3:16.1;4:5.7;5:8.8;6:3.4;7:3.9;8:9.3;9:3.9;11:0.2;12:0.2;13:0.0;14:0.0;15:0.0;16:0.0;17:0.0
2018,2578533,Chris Conley,WR,75.4,4.71,3:8.3;4:3.3;5:3.1;6:2.4;7:1.1;8:0.0;9:2.8;10:2.7;11:22.9;13:10.0;14:2.3;15:2.9;16:4.9;17:0.0
2018,16777,Carlos Hyde,RB,93.4,6.67,3:23.3;4:14.2;5:8.7;6:3.4;7:0.0;8:1.1;10:0.5;11:4.4;12:3.3;13:2.2;14:0.2;15:0.0;16:4.7;17:2.9
2018,2971573,Ka'imi Fairbairn,K,165.0,10.31,3:12.0;4:13.0;5:12.0;6:8.0;7:10.0;8:6.0;9:8.0;11:11.0;12:12.0;13:21.0;14:3.0;15:22.0;16:6.0;17:8.0
2018,3122866,Devontae Booker,RB,68.8,4.3,3:6.9;4:1.9;5:8.4;6:3.9;7:0.4;8:12.1;9:7.4;11:0.9;12:1.1;13:5.2;14:2.1;15:2.7;16:5.7;17:5.9
2018,3116721,Jaylen Samuels,RB,76.5,5.46,3:0.0;4:0.0;5:0.0;6:0.0;8:1.7;9:0.2;10:10.4;11:0.0;12:1.7;13:10.0;14:12.7;15:18.2;16:13.9;17:7.7
2018,3117251,Christian McCaffrey,RB,332.0,20.75,3:20.4;5:17.8;6:10.1;7:11.0;8:19.6;9:30.2;10:34.3;11:14.0;12:41.2;13:26.6;14:25.1;15:22.0;16:23.8;17:4.5
2018,2972091,Jalen Richard,RB,122.6,7.66,3:8.9;4:5.1;5:8.7;6:8.6;8:10.4;9:6.9;10:8.4;11:10.8;12:2.6;13:12.1;14:3.4;15:8.1;16:13.1;17:2.8
2018,2985659,Wil Lutz,K,149.0,9.31,3:15.0;4:16.0;5:8.0;7:6.0;8:16.0;9:11.0;10:17.0;11:12.0;12:7.0;13:4.0;14:8.0;15:7.0;16:7.0;17:2.0
2018,3042494,Elijah McGuire,RB,76.4,9.55,3:0.0;4:0.0;5:0.0;6:0.0;7:0.0;8:0.0;9:8.2;10:7.2;12:3.1;13:2.0;14:15.8;15:12.6;16:22.0;17:5.5
2018,3049916,Matt Breida,RB,149.0,10.64,3:13.2;4:8.6;5:12.6;6:12.1;7:-0.5;8:4.2;9:5.2;10:26.7;12:15.5;13:7.2;14:0.0;15:12.1;16:3.1;17:0.0
2018,3040151,George Kittle,TE,214.7,13.42,3:12.4;4:21.5;5:10.8;6:5.0;7:18.3;8:8.2;9:18.8;10:12.8;12:8.8;13:10.0;14:30.5;15:6.6;16:10.9;17:25.4
2018,3122840,Deshaun Watson,QB,331.7,20.73,3:25.0;4:31.1;5:21.0;6:5.28;7:10.86;8:30.96;9:20.32;11:9.02;12:29.4;13:15.96;14:18.18;15:22.36;16:36.46;17:21.96
2018,3051926,Gus Edwards,RB,88.8,8.07,6:4.2;7:0.0;8:2.4;9:1.0;11:19.5;12:11.8;13:8.2;14:6.7;15:16.4;16:11.0;17:7.6
2018,3139477,Patrick Mahomes,QB,417.08,26.07,3:25.26;4:22.86;5:15.82;6:26.98;7:32.82;8:26.02;9:26.8;10:20.06;11:35.92;13:33.0;14:20.78;15:18.02;16:28.22;17:17.34
2018,2979477,Tevin Coleman,RB,177.6,11.1,3:11.7;4:9.2;5:4.0;6:10.6;7:15.2;9:30.1;10:7.8;11:10.0;12:9.8;13:1.6;14:4.6;15:20.5;16:5.1;17:11.9
2018,3052177,John Ross,WR,74.4,5.72,3:3.1;4:12.2;5:0.0;6:0.0;7:0.0;8:0.0;10:10.9;11:9.7;12:10.6;13:2.5;14:8.1;15:1.4;16:7.5;17:0.6
2018,3128721,Sony Michel,RB,135.6,10.43,3:5.4;4:17.2;5:17.5;6:22.6;7:2.0;8:0.0;9:0.0;10:3.1;12:21.5;13:7.5;14:5.7;15:5.9;16:17.6;17:5.0
2018,3128720,Nick Chubb,RB,184.5,11.53,3:0.6;4:22.5;5:0.2;6:2.5;7:14.0;8:8.5;9:15.5;10:34.4;12:26.3;13:14.7;14:16.3;15:10.0;16:12.5;17:3.0
2018,3045260,Corey Clement,RB,70.1,6.37,3:9.0;4:0.0;5:0.0;6:14.4;7:3.2;8:1.0;10:1.3;11:2.5;12:10.6;13:8.9;14:-0.4;15:0.0;16:0.0;17:0.0
2018,2977187,Cooper Kupp,WR,115.1,14.39,3:14.8;4:32.7;5:18.0;6:1.2;7:0.0;8:0.0;9:17.4;10:6.4;11:0.0;13:0.0;14:0.0;15:0.0;16:0.0;17:0.0
2018,3892889,Dede Westbrook,WR,146.5,9.16,3:4.6;4:16.6;5:7.0;6:11.3;7:3.7;8:11.0;10:6.8;11:2.9;12:16.2;13:3.9;14:18.3;15:11.6;16:8.9;17:0.5
2018,3915416,DJ Moore,WR,129.5,8.09,3:0.8;5:8.7;6:5.7;7:4.4;8:15.4;9:5.3;10:4.5;11:25.2;12:13.8;13:8.5;14:9.2;15:2.4;16:2.9;17:10.1
2018,3916430,Nyheim Hines,RB,129.4,8.09,3:6.8;4:23.8;5:12.5;6:4.5;7:4.7;8:9.5;10:3.7;11:3.9;12:6.0;13:10.0;14:3.2;15:8.4;16:12.3;17:4.4
2018,3050487,Anthony Miller,WR,103.72,6.91,3:5.5;4:0.0;6:9.4;7:4.5;8:11.9;9:8.3;10:20.7;11:9.4;12:5.92;13:6.6;14:0.0;15:0.0;16:10.3;17:0.7
2018,2976499,Amari Cooper,WR,178.0,11.87,3:2.7;4:22.8;5:1.5;6:0.0;7:0.0;9:14.3;10:10.5;11:5.1;12:34.0;13:9.6;14:44.7;15:6.3;16:4.0;17:3.6
2018,3122672,Royce Freeman,RB,94.3,6.74,3:12.3;4:12.7;5:6.2;6:2.2;7:9.7;8:0.0;9:0.0;11:9.5;12:1.7;13:2.8;14:3.6;15:1.3;16:2.1;17:14.3
2018,3050478,Jake Elliott,K,117.0,7.31,3:7.0;4:11.0;5:7.0;6:9.0;7:5.0;8:6.0;10:10.0;11:1.0;12:11.0;13:10.0;14:5.0;15:14.0;16:9.0;17:6.0
2018,3046409,Alex Collins,RB,101.1,10.11,3:14.9;4:9.0;5:7.1;6:17.4;7:6.3;8:11.3;9:10.4;11:7.8;12:0.0;13:0.0;14:0.0;15:0.0;16:0.0;17:0.0
2018,3045127,Wayne Gallman,RB,37.5,2.5,3:2.5;4:1.8;5:0.0;6:5.2;7:0.0;8:-0.1;10:0.3;11:4.5;12:3.3;13:1.9;14:3.8;15:0.0;16:1.2;17:9.5
2018,3043080,O.J. Howard,TE,103.5,10.35,3:10.2;4:0.0;6:14.2;7:9.2;8:14.8;9:19.3;10:2.0;11:10.3;12:0.0;13:0.0;14:0.0;15:0.0;16:0.0;17:0.0
2018,2976516,T.J. Yeldon,RB,145.6,10.4,3:12.0;4:21.5;5:22.2;6:8.5;7:15.3;8:12.5;10:8.8;11:4.2;12:4.3;13:10.0;14:2.2;15:1.6;16:0.0;17:0.0
2018,2979843,Kenyan Drake,RB,179.7,11.23,3:2.0;4:2.1;5:21.0;6:7.8;7:16.7;8:22.5;9:5.5;10:4.8;12:24.1;13:11.4;14:14.4;15:4.9;16:7.4;17:12.0
2018,3043078,Derrick Henry,RB,193.86,12.12,3:5.7;4:4.1;5:5.6;6:3.1;7:13.5;9:10.2;10:17.8;11:4.6;12:3.9;13:11.5;14:47.8;15:29.74;16:15.7;17:11.1
2018,2979590,Jesse James,TE,69.3,4.33,3:1.2;4:2.8;5:3.0;6:5.1;8:1.9;9:6.3;10:7.3;11:0.0;12:5.5;13:1.2;14:3.8;15:1.4;16:0.0;17:0.0
2018,3054850,Alvin Kamara,RB,313.7,20.91,3:26.5;4:38.6;5:5.4;7:14.5;8:23.1;9:31.6;10:24.2;11:17.3;12:10.3;13:11.2;14:13.2;15:19.8;16:24.5;17:0.0
2018,3123969,Ito Smith,RB,84.2,6.01,3:5.0;4:12.3;5:7.5;6:9.1;7:5.5;9:12.9;10:4.6;11:3.2;12:1.7;13:2.7;14:8.9;15:4.9;16:0.0;17:0.0
2018,3919596,Chris Carson,RB,191.4,13.67,3:19.4;4:0.0;5:13.2;6:5.9;8:19.4;9:4.0;10:0.0;11:12.3;12:13.3;13:12.3;14:15.0;15:23.8;16:23.6;17:19.4
2018,3127292,Will Dissly,TE,31.6,7.9,3:0.9;4:1.0;5:0.0;6:0.0;8:0.0;9:0.0;10:0.0;11:0.0;12:0.0;13:0.0;14:0.0;15:0.0;16:0.0;17:0.0
2018,3042778,Corey Davis,WR,151.1,9.44,3:4.4;4:26.6;5:6.9;6:2.9;7:2.5;9:9.0;10:22.0;11:3.9;12:21.5;13:12.9;14:3.1;15:4.8;16:6.1;17:7.3
2018,3051738,Marquez Valdes-Scantling,WR,92.0,5.75,3:0.0;4:4.3;5:16.3;6:11.8;8:11.5;9:11.6;10:7.4;11:1.3;12:0.8;13:5.8;14:2.9;15:1.7;16:10.0;17:5.8
2018,3042519,Aaron Jones,RB,158.4,13.2,3:5.2;4:14.7;5:6.9;6:4.1;8:15.6;9:7.5;10:30.7;11:24.8;12:16.8;13:13.2;14:18.1;15:0.8;16:0.0;17:0.0
2018,2976212,Stefon Diggs,WR,215.3,14.35,3:3.7;4:17.8;5:16.6;6:5.7;7:6.6;8:22.9;9:0.0;11:25.1;12:18.9;13:7.4;14:10.1;15:13.8;16:8.0;17:14.7
2018,3043275,Austin Hooper,TE,127.5,7.97,3:5.8;4:2.4;5:12.2;6:17.6;7:6.3;9:5.6;10:16.6;11:4.7;12:5.6;13:12.9;14:5.7;15:0.0;16:4.6;17:9.2
2018,3059915,Kareem Hunt,RB,217.2,19.75,1:4.9;2:14.5;3:16.4;4:25.0;5:15.9;6:27.0;7:34.6;8:17.1;9:32.6;10:10.6;11:18.6
2018,3918298,Josh Allen,QB,208.06,17.34,3:27.74;4:1.94;5:9.18;6:5.36;7:0.0;8:0.0;9:0.0;10:0.0;12:26.3;13:28.74;14:18.34;15:19.76;16:11.68;17:40.46
2018,2971618,Nelson Agholor,WR,133.4,8.34,3:4.4;4:4.7;5:6.5;6:10.6;7:5.0;8:7.8;10:10.8;11:0.0;12:1.7;13:7.6;14:5.9;15:1.3;16:20.1;17:18.5
2018,3039707,Mitchell Trubisky,QB,263.02,18.79,3:5.6;4:43.46;6:27.34;7:31.42;8:21.9;9:8.0;10:36.0;11:14.9;12:0.0;13:0.0;14:4.7;15:19.0;16:12.14;17:10.12
2018,3120348,JuJu Smith-Schuster,WR,241.4,15.09,3:16.1;4:8.0;5:11.4;6:16.6;8:5.3;9:11.3;10:17.8;11:14.4;12:31.4;13:7.9;14:29.0;15:6.0;16:15.0;17:12.2
2018,3060022,Jordan Howard,RB,170.0,10.62,3:15.1;4:2.5;6:4.9;7:11.3;8:14.1;9:16.7;10:3.7;11:7.0;12:2.0;13:8.5;14:10.8;15:14.0;16:14.0;17:23.9
2018,3116593,Dalvin Cook,RB,132.0,12.0,3:0.0;4:2.0;5:0.0;6:0.0;7:0.0;8:0.0;9:12.9;11:0.5;12:15.1;13:14.6;14:16.8;15:28.8;16:12.3;17:8.0
2018,3066158,Tarik Cohen,RB,198.44,12.4,3:8.3;4:26.9;6:19.6;7:18.3;8:17.5;9:1.8;10:13.4;11:4.5;12:15.4;13:28.64;14:10.9;15:12.0;16:2.4;17:10.2
2018,3052587,Baker Mayfield,QB,240.1,17.15,3:9.84;4:12.8;5:17.98;6:12.32;7:20.9;8:14.1;9:17.88;10:22.64;12:25.92;13:13.88;14:13.72;15:12.12;16:24.96;17:21.04
2018,2977609,Devin Funchess,WR,100.9,7.21,3:14.7;5:7.3;6:15.9;7:15.2;8:4.2;9:6.4;10:4.7;11:4.9;12:0.0;13:7.5;14:0.0;15:0.0;16:3.3;17:0.0
2018,2976316,Michael Thomas,WR,253.0,15.81,3:17.9;4:6.7;5:9.4;7:16.4;8:10.6;9:33.1;10:23.0;11:17.2;12:5.8;13:6.5;14:15.3;15:8.4;16:22.4;17:5.4
2018,3895856,Christian Kirk,WR,102.0,8.5,3:12.5;4:5.5;5:16.5;6:10.7;7:7.2;8:11.7;10:1.8;11:15.2;12:6.1;13:9.2;14:0.0;15:0.0;16:0.0;17:0.0
2018,3915823,Keke Coutee,WR,48.7,8.12,3:0.0;4:16.2;5:14.3;6:4.8;7:0.8;8:0.0;9:0.0;11:10.2;12:2.4;13:0.0;14:0.0;15:0.0;16:0.0;17:0.0
2018,3025433,Mike Davis,RB,119.8,7.99,3:1.2;4:26.4;5:14.5;6:3.1;8:4.0;9:14.2;10:16.0;11:6.0;12:1.4;13:1.0;14:3.2;15:12.4;16:3.1;17:12.6
2018,3045144,Tyler Boyd,WR,183.1,13.08,3:22.7;4:15.5;5:6.4;6:21.7;7:4.2;8:24.1;10:8.0;11:9.1;12:18.0;13:12.7;14:6.7;15:11.8;16:0.0;17:0.0
2018,3059989,Nick Mullens,QB,123.48,15.43,4:0.0;5:0.0;6:0.0;7:0.0;8:0.0;9:22.18;10:10.1;12:8.74;13:22.66;14:18.28;15:14.8;16:7.64;17:19.08
2018,3139605,Marlon Mack,RB,169.6,14.13,3:0.0;4:0.0;5:0.0;6:9.8;7:30.9;8:27.9;10:6.8;11:13.4;12:10.6;13:3.8;14:9.3;15:25.4;16:10.3;17:17.3
2018,3045138,Mike Williams,WR,158.7,9.92,3:22.1;4:2.0;5:6.3;6:1.9;7:12.3;9:9.5;10:0.0;11:6.6;12:16.5;13:6.7;14:6.0;15:33.0;16:1.6;17:13.9
2018,3122449,James Washington,WR,35.7,2.55,3:3.5;4:2.0;5:0.0;6:0.0;8:0.0;9:2.7;10:0.0;11:1.6;12:0.0;13:0.0;14:2.1;15:8.0;16:0.0;17:7.9
2018,3115306,Josh Reynolds,WR,85.5,5.34,3:0.0;4:0.0;5:5.9;6:0.3;7:2.4;8:17.5;9:0.0;10:0.0;11:17.0;13:2.9;14:5.1;15:9.5;16:5.4;17:19.5
2018,2983209,Chester Rogers,WR,90.6,5.66,3:2.4;4:14.5;5:10.6;6:13.5;7:6.0;8:2.0;10:-0.4;11:1.9;12:6.4;13:0.0;14:6.1;15:1.5;16:14.9;17:4.7
2018,3122976,Jeff Wilson Jr.,RB,38.4,6.4,12:4.6;13:15.4;14:10.1;15:2.6;16:4.8;17:0.9
2018,3051806,Ricky Seals-Jones,TE,57.3,3.82,3:10.0;4:6.2;5:0.0;6:9.4;7:2.2;8:2.2;10:7.6;11:1.0;12:1.0;13:1.5;14:4.6;15:3.7;16:0.8;17:0.0
2018,3045147,James Conner,RB,252.5,19.42,3:12.0;4:7.9;5:32.5;6:26.9;8:35.7;9:25.8;10:13.8;11:7.9;12:9.5;13:20.9;14:0.0;15:0.0;16:0.0;17:10.9
2018,3055899,Harrison Butker,K,144.0,9.0,3:8.0;4:9.0;5:13.0;6:18.0;7:8.0;8:6.0;9:7.0;10:10.0;11:9.0;13:12.0;14:7.0;15:4.0;16:13.0;17:5.0
2018,3116406,Tyreek Hill,WR,290.5,18.16,3:6.6;4:10.1;5:10.7;6:35.7;7:17.1;8:8.5;9:10.5;10:29.2;11:38.5;13:5.5;14:18.5;15:6.1;16:11.1;17:26.1
2018,3051891,Jordan Wilkins,RB,52.1,3.26,3:3.0;4:1.6;5:3.8;6:0.0;7:5.9;8:1.4;10:5.3;11:9.0;12:2.7;13:0.5;14:0.0;15:1.1;16:0.0;17:2.8
2018,3916925,Kerryon Johnson,RB,123.4,12.34,3:12.0;4:12.1;5:9.5;7:18.9;8:12.1;9:5.9;10:21.9;11:16.7;12:0.0;13:0.0;14:0.0;15:0.0;16:0.0;17:0.0
2018,2977644,Todd Gurley II,RB,342.6,24.47,3:22.1;4:23.6;5:31.3;6:35.5;7:28.6;8:30.5;9:16.9;10:23.5;11:10.9;13:30.0;14:7.3;15:29.4;16:0.0;17:0.0
2018,3128429,Courtland Sutton,WR,115.3,7.21,3:4.7;4:6.6;5:8.8;6:7.3;7:9.3;8:9.3;9:7.2;11:9.3;12:1.9;13:16.5;14:2.3;15:6.7;16:15.5;17:3.0
2018,3068267,Austin Ekeler,RB,149.3,10.66,3:6.6;4:12.6;5:12.4;6:6.0;7:9.3;9:3.9;10:1.9;11:7.9;12:21.3;13:6.8;14:16.4;15:0.0;16:0.0;17:11.8
2018,3123052,Mike Badgley,K,78.0,7.8,5:0.0;6:9.0;7:8.0;9:0.0;10:9.0;11:12.0;12:9.0;13:4.0;14:17.0;15:3.0;16:4.0;17:3.0
2018,3115913,Geronimo Allison,WR,52.3,10.46,3:14.6;4:11.0;5:0.0;6:0.0;8:1.9;9:0.0;10:0.0;11:0.0;12:0.0;13:0.0;14:0.0;15:0.0;16:0.0;17:0.0
2018,3915381,John Kelly,RB,11.1,2.78,3:0.0;4:0.0;5:0.0;6:0.0;7:0.0;8:0.0;9:0.0;10:0.0;11:0.0;13:0.0;14:0.0;15:0.4;16:5.4;17:5.3
2018,2974858,Kenny Golladay,WR,172.1,11.47,3:14.3;4:9.4;5:17.8;7:4.7;8:1.7;9:6.9;10:16.8;11:21.3;12:11.5;13:6.5;14:1.5;15:18.1;16:8.8;17:0.0
2018,3116165,Chris Godwin,WR,155.7,9.73,3:13.9;4:3.2;6:14.6;7:8.4;8:6.2;9:5.0;10:13.8;11:6.5;12:6.2;13:18.6;14:1.8;15:0.0;16:5.4;17:26.4
2018,3116164,Mike Gesicki,TE,29.2,1.83,3:4.6;4:1.4;5:4.1;6:1.6;7:5.9;8:3.4;9:0.0;10:1.0;12:-1.0;13:0.0;14:0.0;15:3.3;16:1.0;17:2.3
2018,3123076,David Njoku,TE,115.9,7.24,3:4.6;4:7.7;5:9.9;6:15.0;7:13.2;8:0.0;9:7.3;10:2.3;12:14.8;13:2.3;14:5.0;15:4.5;16:14.8;17:7.7
2018,3128451,Tre'Quan Smith,WR,86.7,5.78,3:0.0;4:0.0;5:24.6;7:5.9;8:3.3;9:9.3;10:0.0;11:26.7;12:0.0;13:0.0;14:0.0;15:2.5;16:1.6;17:10.5
2018,3925357,Calvin Ridley,WR,174.8,10.93,3:37.0;4:19.5;5:5.8;6:6.2;7:6.8;9:16.7;10:5.5;11:5.2;12:17.3;13:3.7;14:1.5;15:6.7;16:16.5;17:11.7
2018,3051392,Ezekiel Elliott,RB,290.6,19.37,3:13.3;4:32.0;5:11.9;6:18.2;7:5.2;9:13.2;10:33.7;11:29.6;12:22.8;13:22.5;14:25.2;15:16.3;16:13.4;17:0.0
2018,3042429,Wendell Smallwood,RB,103.4,6.46,3:16.6;4:6.9;5:16.6;6:5.6;7:4.7;8:13.6;10:4.9;11:-0.4;12:0.0;13:0.0;14:0.3;15:18.7;16:4.7;17:9.7
2018,3051902,Peyton Barber,RB,140.3,8.77,3:3.3;4:3.5;6:18.6;7:3.0;8:14.5;9:5.0;10:7.1;11:18.0;12:13.3;13:8.5;14:4.9;15:15.9;16:7.1;17:7.3
2018,3046779,Jared Goff,QB,310.32,19.39,3:25.56;4:39.3;5:14.34;6:7.44;7:16.48;8:26.5;9:29.34;10:21.02;11:35.12;13:8.08;14:-0.3;15:10.66;16:17.24;17:23.96
2018,3125116,D'Onta Foreman,RB,9.7,9.7,3:0.0;4:0.0;5:0.0;6:0.0;7:0.0;8:0.0;9:0.0;11:0.0;12:0.0;13:0.0;14:0.0;15:0.0;16:9.7;17:0.0
2018,3912550,Ronald Jones,RB,17.2,1.91,3:0.0;4:3.3;6:3.4;7:9.3;8:0.6;9:0.0;10:0.0;11:0.0;12:0.0;13:0.2;14:0.0;15:0.4;16:0.0;17:0.0
2018,3916387,Lamar Jackson,QB,157.54,9.85,3:0.0;4:1.7;5:1.0;6:2.2;7:7.1;8:8.44;9:1.48;11:15.9;12:20.22;13:16.5;14:18.58;15:16.74;16:16.06;17:26.16
2018,3052117,Phillip Lindsay,RB,205.3,13.69,3:2.0;4:14.9;5:9.6;6:9.6;7:16.1;8:18.7;9:9.4;11:24.6;12:17.0;13:28.4;14:13.1;15:6.4;16:6.7;17:0.0
2018,3139925,Rashaad Penny,RB,65.9,4.71,3:0.5;4:4.9;5:0.0;6:8.0;8:0.0;9:3.9;10:16.8;11:4.6;12:0.4;13:12.5;14:4.4;15:0.0;16:0.0;17:0.6
2018,3071572,Keelan Cole,WR,70.1,4.38,3:6.5;4:2.5;5:9.0;6:4.1;7:3.1;8:0.8;10:0.0;11:0.0;12:0.0;13:2.6;14:7.0;15:0.0;16:0.0;17:6.5
2018,2976592,Sterling Shepard,WR,149.5,9.34,3:17.0;4:20.7;5:9.5;6:5.2;7:19.2;8:5.4;10:10.6;11:3.2;12:5.7;13:4.8;14:8.7;15:4.7;16:14.0;17:9.6
2018,3052876,Will Fuller V,WR,90.3,12.9,3:18.6;4:12.9;5:2.5;6:4.3;7:9.8;8:20.9;9:0.0;11:0.0;12:0.0;13:0.0;14:0.0;15:0.0;16:0.0;17:0.0
2018,3123050,Chris Herndon,TE,93.7,5.86,3:0.9;4:2.3;5:0.0;6:12.6;7:12.2;8:8.1;9:8.2;10:4.9;12:9.2;13:4.1;14:1.9;15:6.8;16:17.2;17:1.3
2018,3915097,Antonio Callaway,WR,110.8,6.93,3:4.0;4:6.9;5:3.7;6:3.9;7:1.9;8:12.1;9:6.6;10:4.9;12:14.2;13:7.9;14:0.5;15:12.0;16:0.0;17:15.9
2018,3115364,Leonard Fournette,RB,109.4,13.68,3:0.0;4:4.0;5:0.0;6:0.0;7:0.0;8:0.0;10:25.4;11:21.1;12:24.3;13:0.0;14:5.1;15:7.9;16:14.6;17:0.0
2018,2980453,Jamaal Williams,RB,100.9,6.31,3:5.5;4:2.7;5:8.2;6:4.4;8:6.9;9:6.4;10:0.3;11:0.5;12:0.5;13:4.7;14:1.7;15:17.7;16:24.6;17:3.5
2018,3051876,Evan Engram,TE,103.8,9.44,3:2.4;4:0.0;5:0.0;6:0.0;7:3.6;8:11.0;10:6.6;11:7.6;12:0.0;13:0.0;14:9.2;15:11.5;16:14.3;17:18.6
2018,3116385,Joe Mixon,RB,221.9,15.85,3:0.0;4:0.0;5:19.0;6:16.4;7:6.6;8:27.3;10:9.5;11:12.7;12:19.0;13:10.5;14:22.3;15:26.0;16:8.8;17:11.2
2018,3119195,Chase Edmonds,RB,53.1,3.32,3:1.0;4:0.1;5:-0.1;6:0.4;7:3.6;8:2.6;10:0.7;11:1.7;12:0.0;13:19.6;14:1.4;15:5.4;16:2.6;17:2.8
2018,4261020,Trenton Cannon,RB,40.2,2.51,3:0.0;4:0.0;5:0.0;6:0.0;7:9.3;8:3.7;9:2.0;10:4.0;12:0.2;13:3.0;14:7.2;15:5.2;16:1.4;17:1.6
2018,4212909,David Moore,WR,88.0,5.5,3:0.0;4:4.9;5:17.3;6:12.2;8:17.7;9:2.6;10:2.1;11:7.7;12:18.3;13:0.0;14:0.0;15:1.4;16:1.2;17:2.6
2018,3932420,Josh Adams,RB,78.4,5.6,3:3.0;4:0.0;5:-0.1;6:0.0;7:1.7;8:7.2;10:4.7;11:14.7;12:16.4;13:8.5;14:3.6;15:8.8;16:0.1;17:9.8
2018,3929630,Saquon Barkley,RB,340.3,21.27,3:20.2;4:19.0;5:26.9;6:33.4;7:21.9;8:15.6;10:12.0;11:34.2;12:29.7;13:16.1;14:27.7;15:7.6;16:16.2;17:22.2
2018,4036348,Michael Gallup,WR,81.2,5.08,3:2.2;4:5.5;5:1.1;6:3.2;7:15.6;9:6.6;10:4.4;11:1.5;12:2.9;13:10.1;14:4.4;15:0.0;16:12.8;17:8.5
2019,10636,Mason Crosby,K,113.0,7.06,2:3.0;3:10.0;4:9.0;5:10.0;6:12.0;7:6.0;8:7.0;9:5.0;10:7.0;12:0.0;13:8.0;14:8.0;15:3.0;16:10.0;17:11.0
2019,16016,Kenny Stills,WR,100.1,7.7,2:4.8;3:10.9;4:3.4;5:0.0;6:0.0;7:12.5;8:3.7;9:7.2;11:4.7;12:1.1;13:13.6;14:1.8;15:17.0;16:8.2;17:0.0
2019,14993,Greg Zuerlein,K,120.0,7.5,2:9.0;3:9.0;4:13.0;5:11.0;6:1.0;7:14.0;8:6.0;10:3.0;11:5.0;12:7.0;13:9.0;14:3.0;15:1.0;16:8.0;17:7.0
2019,5526,Eli Manning,QB,54.38,13.59,2:10.2;3:0.0;4:0.0;5:0.0;6:0.0;7:0.0;8:0.0;9:0.0;10:0.0;12:0.0;13:0.0;14:16.02;15:13.32;16:0.0;17:0.0
2019,-16002,Bills D/ST,D/ST,131.0,8.19,2:5.0;3:11.0;4:5.0;5:12.0;7:10.0;8:3.0;9:9.0;10:3.0;11:9.0;12:13.0;13:8.0;14:5.0;15:19.0;16:-1.0;17:9.0
2019,-16003,Bears D/ST,D/ST,95.0,5.94,2:4.0;3:20.0;4:16.0;5:3.0;7:1.0;8:6.0;9:3.0;10:6.0;11:7.0;12:6.0;13:3.0;14:-1.0;15:3.0;16:0.0;17:8.0
2019,5528,Larry Fitzgerald,WR,139.9,8.74,2:12.9;3:12.1;4:7.2;5:8.8;6:9.9;7:1.7;8:1.8;9:5.8;10:11.1;11:10.2;13:8.6;14:3.5;15:5.7;16:12.8;17:6.5
2019,5529,Philip Rivers,QB,235.5,14.72,2:10.92;3:19.62;4:20.4;5:4.14;6:14.8;7:21.16;8:10.04;9:11.76;10:10.28;11:12.12;13:16.6;14:24.56;15:8.28;16:11.16;17:15.74
2019,-16005,Browns D/ST,D/ST,69.0,4.31,2:12.0;3:8.0;4:9.0;5:0.0;6:-1.0;8:5.0;9:5.0;10:2.0;11:17.0;12:10.0;13:3.0;14:5.0;15:-4.0;16:-4.0;17:1.0
2019,11674,Danny Amendola,WR,109.56,7.3,2:0.0;3:5.7;4:0.0;6:1.1;7:14.5;8:13.5;9:4.4;10:4.9;11:6.7;12:3.6;13:4.7;14:5.9;15:14.2;16:3.1;17:7.36
2019,-16006,Cowboys D/ST,D/ST,96.0,6.0,2:3.0;3:11.0;4:12.0;5:1.0;6:3.0;7:16.0;9:19.0;10:-1.0;11:3.0;12:7.0;13:3.0;14:4.0;15:6.0;16:-1.0;17:9.0
2019,-16007,Broncos D/ST,D/ST,81.0,5.06,2:3.0;3:0.0;4:0.0;5:11.0;6:20.0;7:3.0;8:7.0;9:1.0;11:9.0;12:0.0;13:6.0;14:12.0;15:2.0;16:8.0;17:0.0
2019,-16008,Lions D/ST,D/ST,39.0,2.44,2:5.0;3:12.0;4:2.0;6:4.0;7:-9.0;8:10.0;9:-5.0;10:7.0;11:-6.0;12:9.0;13:0.0;14:0.0;15:-2.0;16:6.0;17:0.0
2019,13981,Mark Ingram II,RB,229.5,15.3,2:8.7;3:33.5;4:7.6;5:11.9;6:14.4;7:5.8;9:13.4;10:9.4;11:22.0;12:24.3;13:7.2;14:9.4;15:23.1;16:16.1;17:0.0
2019,-16009,Packers D/ST,D/ST,89.0,5.56,2:9.0;3:13.0;4:-1.0;5:2.0;6:5.0;7:-3.0;8:4.0;9:-1.0;10:5.0;12:0.0;13:9.0;14:9.0;15:9.0;16:13.0;17:3.0
2019,13982,Julio Jones,WR,224.6,14.97,2:25.1;3:22.8;4:7.3;5:5.7;6:14.8;7:12.3;8:20.2;10:9.4;11:11.7;12:9.3;13:0.0;14:9.1;15:31.9;16:21.6;17:11.3
2019,-16010,Titans D/ST,D/ST,117.0,7.31,2:9.0;3:2.0;4:7.0;5:7.0;6:6.0;7:2.0;8:10.0;9:5.0;10:5.0;12:4.0;13:19.0;14:9.0;15:4.0;16:-1.0;17:7.0
2019,13983,A.J. Green,WR,0.0,0.0,2:0.0;3:0.0;4:0.0;5:0.0;6:0.0;7:0.0;8:0.0;10:0.0;11:0.0;12:0.0;13:0.0;14:0.0;15:0.0;16:0.0;17:0.0
2019,-16011,Colts D/ST,D/ST,114.0,7.12,2:7.0;3:1.0;4:2.0;5:9.0;7:8.0;8:8.0;9:9.0;10:10.0;11:9.0;12:2.0;13:11.0;14:6.0;15:-4.0;16:29.0;17:3.0
2019,5536,Ben Roethlisberger,QB,12.74,6.37,2:3.0;3:0.0;4:0.0;5:0.0;6:0.0;8:0.0;9:0.0;10:0.0;11:0.0;12:0.0;13:0.0;14:0.0;15:0.0;16:0.0;17:0.0
2019,-16012,Chiefs D/ST,D/ST,122.0,7.62,2:10.0;3:-3.0;4:10.0;5:2.0;6:0.0;7:23.0;8:3.0;9:1.0;10:4.0;11:8.0;13:21.0;14:10.0;15:10.0;16:9.0;17:12.0
2019,13217,Golden Tate,WR,127.7,11.61,2:0.0;3:0.0;4:0.0;5:2.8;6:19.2;7:11.0;8:12.5;9:8.8;10:21.5;12:10.8;13:0.0;14:1.6;15:11.6;16:12.6;17:15.3
2019,-16013,Raiders D/ST,D/ST,55.0,3.44,2:-2.0;3:-2.0;4:10.0;5:10.0;7:-7.0;8:2.0;9:1.0;10:17.0;11:14.0;12:-1.0;13:2.0;14:-8.0;15:4.0;16:4.0;17:7.0
2019,-16014,Rams D/ST,D/ST,127.0,7.94,2:9.0;3:10.0;4:0.0;5:-1.0;6:6.0;7:22.0;8:5.0;10:20.0;11:10.0;12:-5.0;13:20.0;14:11.0;15:-8.0;16:9.0;17:10.0
2019,-16015,Dolphins D/ST,D/ST,22.0,1.38,2:2.0;3:-3.0;4:-1.0;6:1.0;7:1.0;8:3.0;9:8.0;10:10.0;11:0.0;12:-5.0;13:2.0;14:2.0;15:3.0;16:0.0;17:10.0
2019,-16016,Vikings D/ST,D/ST,132.0,8.25,2:6.0;3:7.0;4:4.0;5:13.0;6:5.0;7:0.0;8:13.0;9:6.0;10:0.0;11:3.0;13:6.0;14:14.0;15:26.0;16:8.0;17:6.0
2019,-16017,Patriots D/ST,D/ST,225.0,14.06,2:35.0;3:14.0;4:23.0;5:15.0;6:28.0;7:23.0;8:20.0;9:3.0;11:12.0;12:7.0;13:4.0;14:7.0;15:19.0;16:7.0;17:1.0
2019,-16018,Saints D/ST,D/ST,128.0,8.0,2:4.0;3:8.0;4:12.0;5:8.0;6:10.0;7:12.0;8:9.0;10:3.0;11:17.0;12:4.0;13:15.0;14:-6.0;15:6.0;16:5.0;17:17.0
2019,-16019,Giants D/ST,D/ST,57.0,3.56,2:1.0;3:2.0;4:24.0;5:0.0;6:7.0;7:12.0;8:7.0;9:0.0;10:3.0;12:6.0;13:-1.0;14:2.0;15:6.0;16:-1.0;17:-3.0
2019,16040,C.J. Anderson,RB,4.3,2.15,2:0.8;3:0.0;4:0.0;6:0.0;7:0.0;8:0.0;9:0.0;10:0.0;11:0.0;12:0.0;13:0.0;14:0.0;15:0.0;16:0.0;17:0.0
2019,-16020,Jets D/ST,D/ST,129.0,8.06,2:4.0;3:15.0;5:5.0;6:0.0;7:1.0;8:2.0;9:6.0;10:18.0;11:11.0;12:17.0;13:3.0;14:3.0;15:3.0;16:13.0;17:11.0
2019,-16021,Eagles D/ST,D/ST,107.0,6.69,2:6.0;3:4.0;4:0.0;5:35.0;6:-1.0;7:-1.0;8:13.0;9:9.0;11:4.0;12:11.0;13:-1.0;14:5.0;15:8.0;16:7.0;17:8.0
2019,13994,Cam Newton,QB,16.68,8.34,2:11.32;3:0.0;4:0.0;5:0.0;6:0.0;8:0.0;9:0.0;10:0.0;11:0.0;12:0.0;13:0.0;14:0.0;15:0.0;16:0.0;17:0.0
2019,-16023,Steelers D/ST,D/ST,181.0,11.31,2:4.0;3:8.0;4:19.0;5:13.0;6:14.0;8:15.0;9:19.0;10:22.0;11:3.0;12:13.0;13:14.0;14:20.0;15:8.0;16:7.0;17:7.0
2019,-16024,Chargers D/ST,D/ST,80.0,5.0,2:7.0;3:3.0;4:12.0;5:12.0;6:4.0;7:1.0;8:8.0;9:9.0;10:5.0;11:3.0;13:4.0;14:7.0;15:1.0;16:2.0;17:1.0
2019,13229,Rob Gronkowski,TE,0.0,0.0,1:0.0;2:0.0
2019,-16025,49ers D/ST,D/ST,164.0,10.25,2:7.0;3:8.0;5:19.0;6:12.0;7:13.0;8:18.0;9:2.0;10:19.0;11:16.0;12:13.0;13:5.0;14:-8.0;15:5.0;16:6.0;17:1.0
2019,-16026,Seahawks D/ST,D/ST,89.0,5.56,2:5.0;3:4.0;4:15.0;5:-2.0;6:6.0;7:1.0;8:2.0;9:0.0;10:17.0;12:16.0;13:5.0;14:6.0;15:4.0;16:1.0;17:1.0
2019,4527,Jason Witten,TE,108.4,6.78,2:10.5;3:6.9;4:5.0;5:4.4;6:8.2;7:5.3;9:9.8;10:2.7;11:5.8;12:1.0;13:15.2;14:6.2;15:11.6;16:2.4;17:4.4
2019,-16027,Buccaneers D/ST,D/ST,126.0,7.88,2:7.0;3:7.0;4:9.0;5:-4.0;6:3.0;8:7.0;9:-3.0;10:3.0;11:0.0;12:16.0;13:24.0;14:2.0;15:17.0;16:12.0;17:13.0
2019,13232,Jimmy Graham,TE,81.7,5.11,2:0.0;3:0.0;4:15.1;5:5.6;6:2.7;7:14.5;8:3.5;9:3.7;10:6.9;12:1.2;13:2.1;14:6.4;15:0.5;16:2.1;17:6.9
2019,-16028,Washington D/ST,D/ST,65.0,4.06,2:-3.0;3:7.0;4:7.0;5:2.0;6:12.0;7:9.0;8:2.0;9:4.0;11:2.0;12:20.0;13:13.0;14:6.0;15:0.0;16:-7.0;17:-6.0
2019,-16029,Panthers D/ST,D/ST,72.0,4.5,2:7.0;3:14.0;4:15.0;5:8.0;6:18.0;8:1.0;9:7.0;10:1.0;11:2.0;12:0.0;13:5.0;14:-7.0;15:0.0;16:0.0;17:-3.0
2019,-16030,Jaguars D/ST,D/ST,79.0,4.94,2:9.0;3:14.0;4:1.0;5:1.0;6:6.0;7:19.0;8:17.0;9:2.0;11:5.0;12:-3.0;13:6.0;14:-8.0;15:4.0;16:-1.0;17:15.0
2019,15795,DeAndre Hopkins,WR,216.54,14.44,2:6.5;3:9.7;4:4.6;5:12.3;6:12.0;7:21.1;8:16.4;9:15.4;11:11.5;12:24.4;13:13.14;14:22.7;15:14.9;16:4.8;17:0.0
2019,-16033,Ravens D/ST,D/ST,152.0,9.5,2:4.0;3:-6.0;4:-6.0;5:7.0;6:7.0;7:18.0;9:12.0;10:23.0;11:16.0;12:12.0;13:7.0;14:11.0;15:7.0;16:6.0;17:20.0
2019,-16034,Texans D/ST,D/ST,65.0,4.06,2:11.0;3:6.0;4:12.0;5:8.0;6:5.0;7:1.0;8:-1.0;9:15.0;11:-8.0;12:4.0;13:2.0;14:1.0;15:3.0;16:18.0;17:-8.0
2019,12483,Matthew Stafford,QB,166.56,20.82,2:15.1;3:12.14;4:23.44;6:11.5;7:28.56;8:23.38;9:24.84;10:0.0;11:0.0;12:0.0;13:0.0;14:0.0;15:0.0;16:0.0;17:0.0
2019,15818,Keenan Allen,WR,209.5,13.09,2:13.8;3:37.1;4:7.3;5:3.8;6:4.3;7:8.1;8:8.8;9:5.5;10:12.6;11:17.1;13:15.8;14:10.8;15:14.4;16:9.1;17:18.7
2019,15825,Le'Veon Bell,RB,182.0,12.13,2:15.9;3:8.3;5:12.3;6:11.8;7:8.1;8:5.0;9:16.1;10:14.8;11:16.2;12:13.3;13:8.7;14:0.0;15:9.8;16:11.3;17:10.2
2019,15826,Giovani Bernard,RB,53.4,3.34,2:1.8;3:2.2;4:3.9;5:4.1;6:3.4;7:1.4;8:5.5;10:-0.7;11:5.1;12:4.5;13:1.7;14:5.6;15:4.7;16:2.5;17:0.4
2019,16339,Brandon McManus,K,125.0,7.81,2:7.0;3:4.0;4:6.0;5:9.0;6:13.0;7:-1.0;8:7.0;9:7.0;11:12.0;12:4.0;13:15.0;14:8.0;15:3.0;16:9.0;17:13.0
2019,10452,Adrian Peterson,RB,138.5,9.23,2:10.2;3:3.9;4:2.8;5:1.8;6:14.6;7:6.1;8:11.3;9:13.5;11:4.0;12:5.4;13:15.9;14:13.6;15:16.6;16:12.5;17:6.3
2019,15835,Zach Ertz,TE,171.6,11.44,2:13.2;3:8.4;4:10.0;5:14.2;6:5.4;7:4.8;8:3.0;9:20.8;11:13.9;12:21.1;13:3.9;14:25.6;15:14.6;16:4.8;17:0.0
2019,15072,Marvin Jones Jr.,WR,162.9,12.53,2:6.8;3:19.1;4:9.2;6:2.7;7:38.3;8:4.2;9:22.6;10:10.2;11:17.9;12:7.1;13:11.5;14:5.3;15:0.0;16:0.0;17:0.0
2019,12514,LeSean McCoy,RB,104.6,8.05,2:3.8;3:21.5;4:15.9;5:1.3;6:5.4;7:8.6;8:6.3;9:1.4;10:0.0;11:13.7;13:10.5;14:4.8;15:1.6;16:0.0;17:0.0
2019,11237,Matt Ryan,QB,267.34,17.82,2:19.1;3:22.46;4:15.68;5:31.9;6:30.94;7:2.56;8:0.0;10:14.58;11:16.44;12:7.64;13:16.58;14:21.32;15:19.1;16:15.96;17:14.52
2019,14053,Randall Cobb,WR,127.4,8.49,2:6.0;3:3.3;4:5.6;5:6.8;6:0.0;7:3.9;9:4.5;10:19.6;11:19.5;12:10.6;13:6.8;14:5.3;15:0.2;16:9.8;17:10.6
2019,14054,Kyle Rudolph,TE,94.2,5.89,2:2.4;3:1.6;4:1.7;5:0.9;6:5.1;7:14.3;8:3.2;9:9.8;10:17.4;11:15.2;13:13.0;14:2.1;15:6.3;16:1.2;17:0.0
2019,15847,Travis Kelce,TE,205.8,12.86,2:20.2;3:12.4;4:12.0;5:9.0;6:7.8;7:7.4;8:14.3;9:9.7;10:17.0;11:18.7;13:11.5;14:14.5;15:19.7;16:17.4;17:3.9
2019,9704,Stephen Gostkowski,K,32.0,8.0,2:6.0;3:6.0;4:4.0;5:0.0;6:0.0;7:0.0;8:0.0;9:0.0;11:0.0;12:0.0;13:0.0;14:0.0;15:0.0;16:0.0;17:0.0
2019,10475,Greg Olsen,TE,97.7,6.98,2:14.0;3:22.5;4:1.5;5:0.0;6:7.2;8:2.3;9:5.5;10:13.8;11:8.2;12:6.9;13:3.7;14:0.0;15:0.0;16:4.3;17:2.2
2019,4333,Matt Bryant,K,43.0,6.14,1:0.0;2:7.0;3:6.0;4:4.0;5:6.0;6:10.0;7:5.0;8:5.0
2019,15853,Vance McDonald,TE,64.5,4.61,2:19.3;3:1.5;4:0.0;5:4.9;6:1.0;8:3.4;9:11.5;10:2.8;11:4.8;12:0.6;13:3.6;14:0.8;15:0.0;16:2.4;17:2.9
2019,13295,Emmanuel Sanders,WR,157.3,9.25,3:2.0;4:12.9;5:1.4;6:0.5;7:8.5;8:10.5;9:20.7;10:3.4;11:4.8;12:2.0;13:6.1;14:30.6;15:1.9;16:7.6;17:4.0
2019,15349,Cole Beasley,WR,151.3,10.09,2:10.3;3:10.8;4:11.0;5:3.6;7:9.1;8:11.6;9:8.3;10:9.4;11:5.8;12:16.6;13:20.0;14:12.9;15:1.1;16:14.3;17:0.0
2019,8439,Aaron Rodgers,QB,278.38,17.4,2:14.36;3:13.3;4:25.48;5:9.42;6:18.32;7:43.76;8:27.1;9:12.94;10:10.02;12:9.46;13:28.12;14:11.4;15:14.42;16:8.34;17:19.02
2019,12537,Jared Cook,TE,146.0,10.43,2:3.5;3:1.2;4:3.6;5:12.1;6:11.2;7:0.0;8:0.0;10:10.4;11:10.3;12:18.9;13:10.0;14:19.4;15:7.4;16:21.9;17:11.4
2019,16121,Luke Willson,TE,11.9,1.49,1:0.0;2:0.0;4:3.6;5:1.5;6:2.6;7:0.0;8:1.2;9:3.0;10:0.0;12:0.0;13:0.0;14:0.0;15:0.0;16:0.0;17:0.0
2019,14085,Virgil Green,TE,18.3,1.22,2:1.4;3:0.0;4:0.0;5:1.0;6:2.0;7:1.4;8:1.5;9:0.0;10:0.0;11:1.3;13:0.0;14:7.9;15:0.0;16:0.9;17:0.0
2019,15880,Robert Woods,WR,187.9,12.53,2:5.2;3:7.3;4:22.9;5:7.3;6:7.6;7:11.1;8:5.2;10:13.0;11:0.0;12:12.7;13:23.7;14:22.2;15:3.7;16:16.3;17:17.1
2019,8461,Mike Nugent,K,27.0,6.75,1:0.0;2:0.0;5:9.0;6:4.0;7:7.0;8:7.0;9:0.0
2019,11283,DeSean Jackson,WR,32.4,10.8,2:0.0;3:0.0;4:0.0;5:0.0;6:0.0;7:0.0;8:0.0;9:1.0;11:0.0;12:0.0;13:0.0;14:0.0;15:0.0;16:0.0;17:0.0
2019,2580,Drew Brees,QB,224.76,20.43,2:-0.48;3:0.0;4:0.0;5:0.0;6:0.0;7:0.0;8:24.92;10:11.48;11:21.12;12:22.44;13:11.26;14:40.06;15:28.28;16:22.86;17:22.02
2019,2330,Tom Brady,QB,263.68,16.48,2:24.66;3:20.14;4:3.7;5:23.92;6:21.96;7:11.96;8:18.36;9:13.4;11:8.54;12:11.3;13:24.34;14:10.76;15:12.92;16:17.24;17:14.84
2019,14876,Ryan Tannehill,QB,224.18,18.68,2:0.0;3:0.0;4:0.0;5:0.0;6:4.36;7:19.18;8:19.42;9:23.04;10:18.94;12:32.36;13:13.78;14:27.54;15:24.16;16:23.68;17:17.92
2019,14877,Nick Foles,QB,37.74,9.44,2:0.0;3:0.0;4:0.0;5:0.0;6:0.0;7:0.0;8:0.0;9:0.0;11:17.84;12:14.88;13:-1.98;14:0.0;15:0.0;16:0.0;17:0.0
2019,8479,Frank Gore,RB,88.4,5.53,2:15.3;3:15.9;4:10.9;5:7.9;7:7.1;8:3.4;9:1.5;10:2.1;11:5.0;12:6.5;13:3.0;14:0.6;15:1.5;16:0.0;17:5.7
2019,14880,Kirk Cousins,QB,244.42,16.29,2:8.9;3:12.56;4:7.32;5:20.54;6:27.32;7:29.22;8:11.6;9:21.3;10:19.3;11:22.86;13:17.04;14:13.58;15:11.68;16:6.88;17:0.0
2019,9761,Delanie Walker,TE,44.0,6.29,2:5.9;3:9.9;4:0.9;5:1.5;6:5.8;7:0.0;8:0.0;9:0.0;10:0.0;12:0.0;13:0.0;14:0.0;15:0.0;16:0.0;17:0.0
2019,14881,Russell Wilson,QB,328.6,20.54,2:24.2;3:41.34;4:14.3;5:29.92;6:28.9;7:14.34;8:15.68;9:39.22;10:16.58;12:9.5;13:16.9;14:10.6;15:19.34;16:10.96;17:20.22
2019,16172,Jaron Brown,WR,40.0,2.86,2:0.0;3:4.5;4:6.5;5:2.6;6:16.4;7:7.5;8:0.0;9:0.0;10:0.0;12:0.0;13:1.1;14:0.0;15:1.4;16:0.0;17:0.0
2019,15920,Latavius Murray,RB,140.2,8.76,2:2.8;3:0.2;4:2.5;5:4.4;6:9.4;7:29.5;8:32.2;10:2.9;11:4.2;12:12.4;13:0.2;14:10.4;15:5.9;16:3.5;17:8.0
2019,14129,Bilal Powell,RB,29.7,2.28,2:0.0;3:0.0;5:0.4;6:0.5;7:0.3;8:1.1;9:1.6;10:1.5;11:5.2;12:2.5;13:2.8;14:9.8;15:0.0;16:1.3;17:2.7
2019,14912,Alshon Jeffery,WR,100.7,10.07,2:0.0;3:0.0;4:11.3;5:8.2;6:18.6;7:4.8;8:8.4;9:5.6;11:0.0;12:0.0;13:24.2;14:0.0;15:0.0;16:0.0;17:0.0
2019,15168,Case Keenum,QB,103.48,10.35,2:16.74;3:11.58;4:-0.52;5:0.0;6:15.64;7:3.08;8:3.2;9:0.0;11:0.0;12:-0.1;13:0.0;14:0.0;15:0.0;16:16.42;17:10.24
2019,15683,Justin Tucker,K,152.0,9.5,2:13.0;3:4.0;4:6.0;5:16.0;6:13.0;7:12.0;9:7.0;10:7.0;11:11.0;12:9.0;13:9.0;14:6.0;15:4.0;16:7.0;17:17.0
2019,1097,Adam Vinatieri,K,72.0,6.0,2:1.0;3:10.0;4:5.0;5:13.0;7:4.0;8:13.0;9:3.0;10:6.0;11:7.0;12:5.0;13:2.0;14:0.0;15:0.0;16:0.0;17:0.0
2019,14922,Mohamed Sanu Sr.,WR,94.6,6.31,2:3.6;3:10.7;4:13.6;5:12.8;6:4.4;7:0.8;8:3.3;9:19.1;11:2.2;12:0.0;13:2.9;14:1.8;15:2.3;16:3.9;17:5.0
2019,14924,T.Y. Hilton,WR,102.6,10.26,2:12.3;3:16.5;4:0.0;5:5.7;7:16.4;8:6.4;9:0.0;10:0.0;11:0.0;12:3.3;13:0.0;14:0.0;15:4.5;16:4.1;17:8.7
2019,16460,Adam Thielen,WR,99.4,9.94,2:10.0;3:19.1;4:1.6;5:28.5;6:14.7;7:9.0;8:0.0;9:0.0;10:0.0;11:0.0;13:0.0;14:0.0;15:4.5;16:0.2;17:0.0
2019,15705,Josh Gordon,WR,60.2,5.47,2:2.9;3:11.4;4:6.1;5:8.4;6:1.2;7:0.0;8:0.0;9:0.0;10:3.7;12:1.5;13:1.5;14:4.4;15:4.3;16:0.0;17:0.0
2019,15966,Chris Thompson,RB,72.6,6.6,2:7.6;3:12.8;4:8.0;5:6.3;6:3.0;7:0.0;8:0.0;9:0.0;11:0.0;12:0.0;13:3.4;14:7.8;15:3.6;16:7.2;17:1.6
2019,15971,Rex Burkhead,RB,87.6,6.74,2:7.8;3:15.9;4:1.2;5:0.0;6:0.0;7:0.0;8:1.8;9:3.9;11:5.8;12:2.7;13:1.5;14:1.5;15:12.9;16:15.7;17:5.9
2019,12649,Julian Edelman,WR,206.28,12.89,2:7.2;3:15.7;4:5.0;5:21.0;6:15.8;7:10.2;8:23.5;9:11.9;11:12.4;12:13.3;13:18.9;14:20.3;15:1.9;16:11.7;17:4.1
2019,13934,Antonio Brown,WR,14.1,14.1,1:0.0;2:14.1
2019,11122,Matt Prater,K,128.0,8.0,2:0.0;3:8.0;4:15.0;6:21.0;7:7.0;8:8.0;9:6.0;10:9.0;11:3.0;12:10.0;13:8.0;14:0.0;15:6.0;16:5.0;17:11.0
2019,14198,Dion Lewis,RB,53.8,3.36,2:1.9;3:2.5;4:4.0;5:4.0;6:3.4;7:0.2;8:0.7;9:5.8;10:0.0;12:5.0;13:1.4;14:3.6;15:8.6;16:9.2;17:0.7
2019,9592,Vernon Davis,TE,23.3,5.83,2:4.4;3:4.0;4:1.0;5:0.0;6:0.0;7:0.0;8:0.0;9:0.0;11:0.0;12:0.0;13:0.0;14:0.0;15:0.0;16:0.0;17:0.0
2019,9354,Robbie Gould,K,108.0,8.31,2:10.0;3:6.0;5:5.0;6:7.0;7:8.0;8:9.0;9:4.0;10:0.0;11:0.0;12:0.0;13:4.0;14:13.0;15:12.0;16:10.0;17:9.0
2019,2577327,Tyler Lockett,WR,194.2,12.14,2:12.9;3:26.9;4:7.1;5:12.3;6:10.3;7:14.3;8:13.0;9:33.7;10:4.4;12:4.3;13:0.0;14:6.3;15:22.0;16:1.7;17:14.1
2019,2587819,Tyrell Williams,WR,122.1,8.72,2:13.1;3:10.4;4:11.1;5:0.0;7:0.0;8:16.6;9:6.3;10:4.0;11:10.2;12:2.8;13:1.4;14:5.0;15:11.5;16:10.2;17:0.0
2019,2971573,Ka'imi Fairbairn,K,105.0,6.56,2:7.0;3:2.0;4:3.0;5:13.0;6:5.0;7:12.0;8:10.0;9:10.0;11:0.0;12:8.0;13:4.0;14:8.0;15:6.0;16:11.0;17:2.0
2019,16790,Jarvis Landry,WR,195.9,12.24,2:4.7;3:7.7;4:20.7;5:9.5;6:5.1;8:9.0;9:14.1;10:20.2;11:12.3;12:31.8;13:10.6;14:9.6;15:4.8;16:10.9;17:15.2
2019,16791,Donte Moncrief,WR,3.8,0.47,2:0.0;3:0.0;4:0.0;5:0.0;6:1.6;8:0.0;9:0.0;10:0.0;11:0.0;12:0.0;13:0.0;14:0.0;15:0.0;16:0.0;17:0.0
2019,3049899,Younghoe Koo,K,90.0,11.25,1:0.0;2:0.0;10:15.0;11:10.0;12:11.0;13:7.0;14:18.0;15:6.0;16:5.0;17:18.0
2019,16799,Allen Robinson II,WR,205.9,12.87,2:6.1;3:9.0;4:11.2;5:25.2;7:19.7;8:8.7;9:1.1;10:11.6;11:3.5;12:22.1;13:18.6;14:19.3;15:16.0;16:8.3;17:11.8
2019,16800,Davante Adams,WR,171.2,14.27,2:14.1;3:7.6;4:23.0;5:0.0;6:0.0;7:0.0;8:0.0;9:7.6;10:15.3;12:15.8;13:21.4;14:6.1;15:19.8;16:16.1;17:18.8
2019,16804,John Brown,WR,183.82,12.25,2:10.7;3:7.5;4:9.4;5:10.0;7:16.8;8:7.9;9:9.6;10:10.2;11:30.2;12:10.9;13:9.22;14:4.1;15:13.4;16:12.1;17:0.0
2019,2985659,Wil Lutz,K,159.0,9.94,2:12.0;3:3.0;4:14.0;5:7.0;6:8.0;7:8.0;8:6.0;10:10.0;11:11.0;12:11.0;13:17.0;14:13.0;15:10.0;16:9.0;17:6.0
2019,3049916,Matt Breida,RB,93.8,7.22,2:13.7;3:9.8;5:26.4;6:8.3;7:4.1;8:5.5;9:10.2;10:3.5;11:0.0;12:0.0;13:0.0;14:6.3;15:0.7;16:0.0;17:1.6
2019,3040151,George Kittle,TE,180.0,12.86,2:6.9;3:8.7;5:17.8;6:14.3;7:5.3;8:11.6;9:16.9;10:0.0;11:0.0;12:21.9;13:2.4;14:15.7;15:19.9;16:16.4;17:12.8
2019,2508176,David Johnson,RB,123.5,9.5,2:7.9;3:15.5;4:17.9;5:17.1;6:25.2;7:0.2;8:0.0;9:0.0;10:-0.5;11:0.0;13:3.4;14:12.3;15:0.6;16:1.2;17:0.0
2019,3051926,Gus Edwards,RB,89.1,5.57,2:1.1;3:7.8;4:4.1;5:2.8;6:3.4;7:3.5;9:8.7;10:1.7;11:17.2;12:5.5;13:2.7;14:2.0;15:3.5;16:7.8;17:11.7
2019,2979477,Tevin Coleman,RB,124.9,8.92,2:0.0;3:0.0;5:15.7;6:13.1;7:7.1;8:36.8;9:4.6;10:9.2;11:7.7;12:11.9;13:2.0;14:0.6;15:4.0;16:3.3;17:2.3
2019,3052177,John Ross III,WR,81.0,10.12,2:19.2;3:1.2;4:5.1;5:0.0;6:0.0;7:0.0;8:0.0;10:0.0;11:0.0;12:0.0;13:0.0;14:3.8;15:3.4;16:12.0;17:5.0
2019,2579604,Phillip Dorsett II,WR,86.3,6.16,2:5.4;3:15.5;4:2.9;5:0.0;6:0.0;7:12.1;8:5.8;9:2.3;11:10.8;12:0.0;13:2.5;14:0.0;15:0.0;16:0.0;17:5.5
2019,2977187,Cooper Kupp,WR,223.5,13.97,2:15.1;3:27.6;4:22.4;5:22.2;6:3.7;7:8.0;8:31.5;10:0.0;11:6.8;12:6.5;13:15.5;14:12.5;15:13.1;16:11.1;17:19.4
2019,3043234,Zane Gonzalez,K,132.0,8.25,2:9.0;3:9.0;4:2.0;5:13.0;6:10.0;7:10.0;8:11.0;9:5.0;10:11.0;11:9.0;13:1.0;14:5.0;15:8.0;16:9.0;17:6.0
2019,3050487,Anthony Miller,WR,101.5,6.34,2:0.7;3:2.0;4:2.1;5:7.2;7:6.8;8:8.2;9:0.0;10:1.2;11:8.4;12:10.7;13:18.5;14:11.7;15:22.3;16:0.7;17:1.0
2019,2576623,DeVante Parker,WR,210.2,13.14,2:0.0;3:7.1;4:15.0;6:10.3;7:14.0;8:8.9;9:13.7;10:9.4;11:17.0;12:12.1;13:31.4;14:3.8;15:21.2;16:19.6;17:17.7
2019,17359,Damien Williams,RB,126.1,11.46,2:7.1;3:0.0;4:0.0;5:5.3;6:8.5;7:1.6;8:9.0;9:19.8;10:11.4;11:1.8;13:0.0;14:0.0;15:0.0;16:16.7;17:29.4
2019,2577134,Ty Montgomery,RB,25.8,1.61,2:5.5;3:0.1;5:0.1;6:3.2;7:0.9;8:0.0;9:0.0;10:0.0;11:1.1;12:2.8;13:1.3;14:7.6;15:1.5;16:1.3;17:0.0
2019,2976499,Amari Cooper,WR,207.0,12.94,2:12.4;3:23.8;4:7.3;5:34.1;6:0.8;7:13.1;9:16.0;10:26.2;11:5.3;12:0.0;13:12.5;14:17.3;15:2.4;16:4.4;17:11.8
2019,2577654,DeAndre Washington,RB,103.9,6.49,2:4.5;3:2.2;4:3.6;5:11.1;7:4.6;8:3.2;9:3.3;10:2.9;11:2.3;12:2.4;13:6.4;14:18.6;15:3.2;16:17.6;17:17.2
2019,3050478,Jake Elliott,K,104.0,6.5,2:7.0;3:6.0;4:4.0;5:7.0;6:9.0;7:4.0;8:5.0;9:10.0;11:5.0;12:3.0;13:12.0;14:4.0;15:7.0;16:3.0;17:12.0
2019,2980077,Jonathan Williams,RB,37.9,4.21,2:0.0;3:0.0;4:0.0;5:0.0;7:0.0;8:0.0;9:0.0;10:0.1;11:15.2;12:19.6;13:3.0;14:0.0;15:0.0;16:0.0;17:0.0
2019,17372,Chris Boswell,K,124.0,7.75,2:9.0;3:9.0;4:10.0;5:12.0;6:6.0;8:10.0;9:16.0;10:5.0;11:0.0;12:11.0;13:8.0;14:11.0;15:5.0;16:5.0;17:4.0
2019,3045127,Wayne Gallman,RB,42.7,4.27,2:0.0;3:1.3;4:24.8;5:1.4;6:0.0;7:0.0;8:2.5;9:0.0;10:1.0;12:0.1;13:0.0;14:0.0;15:0.0;16:0.0;17:0.0
2019,3043080,O.J. Howard,TE,66.9,4.78,2:0.0;3:8.1;4:4.8;5:1.5;6:4.5;8:0.0;9:0.0;10:12.7;11:0.0;12:1.5;13:8.6;14:9.3;15:6.6;16:6.1;17:0.0
2019,2976516,T.J. Yeldon,RB,23.2,3.87,2:0.0;3:3.9;4:8.8;5:4.8;7:0.0;8:0.0;9:0.0;10:0.0;11:0.0;12:0.0;13:0.0;14:0.0;15:0.0;16:0.0;17:5.7
2019,2979843,Kenyan Drake,RB,189.2,13.51,1:3.7;2:7.3;3:6.7;4:8.8;6:10.0;7:7.3;8:0.0;9:26.2;10:7.1;11:11.0;13:6.1;14:8.2;15:39.1;16:31.9;17:15.8
2019,3043078,Derrick Henry,RB,285.6,19.04,2:16.4;3:11.1;4:11.3;5:13.8;6:3.8;7:17.3;8:6.8;9:23.4;10:32.1;12:28.0;13:22.1;14:23.4;15:8.6;16:0.0;17:39.1
2019,2577417,Dak Prescott,QB,337.78,21.11,2:27.66;3:22.54;4:7.62;5:23.22;6:18.22;7:20.56;9:21.48;10:25.88;11:31.56;12:6.88;13:22.7;14:17.46;15:17.68;16:11.3;17:29.62
2019,3054850,Alvin Kamara,RB,208.02,14.86,2:6.5;3:32.6;4:10.4;5:13.92;6:10.1;7:0.0;8:0.0;10:11.4;11:17.2;12:14.7;13:10.4;14:4.3;15:11.4;16:26.0;17:18.7
2019,3042778,Corey Davis,WR,93.6,6.24,2:5.3;3:5.9;4:17.6;5:3.8;6:5.1;7:17.0;8:1.9;9:6.8;10:0.0;12:3.9;13:2.8;14:4.4;15:7.2;16:5.5;17:6.4
2019,3051738,Marquez Valdes-Scantling,WR,71.1,4.44,2:3.4;3:18.9;4:6.2;5:2.3;6:6.7;7:20.3;8:0.9;9:0.0;10:0.0;12:1.2;13:0.0;14:0.0;15:0.0;16:1.1;17:2.9
2019,3042519,Aaron Jones,RB,290.3,18.14,2:23.0;3:14.8;4:14.8;5:45.7;6:6.0;7:16.3;8:38.1;9:3.4;10:27.3;12:3.8;13:5.1;14:28.2;15:17.1;16:27.0;17:15.3
2019,2976212,Stefon Diggs,WR,180.6,12.04,2:9.4;3:3.0;4:12.3;5:5.9;6:40.0;7:17.8;8:15.8;9:2.1;10:6.4;11:20.6;13:7.2;14:12.2;15:10.0;16:13.2;17:0.0
2019,2574808,Robby Anderson,WR,136.3,8.52,2:10.1;3:2.6;5:2.1;6:21.0;7:1.5;8:6.3;9:4.3;10:1.6;11:7.1;12:16.6;13:13.6;14:21.6;15:10.6;16:10.2;17:3.3
2019,3043275,Austin Hooper,TE,154.2,11.86,2:5.4;3:21.6;4:17.5;5:10.6;6:21.7;7:12.6;8:15.5;10:9.7;11:0.0;12:0.0;13:0.0;14:4.2;15:3.5;16:11.7;17:8.0
2019,3059915,Kareem Hunt,RB,82.9,10.36,2:0.0;3:0.0;4:0.0;5:0.0;6:0.0;8:0.0;9:0.0;10:10.9;11:8.8;12:11.6;13:15.0;14:13.8;15:11.6;16:6.1;17:5.1
2019,2970090,Trey Edmunds,RB,17.0,1.55,1:0.0;2:0.0;6:0.0;8:0.0;9:7.3;10:2.5;11:5.3;12:0.7;13:0.0;14:1.2;15:0.0;16:0.0;17:0.0
2019,2570986,Malcolm Brown,RB,58.1,4.15,2:5.2;3:0.7;4:1.4;5:0.3;6:4.0;7:0.0;8:0.0;10:1.0;11:7.5;12:0.0;13:3.0;14:8.1;15:0.0;16:-0.1;17:9.7
2019,2971618,Nelson Agholor,WR,74.5,6.77,2:20.7;3:19.0;4:0.0;5:2.5;6:6.2;7:3.4;8:3.4;9:3.6;11:6.0;12:0.0;13:7.6;14:0.0;15:0.0;16:0.0;17:0.0
2019,2576434,Melvin Gordon,RB,159.8,13.32,2:0.0;3:0.0;4:0.0;5:5.8;6:6.3;7:7.9;8:10.4;9:24.4;10:19.8;11:10.5;13:12.0;14:16.9;15:4.9;16:19.7;17:21.2
2019,3060022,Jordan Howard,RB,106.4,10.64,2:3.1;3:9.7;4:31.0;5:12.2;6:4.9;7:6.6;8:17.6;9:14.8;11:0.0;12:0.0;13:0.0;14:0.0;15:0.0;16:0.0;17:0.0
2019,16913,James White,RB,164.2,10.95,2:10.4;3:0.0;4:9.8;5:10.2;6:9.0;7:9.4;8:9.9;9:15.4;11:7.6;12:0.4;13:33.7;14:9.9;15:13.7;16:4.9;17:9.2
2019,3066158,Tarik Cohen,RB,124.4,7.78,2:3.5;3:3.4;4:8.8;5:7.9;7:7.4;8:6.1;9:2.6;10:11.7;11:15.9;12:8.9;13:5.5;14:6.1;15:12.0;16:4.8;17:10.9
2019,3052587,Baker Mayfield,QB,229.18,14.32,2:15.0;3:9.7;4:15.78;5:-2.0;6:19.46;8:11.56;9:17.12;10:17.62;11:21.82;12:23.58;13:8.04;14:10.98;15:16.98;16:14.08;17:20.06
2019,3043116,Demarcus Robinson,WR,84.9,5.31,2:32.2;3:11.8;4:5.5;5:4.6;6:0.0;7:4.6;8:1.6;9:1.0;10:7.6;11:0.0;13:0.0;14:1.7;15:3.1;16:1.8;17:8.9
2019,17437,Taylor Gabriel,WR,75.8,8.42,2:3.0;3:29.2;4:0.0;5:0.0;7:1.1;8:7.3;9:8.4;10:11.8;11:9.2;12:2.4;13:0.0;14:0.0;15:0.0;16:0.0;17:0.0
2019,2572861,J.D. McKissic,RB,66.8,4.17,2:0.2;3:4.4;4:4.6;6:2.1;7:7.0;8:1.6;9:14.7;10:8.5;11:6.8;12:3.0;13:3.9;14:3.8;15:1.9;16:0.0;17:0.9
2019,2976316,Michael Thomas,WR,300.1,18.76,2:13.9;3:13.9;4:14.0;5:35.7;6:12.9;7:17.6;8:21.8;10:21.7;11:21.4;12:21.1;13:7.8;14:24.9;15:24.8;16:25.6;17:5.7
2019,2978109,Zach Pascal,WR,114.8,7.18,2:0.0;3:12.3;4:9.2;5:2.5;7:25.6;8:1.1;9:16.1;10:3.6;11:2.7;12:0.0;13:14.4;14:17.9;15:6.4;16:1.1;17:1.9
2019,3025433,Mike Davis,RB,8.4,0.7,2:0.1;3:0.2;4:0.0;5:0.0;7:0.0;8:1.3;9:0.0;10:0.0;11:0.0;12:0.0;13:0.0;14:0.0;15:0.0;16:0.0;17:0.2
2019,3045144,Tyler Boyd,WR,177.9,11.12,2:17.2;3:9.8;4:4.8;5:23.3;6:2.5;7:6.0;8:9.8;10:9.2;11:1.5;12:16.6;13:14.4;14:10.7;15:4.1;16:29.3;17:8.4
2019,16944,Devonta Freeman,RB,168.1,12.01,2:7.9;3:11.0;4:14.0;5:15.5;6:25.3;7:3.5;8:12.2;10:6.3;11:0.0;12:0.0;13:8.4;14:17.4;15:6.5;16:29.2;17:8.3
2019,2576395,Devin Smith,WR,19.8,4.95,2:14.9;3:4.9;4:0.0;5:0.0;6:0.0;7:0.0;9:0.0;10:0.0;11:0.0;12:0.0;13:0.0;14:0.0;15:0.0;16:0.0;17:0.0
2019,3045138,Mike Williams,WR,136.8,9.12,2:9.8;3:6.0;4:0.0;5:10.4;6:9.7;7:6.7;8:8.4;9:12.8;10:6.5;11:8.6;13:14.2;14:13.3;15:15.1;16:6.6;17:4.8
2019,2573079,Carson Wentz,QB,275.86,17.24,2:17.54;3:21.66;4:19.7;5:12.06;6:20.54;7:6.84;8:14.38;9:15.06;11:12.26;12:8.94;13:24.4;14:19.9;15:21.54;16:18.96;17:17.06
2019,3046439,Hunter Henry,TE,122.7,10.22,2:0.0;3:0.0;4:0.0;5:0.0;6:26.0;7:12.7;8:6.7;9:11.9;10:11.0;11:11.9;13:2.0;14:10.9;15:1.9;16:7.0;17:12.7
2019,2576414,Raheem Mostert,RB,158.2,9.89,2:22.6;3:5.9;5:3.4;6:1.3;7:0.0;8:12.0;9:-0.2;10:4.0;11:3.7;12:13.2;13:22.4;14:23.9;15:10.4;16:11.3;17:19.8
2019,2576925,Darren Waller,TE,176.0,11.0,2:9.3;3:20.6;4:8.8;5:5.9;7:28.1;8:8.1;9:6.2;10:5.5;11:10.1;12:5.6;13:13.5;14:8.2;15:16.2;16:5.7;17:13.7
2019,2577692,Brandon Wilds,RB,0.0,0.0,2:0.0;3:0.0;5:0.0;6:0.0;7:0.0;8:0.0;9:0.0;10:0.0;11:0.0;12:0.0;13:0.0;14:0.0;15:0.0;16:0.0;17:0.0
2019,2574630,Jeff Driskel,QB,57.6,19.2,2:0.0;3:0.0;4:0.0;6:0.0;7:0.0;8:0.0;9:0.0;10:17.56;11:27.46;12:12.58;13:0.0;14:0.0;15:0.0;16:0.0;17:0.0
2019,3045147,James Conner,RB,128.5,12.85,2:12.0;3:5.7;4:22.5;5:11.5;6:27.4;8:22.5;9:0.0;10:0.0;11:2.1;12:0.0;13:0.0;14:0.0;15:13.1;16:3.2;17:0.0
2019,3055899,Harrison Butker,K,162.0,10.12,2:4.0;3:10.0;4:10.0;5:7.0;6:6.0;7:12.0;8:5.0;9:18.0;10:15.0;11:7.0;13:10.0;14:13.0;15:10.0;16:10.0;17:8.0
2019,16725,Sammy Watkins,WR,112.5,8.04,2:7.9;3:8.9;4:4.9;5:0.0;6:0.0;7:0.0;8:7.0;9:9.8;10:7.6;11:3.6;13:0.0;14:7.0;15:8.4;16:3.8;17:1.3
2019,2977644,Todd Gurley II,RB,203.9,13.59,2:14.2;3:4.3;4:22.5;5:17.2;6:0.0;7:11.9;8:10.4;10:7.3;11:18.8;12:3.4;13:18.0;14:19.3;15:19.3;16:16.8;17:9.9
2019,16728,Teddy Bridgewater,QB,90.46,10.05,2:7.1;3:16.28;4:6.52;5:27.26;6:13.6;7:19.94;8:-0.2;10:0.0;11:0.0;12:0.0;13:0.0;14:0.0;15:-0.3;16:0.0;17:0.26
2019,3068267,Austin Ekeler,RB,263.0,16.44,2:20.3;3:11.6;4:26.7;5:14.8;6:4.3;7:22.0;8:9.2;9:11.3;10:11.8;11:17.2;13:14.7;14:29.3;15:10.6;16:9.4;17:13.4
2019,16731,Brandin Cooks,WR,96.5,6.89,2:15.1;3:16.0;4:10.1;5:6.1;6:4.7;7:7.9;8:0.0;10:0.0;11:0.0;12:4.3;13:3.4;14:0.0;15:6.6;16:11.9;17:5.5
2019,16732,Eric Ebron,TE,71.0,6.45,2:10.0;3:6.2;4:11.3;5:1.3;7:15.0;8:4.1;9:2.6;10:8.1;11:4.7;12:6.4;13:0.0;14:0.0;15:0.0;16:0.0;17:0.0
2019,16733,Odell Beckham Jr.,WR,164.3,10.27,2:25.1;3:8.6;4:3.0;5:4.0;6:13.1;8:7.7;9:10.7;10:8.2;11:8.0;12:17.4;13:4.4;14:4.9;15:10.6;16:12.4;17:15.6
2019,2974858,Kenny Golladay,WR,215.5,13.47,2:21.7;3:2.7;4:21.2;6:14.6;7:2.6;8:25.3;9:21.2;10:13.2;11:3.9;12:8.1;13:23.8;14:14.8;15:5.9;16:15.6;17:8.7
2019,16737,Mike Evans,WR,199.2,15.32,2:8.1;3:41.0;4:16.9;5:0.0;6:16.1;8:37.3;9:30.0;10:10.2;11:8.9;12:7.0;13:7.3;14:12.6;15:0.0;16:0.0;17:0.0
2019,3054212,Jonnu Smith,TE,87.2,5.45,2:0.0;3:3.0;4:1.0;5:6.2;6:1.3;7:7.9;8:16.8;9:3.3;10:5.0;12:0.4;13:1.0;14:10.4;15:14.2;16:13.8;17:0.7
2019,2578570,Jacoby Brissett,QB,217.18,14.48,2:16.34;3:20.8;4:22.5;5:10.94;7:27.64;8:9.48;9:2.76;10:0.0;11:15.12;12:13.16;13:12.66;14:22.64;15:7.3;16:15.16;17:4.18
2019,16486,Brett Maher,K,95.0,7.31,2:7.0;3:6.0;4:4.0;5:4.0;6:13.0;7:15.0;9:14.0;10:5.0;11:9.0;12:9.0;13:-1.0;14:5.0;15:0.0;16:0.0;17:0.0
2019,3051392,Ezekiel Elliott,RB,284.7,17.79,2:19.0;3:14.9;4:13.5;5:16.1;6:23.8;7:23.7;9:13.9;10:7.3;11:18.3;12:14.6;13:17.2;14:22.3;15:29.5;16:11.9;17:25.9
2019,2972283,Tra Carson,RB,8.6,2.87,1:0.0;2:0.0;5:5.2;6:0.0;7:0.0;8:3.4;9:0.0;10:0.0;11:0.0;12:0.0;13:0.0;14:0.0;15:0.0;16:0.0;17:0.0
2019,3051902,Peyton Barber,RB,108.5,6.78,2:15.4;3:6.5;4:7.9;5:9.6;6:2.8;8:3.3;9:1.5;10:11.2;11:8.1;12:3.2;13:18.4;14:6.3;15:5.0;16:-0.7;17:4.5
2019,3046779,Jared Goff,QB,247.52,15.47,2:19.12;3:14.12;4:20.68;5:17.9;6:1.12;7:25.02;8:22.88;10:3.72;11:5.22;12:4.38;13:24.96;14:16.12;15:17.56;16:20.12;17:25.16
2019,3052117,Phillip Lindsay,RB,180.2,11.26,2:8.6;3:27.0;4:6.5;5:22.7;6:14.5;7:3.7;8:10.1;9:15.2;11:8.5;12:7.3;13:7.7;14:12.5;15:3.2;16:18.8;17:5.3
2019,2969939,Jameis Winston,QB,305.36,19.09,2:13.22;3:25.5;4:29.3;5:17.46;6:12.1;8:19.34;9:20.2;10:18.32;11:14.82;12:24.32;13:10.72;14:34.74;15:32.72;16:11.0;17:14.54
2019,2576716,Jamison Crowder,WR,158.7,9.92,2:6.0;3:3.5;5:2.0;6:12.8;7:4.6;8:3.9;9:18.3;10:16.6;11:16.1;12:2.8;13:1.8;14:4.4;15:24.0;16:8.0;17:16.6
2019,2983509,Dare Ogunbowale,RB,57.8,3.61,2:1.4;3:3.8;4:3.1;5:3.3;6:10.0;8:0.6;9:7.8;10:3.9;11:2.5;12:1.2;13:2.2;14:5.3;15:2.1;16:4.9;17:0.4
2019,2976592,Sterling Shepard,WR,113.3,11.33,2:0.0;3:23.6;4:13.4;5:7.2;6:0.0;7:0.0;8:0.0;9:0.0;10:0.0;12:6.2;13:11.5;14:5.6;15:15.6;16:16.6;17:6.4
2019,2573401,Tyler Higbee,TE,125.9,8.39,2:3.1;3:0.0;4:6.1;5:6.2;6:4.0;7:1.3;8:1.3;10:3.7;11:0.0;12:4.5;13:20.2;14:15.1;15:17.1;16:14.9;17:18.4
2019,16757,Derek Carr,QB,244.36,15.27,2:9.72;3:15.68;4:13.46;5:7.96;7:15.72;8:23.4;9:19.56;10:13.12;11:19.78;12:4.18;13:9.58;14:20.18;15:15.88;16:21.94;17:19.64
2019,16504,Jack Doyle,TE,90.3,5.64,2:3.1;3:6.6;4:10.2;5:3.4;7:3.6;8:8.1;9:9.7;10:11.9;11:0.0;12:4.3;13:16.3;14:3.7;15:3.1;16:2.7;17:1.1
2019,16760,Jimmy Garoppolo,QB,247.32,15.46,2:22.64;3:9.38;5:14.94;6:12.12;7:6.04;8:13.0;9:28.88;10:10.02;11:29.66;12:18.22;13:9.1;14:28.06;15:12.6;16:10.42;17:11.8
2019,3052876,Will Fuller V,WR,109.5,9.95,2:6.0;3:7.6;4:3.8;5:46.7;6:6.9;7:1.1;8:0.0;9:0.0;11:0.0;12:17.5;13:1.3;14:0.0;15:8.6;16:2.1;17:0.0
2019,2998120,Josh Lambo,K,133.0,8.31,2:7.0;3:10.0;4:15.0;5:9.0;6:6.0;7:13.0;8:12.0;9:3.0;11:0.0;12:9.0;13:5.0;14:4.0;15:9.0;16:7.0;17:16.0
2019,2969962,Duke Johnson,RB,132.0,8.25,2:3.1;3:3.4;4:8.8;5:7.2;6:12.4;7:6.6;8:11.4;9:16.6;11:5.4;12:3.5;13:17.5;14:7.5;15:3.3;16:0.1;17:14.2
2019,2980453,Jamaal Williams,RB,126.8,9.06,2:11.6;3:9.6;4:0.5;5:0.0;6:21.6;7:11.1;8:17.1;9:13.9;10:6.3;12:11.5;13:8.7;14:2.4;15:3.8;16:6.2;17:0.0
2019,3051876,Evan Engram,TE,87.4,10.93,2:7.8;3:20.3;4:7.4;5:7.7;6:0.0;7:1.1;8:12.0;9:8.0;10:0.0;12:0.0;13:0.0;14:0.0;15:0.0;16:0.0;17:0.0
2019,2578533,Chris Conley,WR,133.0,8.31,2:9.3;3:4.0;4:2.2;5:3.1;6:0.0;7:11.8;8:18.3;9:4.2;11:8.8;12:6.9;13:7.7;14:1.2;15:18.9;16:12.6;17:5.3
2019,16777,Carlos Hyde,RB,148.2,9.26,2:9.0;3:7.9;4:8.4;5:12.0;6:17.5;7:3.5;8:8.3;9:14.0;11:12.5;12:6.7;13:2.7;14:8.8;15:16.4;16:10.2;17:1.3
2019,3923397,Ryquell Armstead,RB,44.2,2.95,2:0.0;3:0.0;4:11.4;5:1.1;6:0.1;7:0.3;8:0.7;9:9.0;11:2.9;12:0.0;13:0.0;14:0.7;15:0.1;16:0.2;17:17.0
2019,3116593,Dalvin Cook,RB,265.9,18.99,2:26.6;3:22.3;4:16.0;5:22.8;6:12.4;7:27.4;8:25.6;9:13.6;10:27.8;11:14.2;13:11.9;14:14.5;15:5.8;16:0.0;17:0.0
2019,3116721,Jaylen Samuels,RB,80.9,5.78,2:3.6;3:0.0;4:19.54;5:0.96;6:0.0;8:0.0;9:12.8;10:5.5;11:13.0;12:4.7;13:6.4;14:4.4;15:0.9;16:5.9;17:2.1
2019,4039359,Darrell Henderson Jr.,RB,20.4,1.57,2:0.0;3:0.0;4:0.0;5:0.0;6:5.3;7:4.4;8:7.9;10:0.4;11:0.0;12:0.0;13:1.7;14:0.0;15:0.0;16:0.7;17:0.0
2019,4035004,Mecole Hardman,WR,106.5,6.66,2:14.1;3:17.4;4:-0.1;5:9.3;6:6.5;7:9.8;8:12.5;9:-1.3;10:12.8;11:2.3;13:0.9;14:11.3;15:1.5;16:0.0;17:9.5
2019,3127211,Patrick Laird,RB,56.7,3.78,2:0.0;3:0.0;4:0.0;6:0.0;7:0.0;8:0.0;9:0.0;10:2.9;11:8.8;12:2.0;13:14.8;14:10.6;15:6.4;16:2.3;17:8.9
2019,4241372,Marquise Brown,WR,123.4,8.81,2:12.6;3:5.9;4:4.2;5:9.7;6:0.0;7:0.0;9:6.3;10:16.0;11:3.3;12:18.7;13:0.6;14:1.3;15:12.5;16:1.1;17:2.5
2019,4040761,Devin Singletary,RB,133.4,11.12,2:11.7;3:0.0;4:0.0;5:0.0;7:2.6;8:12.9;9:21.5;10:6.5;11:8.4;12:11.9;13:17.6;14:14.8;15:7.9;16:5.3;17:0.0
2019,3128390,Allen Lazard,WR,85.3,5.33,2:0.0;3:0.0;4:0.0;5:0.0;6:14.5;7:5.7;8:6.7;9:5.9;10:4.2;12:3.3;13:17.8;14:2.9;15:2.4;16:7.0;17:14.9
2019,3128774,Kalen Ballage,RB,44.8,3.73,2:1.7;3:3.2;4:0.7;6:6.7;7:6.7;8:2.4;9:1.9;10:6.5;11:10.2;12:3.1;13:0.0;14:0.0;15:0.0;16:0.0;17:0.0
2019,3117251,Christian McCaffrey,RB,413.2,25.83,2:6.3;3:26.3;4:28.9;5:44.7;6:19.7;8:25.5;9:36.1;10:23.1;11:24.6;12:29.8;13:13.7;14:19.0;15:33.5;16:24.8;17:19.3
2019,3895856,Christian Kirk,WR,134.2,10.32,2:14.4;3:10.9;4:6.3;5:0.0;6:0.0;7:0.0;8:13.8;9:2.6;10:34.8;11:7.2;13:3.8;14:12.9;15:8.1;16:0.9;17:10.1
2019,3918639,Gerald Everett,TE,71.3,5.48,2:3.6;3:2.5;4:12.9;5:17.1;6:1.9;7:13.0;8:2.5;10:10.8;11:2.5;12:3.3;13:0.0;14:0.0;15:0.0;16:0.0;17:0.0
2019,3843750,Derrius Guice,RB,53.9,10.78,2:0.0;3:0.0;4:0.0;5:0.0;6:0.0;7:0.0;8:0.0;9:0.0;11:13.4;12:4.3;13:26.7;14:4.2;15:0.0;16:0.0;17:0.0
2019,3122840,Deshaun Watson,QB,320.48,21.37,2:12.86;3:25.84;4:11.6;5:41.74;6:29.4;7:15.52;8:27.76;9:19.74;11:3.96;12:18.92;13:28.36;14:28.08;15:16.92;16:9.06;17:0.0
2019,4038441,Justice Hill,RB,45.5,2.84,2:1.9;3:0.1;4:2.7;5:0.7;6:3.1;7:0.0;9:0.7;10:1.1;11:3.2;12:2.7;13:0.3;14:0.8;15:1.5;16:12.6;17:11.4
2019,3139477,Patrick Mahomes,QB,287.04,20.5,2:31.62;3:27.86;4:18.0;5:18.54;6:18.82;7:7.24;8:0.0;9:0.0;10:29.84;11:15.18;13:19.5;14:13.92;15:22.7;16:25.44;17:11.06
2019,3139605,Marlon Mack,RB,174.3,12.45,2:7.3;3:15.8;4:3.9;5:16.3;7:7.1;8:15.5;9:8.9;10:8.7;11:16.9;12:0.0;13:0.0;14:9.8;15:1.9;16:17.1;17:19.7
2019,4036131,Noah Fant,TE,91.0,5.69,2:5.3;3:3.2;4:10.1;5:1.1;6:2.6;7:1.2;8:5.1;9:19.0;11:7.3;12:2.9;13:1.0;14:19.3;15:6.6;16:2.0;17:0.9
2019,3121427,Curtis Samuel,WR,144.7,9.04,2:11.8;3:13.8;4:4.8;5:5.9;6:21.8;8:6.6;9:14.9;10:11.5;11:4.5;12:5.4;13:14.5;14:5.2;15:13.9;16:3.1;17:2.3
2019,4036133,T.J. Hockenson,TE,64.7,5.39,2:1.2;3:0.6;4:10.2;6:4.1;7:4.7;8:2.6;9:7.1;10:6.2;11:1.1;12:0.0;13:4.8;14:0.0;15:0.0;16:0.0;17:0.0
2019,3929630,Saquon Barkley,RB,218.1,16.78,2:21.0;3:5.7;4:0.0;5:0.0;6:0.0;7:15.5;8:24.3;9:12.5;10:5.6;12:7.0;13:13.0;14:8.2;15:28.3;16:41.9;17:19.2
2019,3122449,James Washington,WR,111.5,7.43,2:3.3;3:2.4;4:0.0;5:6.7;6:0.0;8:2.6;9:8.9;10:16.0;11:6.4;12:17.3;13:19.1;14:5.3;15:10.8;16:6.6;17:0.0
2019,3128721,Sony Michel,RB,146.6,9.16,2:12.3;3:7.1;4:6.3;5:19.8;6:12.3;7:21.9;8:7.4;9:3.5;11:5.4;12:8.5;13:4.5;14:1.4;15:10.8;16:10.6;17:13.4
2019,3128720,Nick Chubb,RB,237.2,14.83,2:17.8;3:15.1;4:37.8;5:10.4;6:26.4;8:10.3;9:11.1;10:13.1;11:9.2;12:23.9;13:8.4;14:12.2;15:22.3;16:4.5;17:4.7
2019,3921564,Auden Tate,WR,81.5,6.79,2:1.1;3:9.8;4:7.0;5:10.1;6:11.6;7:8.0;8:9.0;10:5.1;11:7.6;12:1.5;13:8.6;14:2.1;15:0.0;16:0.0;17:0.0
2019,4047650,DK Metcalf,WR,158.1,9.88,2:13.6;3:7.7;4:1.1;5:11.4;6:9.3;7:5.3;8:14.8;9:24.0;10:8.0;12:5.0;13:8.5;14:10.8;15:10.6;16:0.0;17:17.1
2019,3121422,Terry McLaurin,WR,162.9,11.64,2:14.7;3:16.0;4:0.0;5:6.6;6:24.0;7:1.6;8:5.9;9:5.9;11:8.4;12:9.7;13:1.8;14:13.7;15:21.5;16:12.1;17:0.0
2019,3068939,Aldrick Rosas,K,67.0,4.19,2:1.0;3:6.0;4:6.0;5:4.0;6:2.0;7:2.0;8:2.0;9:12.0;10:1.0;12:0.0;13:8.0;14:5.0;15:4.0;16:4.0;17:5.0
2019,4047646,A.J. Brown,WR,191.1,11.94,2:4.0;3:0.9;4:22.9;5:3.7;6:3.3;7:9.2;8:8.1;9:10.1;10:2.2;12:21.5;13:6.0;14:31.1;15:21.4;16:14.8;17:20.4
2019,3917846,Mark Walton,RB,34.5,4.93,2:3.2;3:0.0;4:4.4;6:10.0;7:6.3;8:4.9;9:5.6;10:0.0;11:0.0;12:0.0;13:0.0;14:0.0;15:0.0;16:0.0;17:0.0
2019,3915411,Ty Johnson,RB,48.2,3.01,2:4.6;3:1.0;4:1.9;6:0.0;7:7.7;8:4.3;9:5.1;10:2.4;11:1.1;12:3.1;13:4.4;14:1.5;15:2.0;16:2.0;17:6.5
2019,4249087,Matt Gay,K,137.0,8.56,2:8.0;3:15.0;4:15.0;5:7.0;6:6.0;8:10.0;9:11.0;10:14.0;11:7.0;12:5.0;13:8.0;14:9.0;15:8.0;16:10.0;17:-1.0
2019,3892889,Dede Westbrook,WR,123.7,8.25,2:0.8;3:7.5;4:9.1;5:11.7;6:6.8;7:14.7;8:0.0;9:0.0;11:5.2;12:10.9;13:16.5;14:5.5;15:3.1;16:1.5;17:18.7
2019,3915416,DJ Moore,WR,187.0,12.47,2:13.4;3:12.9;4:5.9;5:12.1;6:12.1;8:6.3;9:13.6;10:16.5;11:13.5;12:28.4;13:16.2;14:10.1;15:16.3;16:0.6;17:0.0
2019,3916430,Nyheim Hines,RB,95.9,5.99,2:1.9;3:4.4;4:7.5;5:6.5;7:2.1;8:6.1;9:3.3;10:6.4;11:11.0;12:7.1;13:11.0;14:2.5;15:2.2;16:13.1;17:7.1
2019,4361606,Darwin Thompson,RB,27.6,2.3,2:0.1;3:0.8;4:0.0;5:0.0;6:0.0;7:0.0;8:0.4;9:0.0;10:1.2;11:0.0;13:10.4;14:6.3;15:4.4;16:1.4;17:1.8
2019,3122976,Jeff Wilson Jr.,RB,45.4,4.54,2:15.4;3:13.8;5:0.0;6:0.0;7:2.0;8:0.6;9:0.7;10:0.0;11:9.0;12:2.7;13:1.2;14:0.0;15:0.0;16:0.0;17:0.0
2019,3916945,Darius Slayton,WR,146.0,10.43,2:0.0;3:9.7;4:2.3;5:14.2;6:4.7;7:3.8;8:18.0;9:1.1;10:29.1;12:8.7;13:7.4;14:29.9;15:10.1;16:0.0;17:7.0
2019,3125404,Jacob Hollister,TE,73.4,6.67,1:0.0;2:0.0;6:0.0;7:3.5;8:2.8;9:17.7;10:16.2;12:3.2;13:7.4;14:5.4;15:3.8;16:8.9;17:4.5
2019,3125403,Brian Hill,RB,62.2,5.18,2:0.0;3:0.0;4:0.0;5:0.0;6:0.0;7:3.5;8:8.9;10:13.6;11:4.3;12:4.2;13:5.2;14:12.2;15:1.6;16:6.6;17:2.1
2019,3116407,Mason Rudolph,QB,108.8,10.88,2:11.18;3:14.46;4:16.86;5:9.24;6:0.0;8:16.04;9:10.14;10:13.58;11:6.34;12:1.8;13:0.0;14:0.0;15:0.0;16:9.16;17:0.0
2019,3917315,Kyler Murray,QB,285.28,17.83,2:16.36;3:17.82;4:16.34;5:25.42;6:28.8;7:6.96;8:10.1;9:23.04;10:26.76;11:26.7;13:13.32;14:9.96;15:16.36;16:12.72;17:13.0
2019,3116406,Tyreek Hill,WR,159.3,13.28,2:0.0;3:0.0;4:0.0;5:0.0;6:22.5;7:14.9;8:11.1;9:23.5;10:27.5;11:0.0;13:7.6;14:10.0;15:21.3;16:9.7;17:8.1
2019,3124084,Joey Slye,K,123.0,7.69,2:16.0;3:8.0;4:13.0;5:2.0;6:13.0;8:4.0;9:5.0;10:6.0;11:3.0;12:9.0;13:3.0;14:10.0;15:8.0;16:8.0;17:4.0
2019,3915399,Preston Williams,WR,74.8,9.35,2:8.3;3:8.8;4:6.6;6:4.1;7:9.2;8:6.2;9:21.7;10:0.0;11:0.0;12:0.0;13:0.0;14:0.0;15:0.0;16:0.0;17:0.0
2019,4034949,Eddy Pineiro,K,98.0,6.12,2:15.0;3:6.0;4:10.0;5:3.0;7:6.0;8:8.0;9:2.0;10:2.0;11:-1.0;12:7.0;13:6.0;14:7.0;15:7.0;16:4.0;17:13.0
2019,4047365,Josh Jacobs,RB,181.6,13.97,2:9.9;3:4.4;4:11.8;5:27.8;7:14.9;8:9.1;9:24.0;10:17.6;11:11.9;12:4.1;13:10.4;14:0.0;15:11.9;16:0.0;17:0.0
2019,4035072,Benny Snell Jr.,RB,56.4,4.34,2:2.3;3:0.6;4:0.1;5:0.0;6:9.4;8:1.3;9:0.0;10:0.0;11:0.0;12:10.8;13:13.2;14:2.1;15:0.1;16:1.4;17:15.1
2019,3916925,Kerryon Johnson,RB,80.0,10.0,2:15.8;3:10.8;4:14.7;6:13.1;7:2.3;8:0.0;9:0.0;10:0.0;11:0.0;12:0.0;13:0.0;14:0.0;15:0.0;16:4.8;17:11.3
2019,3122672,Royce Freeman,RB,120.7,7.54,2:12.7;3:9.3;4:7.0;5:7.7;6:10.1;7:14.7;8:11.0;9:1.9;11:5.0;12:3.9;13:4.4;14:10.2;15:4.6;16:10.7;17:0.9
2019,3115375,Darrel Williams,RB,60.3,5.02,2:0.0;3:13.4;4:17.1;5:0.0;6:5.7;7:1.6;8:1.0;9:0.1;10:2.0;11:11.3;13:8.1;14:0.0;15:0.0;16:0.0;17:0.0
2019,3122799,Jonathan Hilliman,RB,6.7,2.23,4:1.3;5:2.9;6:2.5;7:0.0;8:0.0;9:0.0;10:0.0;12:0.0;13:0.0;14:0.0;15:0.0;16:0.0;17:0.0
2019,4036348,Michael Gallup,WR,179.7,12.84,2:9.8;3:0.0;4:0.0;5:20.8;6:6.8;7:4.9;9:10.3;10:15.6;11:19.3;12:7.5;13:7.8;14:13.9;15:1.1;16:12.3;17:30.3
2019,4038524,Gardner Minshew II,QB,229.24,16.37,2:16.12;3:17.96;4:16.72;5:21.16;6:4.62;7:21.0;8:23.96;9:7.76;11:0.0;12:0.0;13:10.68;14:13.58;15:18.74;16:14.84;17:24.5
2019,3128429,Courtland Sutton,WR,186.42,11.65,2:6.0;3:11.2;4:21.2;5:17.2;6:9.6;7:11.7;8:8.7;9:14.8;11:16.32;12:3.2;13:21.4;14:5.9;15:9.9;16:6.6;17:7.2
2019,3123052,Michael Badgley,K,61.0,7.62,2:0.0;3:0.0;4:0.0;5:0.0;6:0.0;7:0.0;8:0.0;9:15.0;10:6.0;11:9.0;13:8.0;14:10.0;15:5.0;16:5.0;17:3.0
2019,3127306,Dante Pettis,WR,29.04,2.64,2:0.64;3:10.0;5:1.6;6:6.0;7:0.0;8:1.0;9:8.6;10:0.0;11:0.0;12:0.0;13:0.0;14:0.0;15:0.0;16:0.0;17:0.0
2019,3115913,Geronimo Allison,WR,58.4,3.65,2:8.5;3:0.4;4:13.4;5:3.8;6:5.5;7:5.3;8:1.2;9:3.1;10:2.1;12:2.4;13:3.0;14:1.6;15:2.9;16:2.0;17:3.2
2019,3916148,Tony Pollard,RB,81.7,5.45,2:3.0;3:20.3;4:0.0;5:1.9;6:1.3;7:2.8;9:3.5;10:-0.4;11:15.6;12:4.3;13:0.7;14:0.0;15:21.3;16:-2.0;17:7.0
2019,4048244,Alexander Mattison,RB,63.4,4.88,2:2.5;3:11.8;4:1.8;5:5.2;6:4.3;7:1.8;8:7.4;9:0.6;10:5.9;11:0.5;13:9.3;14:7.4;15:0.0;16:0.0;17:0.0
2019,3116165,Chris Godwin,WR,233.1,16.65,2:22.1;3:5.5;4:35.2;5:28.0;6:20.1;8:8.3;9:10.4;10:10.4;11:12.2;12:33.9;13:7.0;14:12.6;15:14.6;16:0.0;17:0.0
2019,3123076,David Njoku,TE,12.6,3.15,2:0.0;3:0.0;4:0.0;5:0.0;6:0.0;8:0.0;9:0.0;10:0.0;11:0.0;12:0.0;13:0.0;14:0.9;15:0.0;16:0.0;17:0.0
2019,3115394,DJ Chark Jr.,WR,189.3,12.62,2:15.0;3:15.6;4:6.4;5:32.4;6:5.8;7:8.8;8:16.9;9:5.2;11:26.4;12:8.3;13:5.7;14:12.0;15:0.0;16:2.8;17:5.4
2019,3123969,Ito Smith,RB,30.8,4.4,2:5.5;3:0.0;4:10.1;5:9.4;6:0.6;7:0.7;8:0.0;10:0.0;11:0.0;12:0.0;13:0.0;14:0.0;15:0.0;16:0.0;17:0.0
2019,3925357,Calvin Ridley,WR,165.5,12.73,2:20.5;3:1.1;4:4.7;5:17.3;6:12.8;7:5.0;8:11.0;10:6.2;11:24.3;12:19.0;13:13.1;14:16.1;15:0.0;16:0.0;17:0.0
2019,3919596,Chris Carson,RB,214.1,14.27,2:8.2;3:3.5;4:16.5;5:18.8;6:23.9;7:8.9;8:15.0;9:12.3;10:17.6;12:7.7;13:17.4;14:10.6;15:26.2;16:6.5;17:0.0
2019,3121023,Dallas Goedert,TE,115.7,7.71,2:0.0;3:0.0;4:8.6;5:1.6;6:7.3;7:12.9;8:9.7;9:5.9;11:11.1;12:4.7;13:9.6;14:5.6;15:8.0;16:19.6;17:8.5
2019,4045163,Miles Sanders,RB,193.7,12.11,2:5.2;3:11.6;4:7.2;5:8.4;6:16.7;7:4.7;8:21.3;9:8.8;11:5.7;12:10.1;13:19.0;14:8.9;15:32.2;16:24.1;17:6.6
2019,3127292,Will Dissly,TE,62.4,10.4,2:19.5;3:15.2;4:15.2;5:10.8;6:0.0;7:0.0;8:0.0;9:0.0;10:0.0;12:0.0;13:0.0;14:0.0;15:0.0;16:0.0;17:0.0
2019,3912550,Ronald Jones II,RB,150.8,9.43,2:0.9;3:12.6;4:14.7;5:6.6;6:7.0;8:5.7;9:15.2;10:18.6;11:2.4;12:14.2;13:0.8;14:7.9;15:5.4;16:18.4;17:10.6
2019,3932905,Diontae Johnson,WR,133.6,8.35,2:2.2;3:13.3;4:14.7;5:5.2;6:2.4;8:16.9;9:1.0;10:8.4;11:2.7;12:4.4;13:3.6;14:22.6;15:6.7;16:18.1;17:7.4
2019,3912547,Sam Darnold,QB,189.16,14.55,2:0.0;3:0.0;5:0.0;6:19.62;7:-6.66;8:12.62;9:12.5;10:21.7;11:25.42;12:28.2;13:10.46;14:17.1;15:15.82;16:9.62;17:9.76
2019,3916387,Lamar Jackson,QB,415.68,27.71,2:30.88;3:21.28;4:24.48;5:11.44;6:30.64;7:23.32;9:28.62;10:33.42;11:32.78;12:36.26;13:22.3;14:19.8;15:37.08;16:29.82;17:0.0
2019,3925347,Damien Harris,RB,1.2,0.6,2:0.0;3:0.0;4:0.0;5:0.0;6:0.0;7:1.2;8:0.0;9:0.0;11:0.0;12:0.0;13:0.0;14:0.0;15:0.0;16:0.0;17:0.0
2019,3126486,Deebo Samuel,WR,160.6,10.71,2:17.8;3:5.9;5:0.8;6:3.4;7:0.0;8:12.3;9:6.0;10:15.2;11:17.4;12:12.0;13:13.1;14:13.4;15:4.2;16:13.9;17:22.0
2019,3139925,Rashaad Penny,RB,71.3,7.13,2:13.0;3:0.0;4:0.0;5:5.9;6:0.0;7:0.0;8:5.5;9:1.2;10:-1.8;12:18.9;13:24.7;14:2.1;15:0.0;16:0.0;17:0.0
2019,4047839,N'Keal Harry,WR,33.4,4.77,2:0.0;3:0.0;4:0.0;5:0.0;6:0.0;7:0.0;8:0.0;9:0.0;11:3.3;12:7.5;13:0.0;14:1.7;15:10.7;16:4.9;17:5.3
2019,3116365,Mark Andrews,TE,175.2,11.68,2:21.2;3:3.0;4:11.1;5:7.0;6:10.9;7:4.9;9:3.1;10:20.3;11:15.5;12:5.5;13:12.5;14:1.9;15:13.2;16:24.3;17:0.0
2019,3917792,Daniel Jones,QB,214.98,16.54,2:0.0;3:34.24;4:12.3;5:10.48;6:5.24;7:10.42;8:28.18;9:11.8;10:30.32;12:14.7;13:8.2;14:0.0;15:0.0;16:35.28;17:14.64
2019,3123050,Chris Herndon,TE,1.2,1.2,2:0.0;3:0.0;5:0.0;6:0.0;7:0.0;8:0.0;9:0.0;10:1.2;11:0.0;12:0.0;13:0.0;14:0.0;15:0.0;16:0.0;17:0.0
2019,3116136,Justin Jackson,RB,26.7,3.81,2:6.9;3:5.0;4:0.0;5:0.0;6:0.0;7:0.0;8:0.0;9:1.9;10:0.0;11:0.0;13:0.0;14:2.5;15:2.7;16:0.0;17:1.1
2019,3918298,Josh Allen,QB,288.56,18.04,2:22.22;3:18.32;4:8.72;5:17.46;7:21.28;8:17.26;9:17.6;10:25.44;11:33.84;12:19.0;13:23.54;14:10.74;15:16.36;16:20.62;17:0.2
2019,3115365,Trey Quinn,WR,38.8,3.23,2:5.6;3:5.5;4:2.0;5:1.3;6:1.8;7:4.0;8:2.0;9:1.4;11:3.9;12:0.0;13:0.0;14:0.0;15:0.0;16:0.0;17:0.0
2019,3115364,Leonard Fournette,RB,221.4,14.76,2:10.7;3:12.2;4:25.5;5:21.7;6:14.8;7:15.5;8:17.1;9:9.7;11:9.2;12:32.4;13:13.6;14:7.8;15:9.8;16:12.0;17:0.0
2019,3116385,Joe Mixon,RB,207.9,12.99,2:4.2;3:16.4;4:8.3;5:11.4;6:4.9;7:6.9;8:15.7;10:16.1;11:16.8;12:7.9;13:15.0;14:26.1;15:17.1;16:8.3;17:30.1
2019,4035538,David Montgomery,RB,157.9,9.87,2:13.3;3:9.6;4:8.2;5:10.1;7:0.9;8:22.7;9:21.1;10:6.0;11:5.5;12:4.1;13:15.7;14:6.6;15:5.4;16:6.4;17:17.3
2019,3126367,Bo Scarbrough,RB,42.7,7.12,1:0.0;2:0.0;11:11.5;12:7.8;13:8.3;14:7.5;15:0.0;16:3.4;17:4.2
2019,3120348,JuJu Smith-Schuster,WR,92.2,7.68,2:10.9;3:15.6;4:3.0;5:15.0;6:1.2;8:18.8;9:3.1;10:5.9;11:3.1;12:0.0;13:0.0;14:0.0;15:0.0;16:3.2;17:1.6
2019,3119195,Chase Edmonds,RB,76.8,5.91,2:2.7;3:3.0;4:3.7;5:16.1;6:13.7;7:34.0;8:2.3;9:0.0;10:0.0;11:0.0;13:0.0;14:0.9;15:0.0;16:0.0;17:-0.1
2020,10636,Mason Crosby,K,120.0,7.5,2:11.0;3:16.0;4:7.0;6:4.0;7:5.0;8:2.0;9:12.0;10:6.0;11:7.0;12:5.0;13:7.0;14:9.0;15:8.0;16:4.0;17:5.0
2020,16782,Jerick McKinnon,RB,109.7,6.86,2:13.7;3:15.2;4:19.2;5:1.5;6:3.8;7:-0.1;8:11.9;9:14.3;10:5.1;12:4.2;13:0.0;14:0.0;15:3.2;16:4.7;17:1.1
2020,14993,Greg Zuerlein,K,146.0,9.12,2:11.0;3:9.0;4:2.0;5:14.0;6:3.0;7:4.0;8:12.0;9:15.0;11:5.0;12:10.0;13:2.0;14:14.0;15:12.0;16:13.0;17:16.0
2020,16790,Jarvis Landry,WR,151.96,10.13,1:8.6;2:6.1;3:5.6;4:12.78;5:10.8;6:5.5;7:8.46;8:7.2;10:4.4;11:3.6;12:24.3;13:16.44;14:8.68;15:15.6;17:13.9
2020,-16002,Bills D/ST,D/ST,96.0,6.0,2:-1.0;3:0.0;4:5.0;5:-3.0;6:-2.0;7:16.0;8:4.0;9:9.0;10:1.0;12:5.0;13:1.0;14:14.0;15:13.0;16:8.0;17:16.0
2020,-16003,Bears D/ST,D/ST,82.0,5.12,2:13.0;3:3.0;4:3.0;5:5.0;6:11.0;7:10.0;8:0.0;9:5.0;10:10.0;12:-4.0;13:-2.0;14:18.0;15:2.0;16:8.0;17:0.0
2020,-16005,Browns D/ST,D/ST,82.0,5.12,2:3.0;3:13.0;4:-1.0;5:13.0;6:3.0;7:2.0;8:3.0;10:7.0;11:20.0;12:-1.0;13:3.0;14:2.0;15:7.0;16:6.0;17:2.0
2020,-16006,Cowboys D/ST,D/ST,47.0,2.94,2:-3.0;3:-2.0;4:-9.0;5:9.0;6:-5.0;7:1.0;8:15.0;9:1.0;11:2.0;12:2.0;13:-2.0;14:17.0;15:10.0;16:5.0;17:6.0
2020,-16007,Broncos D/ST,D/ST,59.0,3.69,2:2.0;3:3.0;4:6.0;6:15.0;7:5.0;8:0.0;9:2.0;10:-4.0;11:13.0;12:6.0;13:-2.0;14:9.0;15:-6.0;16:2.0;17:5.0
2020,13981,Mark Ingram II,RB,49.9,4.54,2:14.7;3:3.0;4:10.2;5:5.7;6:2.0;8:0.0;9:0.0;10:3.9;11:0.2;12:0.0;13:3.4;14:0.0;15:0.0;16:0.0;17:3.9
2020,-16009,Packers D/ST,D/ST,91.0,5.69,2:12.0;3:2.0;4:5.0;6:-1.0;7:4.0;8:0.0;9:6.0;10:7.0;11:1.0;12:14.0;13:12.0;14:6.0;15:5.0;16:9.0;17:5.0
2020,13982,Julio Jones,WR,120.6,13.4,2:3.4;3:0.0;4:5.2;5:0.0;6:29.7;7:13.7;8:17.2;9:13.9;11:4.9;12:0.0;13:12.4;14:0.0;15:0.0;16:0.0;17:0.0
2020,-16010,Titans D/ST,D/ST,32.0,2.0,2:0.0;3:2.0;5:7.0;6:-4.0;7:5.0;8:-2.0;9:13.0;10:-3.0;11:3.0;12:10.0;13:-6.0;14:6.0;15:3.0;16:-3.0;17:-2.0
2020,13215,Dez Bryant,WR,19.7,3.28,9:0.0;11:4.8;12:0.0;13:0.0;14:0.0;15:7.6;16:7.3;17:0.0
2020,13983,A.J. Green,WR,87.8,5.49,2:4.4;3:6.1;4:0.8;5:0.0;6:13.6;7:11.7;8:2.9;10:0.0;11:12.1;12:0.0;13:0.0;14:15.2;15:5.0;16:8.4;17:0.0
2020,16799,Allen Robinson II,WR,211.9,13.24,2:4.8;3:23.3;4:19.6;5:14.0;6:7.8;7:9.0;8:17.7;9:11.6;10:7.3;12:23.4;13:10.5;14:22.8;15:10.3;16:15.3;17:4.7
2020,-16011,Colts D/ST,D/ST,141.0,8.81,2:17.0;3:27.0;4:8.0;5:10.0;6:3.0;8:15.0;9:6.0;10:12.0;11:7.0;12:-5.0;13:10.0;14:9.0;15:6.0;16:-1.0;17:11.0
2020,5536,Ben Roethlisberger,QB,267.22,17.81,2:18.24;3:19.18;5:21.36;6:10.98;7:12.62;8:15.28;9:25.04;10:29.32;11:16.68;12:12.54;13:18.2;14:13.48;15:6.7;16:25.54;17:0.0
2020,16800,Davante Adams,WR,300.9,21.49,2:5.1;3:0.0;4:0.0;6:9.1;7:38.1;8:26.8;9:28.3;10:14.6;11:20.1;12:15.1;13:29.1;14:21.0;15:7.7;16:37.7;17:13.6
2020,-16012,Chiefs D/ST,D/ST,86.0,5.38,2:-1.0;3:8.0;4:18.0;5:-5.0;6:5.0;7:21.0;8:10.0;9:-2.0;11:0.0;12:2.0;13:5.0;14:13.0;15:4.0;16:6.0;17:-3.0
2020,13217,Golden Tate,WR,69.02,5.75,2:7.2;3:6.1;4:4.0;5:6.2;6:1.6;7:10.4;8:10.82;9:0.0;10:5.4;12:5.6;13:5.0;14:4.4;15:2.3;16:0.0;17:0.0
2020,-16014,Rams D/ST,D/ST,159.0,9.94,2:5.0;3:4.0;4:12.0;5:14.0;6:-1.0;7:14.0;8:8.0;10:13.0;11:7.0;12:15.0;13:13.0;14:20.0;15:4.0;16:7.0;17:21.0
2020,-16015,Dolphins D/ST,D/ST,105.0,6.56,2:-4.0;3:11.0;4:0.0;5:14.0;6:12.0;8:18.0;9:5.0;10:8.0;11:-1.0;12:13.0;13:16.0;14:7.0;15:8.0;16:2.0;17:-5.0
2020,16804,John Brown,WR,80.3,8.92,2:16.2;3:0.0;4:6.2;5:0.0;6:0.0;7:0.0;8:2.6;9:13.9;10:10.2;12:0.0;13:0.0;14:0.0;15:0.0;16:0.0;17:15.2
2020,-16016,Vikings D/ST,D/ST,27.0,1.69,2:3.0;3:0.0;4:4.0;5:6.0;6:-4.0;8:0.0;9:5.0;10:12.0;11:3.0;12:4.0;13:11.0;14:0.0;15:1.0;16:-8.0;17:-1.0
2020,-16017,Patriots D/ST,D/ST,90.0,5.62,2:4.0;3:13.0;4:3.0;6:8.0;7:1.0;8:3.0;9:3.0;10:4.0;11:-1.0;12:7.0;13:28.0;14:3.0;15:3.0;16:-8.0;17:7.0
2020,-16018,Saints D/ST,D/ST,122.0,7.62,2:3.0;3:-3.0;4:6.0;5:2.0;7:3.0;8:7.0;9:16.0;10:15.0;11:17.0;12:14.0;13:6.0;14:-1.0;15:4.0;16:0.0;17:16.0
2020,-16019,Giants D/ST,D/ST,87.0,5.44,2:9.0;3:-4.0;4:7.0;5:8.0;6:13.0;7:2.0;8:4.0;9:9.0;10:4.0;12:12.0;13:12.0;14:0.0;15:0.0;16:-1.0;17:8.0
2020,-16021,Eagles D/ST,D/ST,84.0,5.25,2:-1.0;3:8.0;4:14.0;5:-1.0;6:1.0;7:9.0;8:21.0;10:2.0;11:8.0;12:2.0;13:4.0;14:8.0;15:0.0;16:-5.0;17:9.0
2020,13994,Cam Newton,QB,259.98,17.33,2:34.58;3:11.18;4:0.0;6:17.98;7:-0.18;8:18.36;9:24.56;10:16.82;11:19.2;12:3.96;13:23.56;14:4.36;15:12.16;16:9.76;17:37.98
2020,-16022,Cardinals D/ST,D/ST,91.0,5.69,2:9.0;3:4.0;4:-2.0;5:8.0;6:14.0;7:0.0;9:2.0;10:2.0;11:3.0;12:10.0;13:-3.0;14:20.0;15:7.0;16:4.0;17:9.0
2020,-16023,Steelers D/ST,D/ST,147.0,9.19,2:13.0;3:9.0;5:8.0;6:19.0;7:4.0;8:13.0;9:5.0;10:11.0;11:16.0;12:16.0;13:3.0;14:5.0;15:4.0;16:8.0;17:3.0
2020,12460,Graham Gano,K,132.0,8.25,2:6.0;3:13.0;4:9.0;5:20.0;6:8.0;7:3.0;8:5.0;9:13.0;10:10.0;12:15.0;13:4.0;14:1.0;15:6.0;16:8.0;17:7.0
2020,15788,Tyler Eifert,TE,64.9,4.33,2:11.1;3:2.1;4:3.2;5:3.1;6:0.0;7:0.0;9:6.8;10:2.5;11:4.2;12:9.1;13:7.5;14:3.2;15:6.6;16:2.7;17:1.5
2020,-16024,Chargers D/ST,D/ST,72.0,4.5,2:0.0;3:4.0;4:0.0;5:0.0;7:8.0;8:2.0;9:2.0;10:3.0;11:10.0;12:9.0;13:0.0;14:9.0;15:0.0;16:6.0;17:7.0
2020,13229,Rob Gronkowski,TE,126.8,7.93,2:0.0;3:7.8;4:3.4;5:6.7;6:16.3;7:14.7;8:12.1;9:0.7;10:12.1;11:3.5;12:13.6;14:6.7;15:4.4;16:18.8;17:3.9
2020,-16025,49ers D/ST,D/ST,88.0,5.5,2:6.0;3:13.0;4:7.0;5:-4.0;6:5.0;7:16.0;8:-2.0;9:-3.0;10:9.0;12:17.0;13:-1.0;14:10.0;15:1.0;16:9.0;17:4.0
2020,-16026,Seahawks D/ST,D/ST,75.0,4.69,2:-2.0;3:5.0;4:2.0;5:4.0;7:-5.0;8:6.0;9:1.0;10:4.0;11:5.0;12:11.0;13:11.0;14:12.0;15:8.0;16:8.0;17:5.0
2020,-16027,Buccaneers D/ST,D/ST,111.0,6.94,2:11.0;3:19.0;4:6.0;5:7.0;6:20.0;7:5.0;8:6.0;9:-1.0;10:8.0;11:1.0;12:-2.0;14:9.0;15:2.0;16:14.0;17:4.0
2020,13232,Jimmy Graham,TE,118.6,7.41,2:2.3;3:21.0;4:5.3;5:10.8;6:5.9;7:5.6;8:2.3;9:14.5;10:0.0;12:4.7;13:0.0;14:10.3;15:3.5;16:20.9;17:1.5
2020,-16028,Washington D/ST,D/ST,127.0,7.94,2:1.0;3:1.0;4:3.0;5:-1.0;6:6.0;7:17.0;9:4.0;10:-1.0;11:13.0;12:17.0;13:3.0;14:23.0;15:2.0;16:10.0;17:12.0
2020,-16029,Panthers D/ST,D/ST,80.0,5.0,2:3.0;3:8.0;4:5.0;5:4.0;6:4.0;7:0.0;8:1.0;9:2.0;10:-6.0;11:15.0;12:18.0;14:1.0;15:7.0;16:19.0;17:1.0
2020,15795,DeAndre Hopkins,WR,230.3,14.39,2:16.8;3:18.7;4:7.6;5:22.1;6:8.3;7:19.3;9:4.5;10:22.2;11:7.6;12:8.0;13:15.2;14:18.1;15:25.5;16:8.8;17:5.5
2020,-16033,Ravens D/ST,D/ST,125.0,7.81,2:15.0;3:1.0;4:6.0;5:25.0;6:6.0;8:6.0;9:13.0;10:1.0;11:0.0;12:7.0;13:3.0;14:-4.0;15:12.0;16:11.0;17:11.0
2020,-16034,Texans D/ST,D/ST,9.0,0.56,2:1.0;3:0.0;4:-1.0;5:8.0;6:-2.0;7:-2.0;9:1.0;10:3.0;11:-1.0;12:15.0;13:2.0;14:-1.0;15:0.0;16:-9.0;17:-4.0
2020,12731,Ryan Succop,K,142.0,8.88,2:7.0;3:9.0;4:7.0;5:14.0;6:10.0;7:9.0;8:15.0;9:4.0;10:17.0;11:6.0;12:6.0;14:9.0;15:7.0;16:4.0;17:14.0
2020,12483,Matthew Stafford,QB,260.56,16.29,2:16.16;3:18.5;4:22.34;6:12.32;7:18.4;8:22.44;9:8.44;10:23.04;11:7.62;12:16.1;13:26.08;14:14.36;15:15.28;16:0.68;17:22.62
2020,15818,Keenan Allen,WR,195.1,13.94,2:13.1;3:23.7;4:10.2;5:9.9;7:17.5;8:17.2;9:20.8;10:11.4;11:26.5;12:14.0;13:7.3;14:15.7;15:2.1;16:0.0;17:0.0
2020,15825,Le'Veon Bell,RB,66.6,6.05,2:0.0;3:0.0;4:0.0;5:7.2;6:0.0;7:3.9;8:5.3;9:0.8;11:10.1;12:4.2;13:6.5;14:4.5;15:14.1;16:4.4;17:0.0
2020,15826,Giovani Bernard,RB,134.6,8.41,2:5.0;3:7.0;4:1.9;5:0.9;6:10.3;7:18.1;8:21.3;10:6.7;11:7.5;12:5.9;13:3.9;14:1.8;15:22.2;16:16.6;17:0.7
2020,16339,Brandon McManus,K,130.0,8.67,2:7.0;3:6.0;4:18.0;6:24.0;7:5.0;8:7.0;9:11.0;10:8.0;11:9.0;12:5.0;13:5.0;14:2.0;15:0.0;16:13.0;17:8.0
2020,10452,Adrian Peterson,RB,118.5,7.41,2:4.1;3:9.0;4:9.6;6:12.3;7:3.5;8:1.7;9:5.8;10:3.5;11:1.8;12:17.5;13:17.7;14:3.5;15:2.3;16:1.0;17:12.3
2020,8664,Ryan Fitzpatrick,QB,153.24,17.03,2:24.32;3:24.7;4:21.3;5:27.6;6:16.04;8:0.0;9:0.0;10:0.0;11:3.28;12:19.28;13:0.0;14:0.0;15:0.0;16:11.28;17:0.0
2020,15835,Zach Ertz,TE,59.5,5.41,2:6.7;3:10.5;4:4.9;5:1.1;6:5.3;7:0.0;8:0.0;10:0.0;11:0.0;12:0.0;13:4.1;14:1.8;15:7.9;16:4.8;17:3.1
2020,8416,Alex Smith,QB,71.58,8.95,2:0.0;3:0.0;4:0.0;5:1.58;6:0.0;7:0.0;9:11.0;10:16.0;11:8.34;12:8.06;13:15.84;14:0.28;15:0.0;16:0.0;17:10.48
2020,15072,Marvin Jones Jr.,WR,189.8,11.86,2:10.3;3:6.6;4:1.4;6:1.8;7:10.5;8:17.4;9:11.8;10:19.6;11:7.1;12:7.8;13:21.6;14:6.8;15:22.2;16:3.4;17:34.0
2020,12514,LeSean McCoy,RB,20.7,2.07,2:4.6;3:3.4;4:1.1;5:0.0;6:1.2;7:0.0;8:0.0;9:0.0;10:0.0;11:0.0;12:0.0;14:4.0;15:4.7;16:1.0;17:0.0
2020,11237,Matt Ryan,QB,282.44,17.65,2:28.52;3:11.42;4:12.4;5:6.94;6:31.64;7:17.52;8:17.94;9:22.36;11:5.28;12:13.9;13:12.92;14:7.26;15:27.84;16:19.9;17:22.7
2020,14054,Kyle Rudolph,TE,51.4,4.28,2:0.0;3:8.1;4:3.7;5:1.5;6:6.2;8:1.7;9:5.5;10:6.3;11:4.3;12:10.3;13:0.0;14:0.0;15:0.0;16:0.0;17:0.0
2020,15847,Travis Kelce,TE,260.26,17.35,2:19.5;3:11.7;4:8.5;5:20.8;6:19.0;7:4.6;8:20.9;9:20.9;11:22.86;12:12.2;13:23.6;14:23.6;15:18.8;16:19.3;17:0.0
2020,9704,Stephen Gostkowski,K,111.0,7.4,2:12.0;3:25.0;5:6.0;6:2.0;7:7.0;8:1.0;9:7.0;10:6.0;11:12.0;12:10.0;13:3.0;14:9.0;15:8.0;16:2.0;17:0.0
2020,10475,Greg Olsen,TE,41.9,3.81,2:0.0;3:8.6;4:6.0;5:2.5;7:2.8;8:0.0;9:2.3;10:4.3;11:3.0;12:0.0;13:0.0;14:0.0;15:0.0;16:2.0;17:0.0
2020,13295,Emmanuel Sanders,WR,134.3,9.59,2:2.3;3:13.6;4:12.3;5:18.2;7:0.0;8:0.0;9:11.8;10:1.0;11:8.6;12:0.9;13:6.4;14:12.3;15:9.6;16:11.5;17:16.8
2020,14322,Dan Bailey,K,83.0,5.19,2:3.0;3:6.0;4:6.0;5:11.0;6:1.0;8:4.0;9:4.0;10:8.0;11:4.0;12:10.0;13:7.0;14:-3.0;15:9.0;16:3.0;17:6.0
2020,15091,Randy Bullock,K,95.0,7.92,2:13.0;3:12.0;4:17.0;5:3.0;6:11.0;7:10.0;8:7.0;10:4.0;11:3.0;12:6.0;13:0.0;14:0.0;15:0.0;16:0.0;17:0.0
2020,15860,Jordan Reed,TE,60.1,6.01,2:20.5;3:3.3;4:0.0;5:0.0;6:0.0;7:0.0;8:0.0;9:0.8;10:8.7;12:2.8;13:10.7;14:2.3;15:8.8;16:0.0;17:0.0
2020,15349,Cole Beasley,WR,166.5,11.1,2:9.5;3:13.0;4:10.7;5:8.3;6:12.5;7:16.7;8:3.4;9:5.4;10:22.4;12:8.3;13:23.5;14:6.6;15:15.2;16:3.2;17:0.0
2020,8439,Aaron Rodgers,QB,382.76,23.92,2:18.7;3:24.52;4:29.58;6:3.8;7:27.32;8:22.54;9:28.9;10:25.4;11:21.74;12:25.64;13:23.5;14:30.9;15:18.32;16:25.14;17:26.0
2020,12537,Jared Cook,TE,108.9,7.26,2:8.3;3:3.1;4:0.0;5:12.2;7:10.7;8:13.6;9:2.0;10:0.0;11:1.1;12:0.0;13:10.3;14:11.2;15:3.9;16:9.7;17:12.3
2020,15880,Robert Woods,WR,200.1,12.51,2:10.3;3:18.9;4:6.8;5:15.1;6:12.0;7:4.0;8:24.9;10:6.1;11:24.6;12:12.3;13:13.5;14:5.6;15:18.6;16:6.9;17:5.6
2020,11283,DeSean Jackson,WR,37.8,7.56,2:9.4;3:2.1;4:0.0;5:0.0;6:0.0;7:6.1;8:0.0;10:0.0;11:0.0;12:0.0;13:0.0;14:0.0;15:0.0;16:14.6;17:0.0
2020,2580,Drew Brees,QB,209.48,17.46,2:14.48;3:23.52;4:15.54;5:21.1;7:23.68;8:19.6;9:22.68;10:6.94;11:0.0;12:0.0;13:0.0;14:0.0;15:19.36;16:8.14;17:20.04
2020,2330,Tom Brady,QB,337.92,21.12,2:8.68;3:23.88;4:32.46;5:14.12;6:14.64;7:36.86;8:19.06;9:2.36;10:31.84;11:12.64;12:21.7;14:15.64;15:23.4;16:29.92;17:30.26
2020,14876,Ryan Tannehill,QB,343.86,21.49,2:26.76;3:12.24;5:30.0;6:28.64;7:17.3;8:17.32;9:14.62;10:10.78;11:21.86;12:19.14;13:27.56;14:16.48;15:37.02;16:16.34;17:28.44
2020,14877,Nick Foles,QB,104.18,11.58,2:0.0;3:17.22;4:11.86;5:11.62;6:16.32;7:6.44;8:16.88;9:21.6;10:2.44;12:0.0;13:0.0;14:0.0;15:0.0;16:-0.2;17:0.0
2020,8479,Frank Gore,RB,92.2,6.15,2:6.3;3:6.7;4:4.1;5:3.0;6:9.0;7:6.0;8:3.0;9:6.9;11:14.1;12:10.1;13:0.2;14:1.6;15:13.0;16:5.8;17:0.0
2020,14880,Kirk Cousins,QB,306.2,19.14,2:-1.48;3:19.44;4:14.9;5:14.16;6:23.72;8:10.4;9:20.8;10:17.58;11:22.96;12:26.18;13:21.4;14:17.1;15:19.34;16:23.64;17:34.3
2020,14881,Russell Wilson,QB,359.78,22.49,2:33.42;3:36.8;4:20.9;5:24.48;7:29.92;8:28.74;9:22.1;10:9.92;11:20.08;12:14.4;13:15.02;14:22.14;15:12.04;16:19.9;17:18.14
2020,14886,Lamar Miller,RB,1.6,1.6,5:0.0;6:0.0;7:0.0;8:0.0;9:0.0;10:1.6;12:0.0;13:0.0;14:0.0;15:0.0;16:0.0;17:0.0
2020,15920,Latavius Murray,RB,124.7,8.31,2:4.3;3:7.0;4:20.8;5:6.7;7:6.1;8:4.6;9:5.2;10:5.7;11:9.5;12:25.1;13:2.7;14:1.2;15:9.9;16:11.1;17:0.0
2020,14912,Alshon Jeffery,WR,20.5,2.93,2:0.0;3:0.0;4:0.0;5:0.0;6:0.0;7:0.0;8:0.0;10:0.0;11:0.0;12:2.5;13:0.0;14:8.0;15:7.3;16:2.7;17:0.0
2020,15683,Justin Tucker,K,142.0,8.88,2:16.0;3:9.0;4:8.0;5:9.0;6:16.0;8:8.0;9:7.0;10:5.0;11:10.0;12:2.0;13:9.0;14:9.0;15:8.0;16:9.0;17:8.0
2020,14924,T.Y. Hilton,WR,136.2,9.08,2:4.3;3:6.7;4:4.4;5:9.9;6:1.6;8:1.9;9:0.0;10:6.0;11:5.1;12:16.1;13:21.0;14:23.1;15:9.1;16:7.5;17:12.2
2020,16460,Adam Thielen,WR,217.0,14.47,2:4.6;3:10.8;4:22.2;5:24.8;6:12.6;8:4.2;9:4.8;10:18.3;11:28.3;12:0.0;13:17.5;14:5.4;15:8.1;16:19.7;17:7.7
2020,16725,Sammy Watkins,WR,68.9,6.89,2:1.6;3:9.7;4:4.3;5:9.4;6:0.0;7:0.0;8:0.0;9:0.0;11:0.0;12:5.8;13:5.5;14:6.2;15:8.0;16:0.4;17:0.0
2020,16728,Teddy Bridgewater,QB,241.22,16.08,2:8.68;3:14.6;4:26.24;5:20.82;6:9.44;7:19.16;8:12.04;9:28.3;10:19.04;11:0.0;12:13.88;14:20.42;15:16.92;16:8.58;17:3.74
2020,16731,Brandin Cooks,WR,191.5,12.77,2:12.0;3:3.8;4:0.0;5:26.1;6:17.3;7:9.5;9:15.8;10:6.9;11:10.5;12:11.0;13:9.0;14:0.0;15:8.9;16:23.6;17:34.1
2020,16732,Eric Ebron,TE,113.8,7.59,2:5.8;3:13.7;5:4.8;6:1.9;7:8.0;8:12.8;9:9.7;10:4.8;11:11.6;12:8.9;13:10.3;14:6.0;15:0.0;16:13.2;17:0.0
2020,16733,Odell Beckham Jr.,WR,75.32,10.76,2:15.4;3:7.9;4:35.9;5:8.92;6:3.5;7:0.0;8:0.0;10:0.0;11:0.0;12:0.0;13:0.0;14:0.0;15:0.0;16:0.0;17:0.0
2020,15966,Chris Thompson,RB,32.6,4.08,2:10.2;3:6.3;4:0.0;5:5.7;6:3.0;7:0.0;9:5.8;10:0.0;11:0.0;12:0.0;13:0.0;14:0.0;15:0.0;16:0.0;17:0.0
2020,16737,Mike Evans,WR,213.6,13.35,2:19.9;3:13.2;4:21.7;5:12.6;6:1.5;7:4.7;8:14.0;9:8.4;10:16.7;11:13.4;12:18.5;14:7.1;15:14.0;16:35.1;17:6.1
2020,15971,Rex Burkhead,RB,95.1,9.51,2:6.9;3:31.3;4:5.5;6:1.4;7:6.2;8:3.6;9:14.2;10:20.6;11:2.2;12:0.0;13:0.0;14:0.0;15:0.0;16:0.0;17:0.0
2020,12649,Julian Edelman,WR,45.72,7.62,2:21.9;3:3.2;4:5.0;6:3.32;7:1.8;8:0.0;9:0.0;10:0.0;11:0.0;12:0.0;13:0.0;14:0.0;15:0.0;16:0.0;17:0.0
2020,13934,Antonio Brown,WR,94.6,11.82,7:0.0;8:0.0;9:4.6;10:10.1;11:9.8;12:2.1;14:7.4;15:17.8;16:11.5;17:31.3
2020,11122,Matt Prater,K,110.0,6.88,2:2.0;3:14.0;4:3.0;6:10.0;7:15.0;8:2.0;9:8.0;10:16.0;11:-1.0;12:5.0;13:4.0;14:6.0;15:7.0;16:1.0;17:7.0
2020,16757,Derek Carr,QB,272.12,17.01,2:21.66;3:15.44;4:20.44;5:23.98;7:19.26;8:12.54;9:14.0;10:7.16;11:21.6;12:0.6;13:31.74;14:23.84;15:2.12;16:23.24;17:20.94
2020,14198,Dion Lewis,RB,47.7,2.98,2:13.6;3:1.5;4:2.8;5:1.1;6:1.5;7:0.3;8:7.8;9:3.1;10:2.7;12:2.2;13:0.6;14:5.4;15:2.8;16:1.5;17:0.7
2020,16760,Jimmy Garoppolo,QB,64.34,10.72,2:13.24;3:0.0;4:0.0;5:-0.92;6:23.52;7:7.48;8:1.76;9:0.0;10:0.0;12:0.0;13:0.0;14:0.0;15:0.0;16:0.0;17:0.0
2020,16777,Carlos Hyde,RB,76.9,7.69,2:4.7;3:2.8;4:0.0;5:0.0;7:15.1;8:0.0;9:0.0;10:0.0;11:16.5;12:3.9;13:2.6;14:6.6;15:13.3;16:3.1;17:0.0
2020,9354,Robbie Gould,K,102.0,6.8,2:8.0;3:13.0;4:2.0;5:5.0;6:7.0;7:10.0;8:3.0;9:5.0;10:8.0;12:13.0;13:7.0;14:1.0;15:10.0;16:0.0;17:0.0
2020,2975674,Robert Tonyan,TE,150.6,9.41,2:9.5;3:13.5;4:30.8;6:4.0;7:4.2;8:10.4;9:1.0;10:4.8;11:12.9;12:15.2;13:11.9;14:12.1;15:9.3;16:2.2;17:8.8
2020,2577327,Tyler Lockett,WR,215.4,13.46,2:16.2;3:32.5;4:4.9;5:6.4;7:45.5;8:5.3;9:6.0;10:9.1;11:17.2;12:3.8;13:9.3;14:7.7;15:5.4;16:5.9;17:27.0
2020,3122866,Devontae Booker,RB,77.2,4.83,2:1.0;3:3.1;4:0.0;5:7.2;7:2.4;8:5.1;9:12.8;10:20.8;11:2.4;12:1.0;13:5.6;14:3.4;15:1.2;16:2.9;17:1.6
2020,3051439,Boston Scott,RB,83.1,5.19,2:5.8;3:0.5;4:0.1;5:0.3;6:1.9;7:16.7;8:8.9;10:13.9;11:6.5;12:7.2;13:0.9;14:2.2;15:1.2;16:1.7;17:8.9
2020,3049899,Younghoe Koo,K,166.0,11.07,2:17.0;3:7.0;4:0.0;5:13.0;6:20.0;7:2.0;8:13.0;9:12.0;11:13.0;12:21.0;13:12.0;14:6.0;15:11.0;16:1.0;17:9.0
2020,3117256,Dalton Schultz,TE,115.0,7.19,2:17.3;3:6.8;4:15.2;5:1.1;6:5.5;7:3.2;8:8.3;9:6.8;11:10.5;12:4.9;13:6.4;14:4.9;15:8.4;16:3.6;17:10.5
2020,3117251,Christian McCaffrey,RB,81.9,27.3,2:22.8;3:0.0;4:0.0;5:0.0;6:0.0;7:0.0;8:0.0;9:32.1;10:0.0;11:0.0;12:0.0;14:0.0;15:0.0;16:0.0;17:0.0
2020,2985659,Wil Lutz,K,130.0,8.12,2:6.0;3:13.0;4:5.0;5:15.0;7:11.0;8:13.0;9:8.0;10:10.0;11:5.0;12:8.0;13:2.0;14:1.0;15:3.0;16:10.0;17:10.0
2020,3049916,Matt Breida,RB,37.5,3.12,2:4.4;3:0.4;4:6.3;5:6.4;6:3.2;8:1.3;9:0.0;10:0.0;11:0.4;12:4.3;13:0.0;14:0.0;15:8.6;16:0.0;17:0.0
2020,16813,Logan Thomas,TE,140.62,8.79,2:4.6;3:5.1;4:1.3;5:0.9;6:11.7;7:14.0;9:4.3;10:8.6;11:1.8;12:11.42;13:20.3;14:7.3;15:16.6;16:9.8;17:11.2
2020,3040151,George Kittle,TE,101.1,12.64,2:0.0;3:0.0;4:32.6;5:6.4;6:20.4;7:8.0;8:4.9;9:0.0;10:0.0;12:0.0;13:0.0;14:0.0;15:0.0;16:11.2;17:10.3
2020,3122840,Deshaun Watson,QB,369.32,23.08,2:14.7;3:17.06;4:20.9;5:24.86;6:32.0;7:24.16;9:24.24;10:14.12;11:31.36;12:33.12;13:19.44;14:16.56;15:23.42;16:26.76;17:25.8
2020,2508176,David Johnson,RB,163.0,13.58,2:6.0;3:11.6;4:10.2;5:11.3;6:13.4;7:14.4;9:1.6;10:0.0;11:0.0;12:0.0;13:10.4;14:0.0;15:18.8;16:27.4;17:19.5
2020,3051926,Gus Edwards,RB,123.7,7.73,2:7.3;3:3.9;4:3.8;5:2.5;6:8.6;8:14.7;9:8.4;10:7.8;11:0.6;12:7.0;13:10.1;14:17.8;15:8.8;16:13.2;17:7.5
2020,2979477,Tevin Coleman,RB,10.7,1.34,2:5.0;3:0.0;4:0.0;5:0.0;6:0.0;7:0.0;8:2.0;9:0.0;10:0.0;12:0.0;13:-1.1;14:0.0;15:1.1;16:0.8;17:0.0
2020,2573974,Tyler Ervin,RB,20.6,2.58,2:0.9;3:2.3;4:1.3;6:0.0;7:0.0;8:1.2;9:9.2;10:0.8;11:0.0;12:0.0;13:0.0;14:0.0;15:0.0;16:0.0;17:0.0
2020,2977187,Cooper Kupp,WR,162.7,10.85,2:10.5;3:21.2;4:15.2;5:9.1;6:2.6;7:8.9;8:16.5;10:7.5;11:20.0;12:5.1;13:11.3;14:11.8;15:6.4;16:10.6;17:0.0
2020,3043234,Zane Gonzalez,K,92.0,7.67,2:13.0;3:7.0;4:3.0;5:7.0;6:8.0;7:15.0;9:6.0;10:16.0;11:3.0;12:5.0;13:3.0;14:0.0;15:0.0;16:0.0;17:0.0
2020,3050487,Anthony Miller,WR,84.2,5.26,2:0.0;3:12.0;4:3.1;5:4.8;6:2.3;7:3.5;8:11.3;9:6.4;10:3.8;12:4.3;13:8.4;14:2.6;15:1.8;16:2.0;17:2.3
2020,2576623,DeVante Parker,WR,134.8,9.63,2:13.8;3:9.4;4:16.0;5:12.0;6:5.0;8:6.8;9:9.4;10:4.1;11:15.1;12:15.9;13:5.5;14:0.0;15:0.0;16:0.0;17:15.1
2020,2976499,Amari Cooper,WR,190.8,11.93,2:13.0;3:13.1;4:27.4;5:3.1;6:17.4;7:12.0;8:1.0;9:10.0;11:11.1;12:20.2;13:13.8;14:13.1;15:1.3;16:14.1;17:7.1
2020,2577654,DeAndre Washington,RB,14.6,3.65,5:0.0;6:0.0;7:1.2;8:0.0;9:0.0;10:0.2;11:0.0;12:7.0;13:0.0;14:6.2;15:0.0;16:0.0;17:0.0
2020,3050478,Jake Elliott,K,70.0,4.38,2:7.0;3:14.0;4:5.0;5:2.0;6:-1.0;7:3.0;8:1.0;10:4.0;11:6.0;12:4.0;13:6.0;14:6.0;15:2.0;16:5.0;17:2.0
2020,17372,Chris Boswell,K,99.0,7.62,2:6.0;3:8.0;5:9.0;6:8.0;7:9.0;8:4.0;9:9.0;10:14.0;11:10.0;12:7.0;13:0.0;14:1.0;15:5.0;16:0.0;17:0.0
2020,3045127,Wayne Gallman,RB,126.1,8.41,2:0.0;3:2.4;4:4.5;5:3.4;6:0.0;7:13.9;8:12.7;9:14.2;10:18.5;12:16.6;13:13.5;14:8.8;15:2.9;16:6.3;17:6.5
2020,2468609,Taysom Hill,QB,152.62,9.54,2:0.8;3:-0.8;4:1.9;5:7.3;7:0.6;8:13.5;9:9.92;10:2.5;11:24.22;12:17.52;13:23.58;14:18.94;15:6.3;16:10.52;17:11.1
2020,2979843,Kenyan Drake,RB,179.7,11.98,2:10.5;3:8.4;4:3.5;5:12.7;6:28.4;7:4.6;9:0.0;10:9.4;11:14.0;12:22.8;13:12.8;14:15.5;15:5.0;16:12.0;17:6.6
2020,3043078,Derrick Henry,RB,323.6,20.23,2:8.4;3:26.0;5:18.8;6:39.4;7:14.2;8:17.2;9:6.8;10:11.4;11:19.7;12:37.5;13:5.4;14:35.2;15:24.2;16:9.8;17:35.0
2020,3121410,Parris Campbell,WR,11.7,5.85,2:0.7;3:0.0;4:0.0;5:0.0;6:0.0;8:0.0;9:0.0;10:0.0;11:0.0;12:0.0;13:0.0;14:0.0;15:0.0;16:0.0;17:0.0
2020,2577417,Dak Prescott,QB,135.14,27.03,2:39.8;3:27.48;4:37.28;5:12.94;6:0.0;7:0.0;8:0.0;9:0.0;11:0.0;12:0.0;13:0.0;14:0.0;15:0.0;16:0.0;17:0.0
2020,3054850,Alvin Kamara,RB,336.3,22.42,2:33.9;3:38.2;4:19.4;5:15.9;7:18.8;8:20.8;9:13.4;10:31.3;11:10.5;12:5.7;13:16.7;14:18.9;15:16.9;16:54.7;17:0.0
2020,3042778,Corey Davis,WR,158.9,11.35,2:11.1;3:9.4;5:0.0;6:0.0;7:12.5;8:22.8;9:0.0;10:9.2;11:13.8;12:8.5;13:29.7;14:2.9;15:19.0;16:0.0;17:6.4
2020,3051738,Marquez Valdes-Scantling,WR,120.8,7.55,2:7.9;3:1.0;4:6.5;6:4.7;7:0.9;8:2.8;9:18.3;10:22.9;11:5.0;12:0.0;13:-0.4;14:17.5;15:0.0;16:0.0;17:16.1
2020,3042519,Aaron Jones,RB,235.4,16.81,2:43.6;3:15.6;4:19.6;6:11.6;7:0.0;8:0.0;9:10.4;10:12.0;11:15.1;12:9.5;13:22.3;14:8.5;15:23.3;16:11.8;17:16.5
2020,2976212,Stefon Diggs,WR,265.1,16.57,2:25.3;3:12.9;4:14.5;5:15.6;6:13.6;7:7.8;8:12.2;9:16.3;10:20.3;12:7.4;13:14.2;14:24.1;15:20.2;16:37.0;17:11.1
2020,3122899,Richie James,WR,52.9,4.81,2:0.0;3:0.0;4:0.0;5:0.0;6:0.0;7:0.0;8:0.0;9:28.9;10:2.1;12:3.4;13:0.0;14:4.8;15:5.6;16:0.0;17:8.1
2020,2574808,Robby Anderson,WR,176.6,11.04,2:13.4;3:8.0;4:13.9;5:15.5;6:9.7;7:10.4;8:7.3;9:10.8;10:4.1;11:8.1;12:17.4;14:13.7;15:3.0;16:13.4;17:5.5
2020,3043275,Austin Hooper,TE,90.5,6.96,2:3.2;3:4.0;4:11.9;5:8.2;6:7.7;7:0.0;8:0.0;10:1.6;11:4.8;12:8.3;13:3.4;14:0.0;15:12.6;16:10.6;17:11.7
2020,3059915,Kareem Hunt,RB,199.5,12.47,2:23.1;3:13.4;4:19.1;5:16.8;6:6.7;7:17.7;8:8.3;10:14.7;11:8.6;12:6.2;13:7.2;14:26.0;15:4.3;16:12.7;17:4.6
2020,2570986,Malcolm Brown,RB,97.6,6.1,2:4.7;3:1.9;4:8.2;5:2.9;6:3.7;7:11.7;8:6.7;10:18.1;11:3.3;12:0.9;13:3.2;14:0.0;15:1.5;16:4.0;17:2.3
2020,2971618,Nelson Agholor,WR,161.6,10.1,2:2.4;3:4.2;4:12.4;5:13.7;7:19.2;8:0.0;9:12.5;10:1.3;11:17.8;12:7.9;13:5.8;14:18.5;15:6.9;16:24.0;17:6.2
2020,3120348,JuJu Smith-Schuster,WR,185.6,11.6,2:8.3;3:14.3;5:4.8;6:1.6;7:13.0;8:10.2;9:18.3;10:18.2;11:3.9;12:13.7;13:6.3;14:14.5;15:1.0;16:20.1;17:15.5
2020,2576434,Melvin Gordon III,RB,182.4,12.16,2:15.4;3:5.8;4:24.8;6:0.0;7:11.0;8:7.7;9:3.2;10:4.6;11:18.4;12:3.1;13:14.7;14:10.6;15:22.1;16:7.9;17:19.0
2020,3060022,Jordan Howard,RB,30.2,4.31,1:6.7;2:6.4;3:6.1;4:0.4;5:0.0;6:0.0;8:0.0;9:7.9;10:0.0;13:1.9;14:0.0;15:0.0;16:0.8;17:0.0
2020,16913,James White,RB,92.1,6.58,2:0.0;3:0.0;4:9.4;6:11.3;7:0.8;8:4.5;9:4.4;10:1.8;11:11.3;12:14.2;13:1.6;14:2.3;15:7.5;16:5.2;17:11.1
2020,3116593,Dalvin Cook,RB,315.8,22.56,2:16.1;3:24.9;4:27.6;5:17.4;6:0.0;8:47.6;9:38.2;10:13.2;11:22.5;12:8.2;13:20.9;14:18.0;15:24.4;16:15.5;17:0.0
2020,2972460,Breshad Perriman,WR,84.1,7.01,2:2.2;3:0.0;4:0.0;5:0.0;6:8.2;7:3.7;8:0.0;9:24.6;11:12.4;12:9.9;13:2.7;14:4.1;15:2.6;16:0.6;17:9.9
2020,3066158,Tarik Cohen,RB,14.5,4.83,2:3.2;3:5.6;4:0.0;5:0.0;6:0.0;7:0.0;8:0.0;9:0.0;10:0.0;12:0.0;13:0.0;14:0.0;15:0.0;16:0.0;17:0.0
2020,3052587,Baker Mayfield,QB,248.12,15.51,2:15.26;3:14.34;4:15.2;5:15.58;6:5.26;7:29.78;8:7.78;10:5.38;11:7.06;12:18.42;13:28.96;14:30.02;15:20.98;16:8.0;17:16.24
2020,3043116,Demarcus Robinson,WR,85.1,5.32,2:4.3;3:0.0;4:0.0;5:1.2;6:9.4;7:0.9;8:14.3;9:8.9;11:7.4;12:6.1;13:4.9;14:1.8;15:3.7;16:9.9;17:8.8
2020,2572861,J.D. McKissic,RB,151.4,9.46,2:5.3;3:6.7;4:6.1;5:7.9;6:11.4;7:6.1;9:12.7;10:14.4;11:8.4;12:3.7;13:12.8;14:9.6;15:21.2;16:19.2;17:5.5
2020,2976316,Michael Thomas,WR,63.9,9.13,2:0.0;3:0.0;4:0.0;5:0.0;7:0.0;8:0.0;9:7.6;10:3.7;11:14.9;12:7.1;13:15.0;14:12.4;15:0.0;16:0.0;17:0.0
2020,3025433,Mike Davis,RB,177.0,11.8,2:11.5;3:19.1;4:19.6;5:25.4;6:10.5;7:6.1;8:8.2;9:6.2;10:6.4;11:14.9;12:9.4;14:23.8;15:7.1;16:8.8;17:0.0
2020,17453,Cameron Brate,TE,54.2,3.39,2:0.0;3:0.0;4:6.8;5:6.9;6:0.8;7:1.3;8:4.5;9:0.0;10:10.6;11:3.8;12:5.4;14:1.4;15:7.4;16:3.7;17:1.6
2020,3045144,Tyler Boyd,WR,153.14,10.21,2:16.7;3:17.5;4:12.9;5:6.2;6:10.4;7:22.24;8:16.6;10:7.1;11:13.0;12:3.0;13:13.7;14:6.8;15:0.0;16:0.0;17:1.7
2020,16944,Devonta Freeman,RB,32.5,6.5,3:1.0;4:8.8;5:15.7;6:6.2;7:0.8;8:0.0;9:0.0;10:0.0;12:0.0;13:0.0;14:0.0;15:0.0;16:0.0;17:0.0
2020,3121427,Curtis Samuel,WR,173.6,11.57,2:4.9;3:7.2;4:6.3;5:8.9;6:0.0;7:14.3;8:19.4;9:22.3;10:2.7;11:17.4;12:10.2;14:12.5;15:6.8;16:18.3;17:15.6
2020,3045138,Mike Williams,WR,129.7,8.65,2:2.4;3:2.2;4:0.0;5:25.4;7:0.9;8:18.5;9:10.6;10:4.8;11:15.2;12:4.1;13:6.3;14:0.0;15:3.2;16:7.4;17:19.8
2020,2573079,Carson Wentz,QB,198.4,16.53,2:12.38;3:21.5;4:21.42;5:17.42;6:29.42;7:27.76;8:8.62;10:8.72;11:14.4;12:18.8;13:4.96;14:0.0;15:0.0;16:0.0;17:0.0
2020,3121422,Terry McLaurin,WR,180.3,12.02,2:22.0;3:10.6;4:16.8;5:4.1;6:10.9;7:18.5;9:21.0;10:13.7;11:10.9;12:12.7;13:2.4;14:3.4;15:11.2;16:0.0;17:13.5
2020,3115306,Josh Reynolds,WR,98.3,6.14,2:4.3;3:6.0;4:4.0;5:5.6;6:11.5;7:13.2;8:6.4;10:13.4;11:4.7;12:6.5;13:2.6;14:1.1;15:1.9;16:10.0;17:4.9
2020,3046439,Hunter Henry,TE,115.3,8.24,2:11.3;3:7.5;4:4.9;5:10.3;7:3.8;8:5.3;9:5.3;10:11.0;11:12.8;12:10.2;13:1.0;14:7.1;15:15.0;16:0.0;17:0.0
2020,2576414,Raheem Mostert,RB,91.7,11.46,2:17.7;3:0.0;4:0.0;5:13.4;6:8.6;7:0.0;8:0.0;9:0.0;10:0.0;12:9.3;13:4.8;14:8.0;15:6.8;16:0.0;17:0.0
2020,2576925,Darren Waller,TE,225.1,14.07,2:22.5;3:1.9;4:11.3;5:13.3;7:14.0;8:5.2;9:10.7;10:5.2;11:18.3;12:4.3;13:38.5;14:11.0;15:25.5;16:13.7;17:22.2
2020,2998565,Mo Alie-Cox,TE,64.9,4.33,2:13.6;3:12.5;4:7.8;5:0.0;6:0.0;8:5.2;9:5.8;10:3.4;11:0.6;12:2.9;13:3.8;14:1.4;15:2.4;16:2.5;17:0.0
2020,3045147,James Conner,RB,147.1,11.32,2:19.1;3:22.9;5:13.8;6:16.7;7:12.6;8:13.5;9:3.0;10:5.8;11:11.4;12:0.0;13:0.0;14:1.8;15:0.0;16:15.1;17:8.7
2020,3055899,Harrison Butker,K,132.0,8.25,2:13.0;3:3.0;4:8.0;5:6.0;6:8.0;7:14.0;8:5.0;9:10.0;11:5.0;12:9.0;13:17.0;14:8.0;15:6.0;16:7.0;17:3.0
2020,3116406,Tyreek Hill,WR,285.4,19.03,2:19.3;3:18.7;4:14.4;5:16.8;6:4.0;7:14.5;8:23.8;9:28.6;11:21.5;12:51.4;13:11.8;14:24.6;15:14.4;16:8.5;17:0.0
2020,3051891,Jordan Wilkins,RB,55.3,3.69,1:0.0;2:4.0;3:5.0;4:3.6;5:0.1;6:-0.1;8:19.8;9:4.8;10:2.8;11:4.1;12:7.2;13:2.8;14:1.2;15:0.0;16:0.0
2020,2576491,Adam Humphries,WR,46.3,6.61,2:13.3;3:6.1;5:0.0;6:15.4;7:2.4;8:0.0;9:0.0;10:0.0;11:0.0;12:0.0;13:1.4;14:0.0;15:0.0;16:0.0;17:0.0
2020,3115378,Russell Gage,WR,145.06,9.07,2:13.6;3:3.6;4:3.0;5:2.6;6:8.5;7:8.4;8:3.5;9:2.1;11:9.3;12:4.9;13:13.1;14:16.26;15:15.3;16:4.3;17:20.7
2020,3115375,Darrel Williams,RB,45.5,2.84,2:1.7;3:1.7;4:0.2;5:4.4;6:10.6;7:0.0;8:3.1;9:0.8;11:3.7;12:0.0;13:4.8;14:0.0;15:0.5;16:9.3;17:0.7
2020,2977644,Todd Gurley II,RB,150.7,10.05,2:6.1;3:14.7;4:18.8;5:23.0;6:8.2;7:21.2;8:10.6;9:12.5;11:3.4;12:0.0;13:2.5;14:4.1;15:2.4;16:6.5;17:4.0
2020,3068267,Austin Ekeler,RB,138.3,13.83,2:16.8;3:25.8;4:1.9;5:0.0;7:0.0;8:0.0;9:0.0;10:0.0;11:0.0;12:18.4;13:8.8;14:19.1;15:9.9;16:14.3;17:14.1
2020,2974858,Kenny Golladay,WR,55.8,11.16,2:0.0;3:14.7;4:14.2;6:12.5;7:14.4;8:0.0;9:0.0;10:0.0;11:0.0;12:0.0;13:0.0;14:0.0;15:0.0;16:0.0;17:0.0
2020,3051909,Daniel Carlson,K,153.0,9.56,2:12.0;3:7.0;4:13.0;5:11.0;7:9.0;8:9.0;9:7.0;10:15.0;11:7.0;12:6.0;13:8.0;14:9.0;15:9.0;16:13.0;17:6.0
2020,3116165,Chris Godwin,WR,158.5,13.21,2:0.0;3:14.9;4:0.0;5:0.0;6:7.3;7:19.3;8:0.0;9:5.6;10:12.2;11:14.8;12:13.7;14:3.5;15:11.6;16:16.9;17:27.8
2020,3116164,Mike Gesicki,TE,132.8,8.85,2:23.0;3:8.0;4:2.0;5:11.6;6:0.0;8:1.3;9:5.7;10:5.0;11:6.3;12:10.5;13:19.3;14:21.0;15:0.0;16:7.4;17:7.2
2020,3054212,Jonnu Smith,TE,119.7,7.98,2:22.4;3:8.6;5:18.5;6:1.8;7:1.4;8:3.9;9:10.2;10:8.5;11:10.0;12:0.0;13:0.0;14:3.3;15:7.7;16:10.5;17:1.3
2020,3115394,DJ Chark Jr.,WR,127.1,9.78,2:10.4;3:0.0;4:25.5;5:3.1;6:8.0;7:3.1;9:24.1;10:7.6;11:6.1;12:0.0;13:5.1;14:2.6;15:7.3;16:14.2;17:0.0
2020,3051392,Ezekiel Elliott,RB,197.7,13.18,2:19.2;3:14.8;4:16.5;5:23.0;6:8.0;7:5.6;8:7.8;9:7.9;11:18.4;12:2.4;13:11.5;14:6.9;15:0.0;16:15.9;17:13.6
2020,3121023,Dallas Goedert,TE,93.4,8.49,2:5.0;3:1.2;4:0.0;5:0.0;6:0.0;7:0.0;8:2.0;10:5.3;11:16.2;12:17.0;13:9.1;14:6.3;15:5.9;16:5.3;17:0.0
2020,3051902,Peyton Barber,RB,53.0,3.31,2:0.1;3:0.6;4:0.5;5:0.0;6:1.5;7:3.4;9:0.0;10:1.9;11:2.8;12:5.7;13:8.3;14:4.8;15:6.5;16:1.0;17:1.0
2020,3046779,Jared Goff,QB,239.98,16.0,2:23.98;3:27.24;4:11.7;5:24.36;6:14.92;7:16.9;8:10.2;10:10.48;11:23.04;12:3.02;13:24.14;14:14.58;15:15.26;16:9.66;17:0.0
2020,3052117,Phillip Lindsay,RB,62.5,5.68,1:4.0;2:0.0;4:0.0;6:10.1;7:7.9;8:15.1;9:2.3;10:0.2;11:8.2;12:2.0;13:2.6;14:4.1;15:6.0;16:0.0;17:0.0
2020,2576716,Jamison Crowder,WR,142.52,11.88,2:0.0;3:0.0;4:13.9;5:21.6;6:8.3;7:0.0;8:0.0;9:9.6;11:2.1;12:4.6;13:19.2;14:1.7;15:9.6;16:25.82;17:5.1
2020,2473037,Jason Myers,K,138.0,8.62,2:5.0;3:4.0;4:9.0;5:3.0;7:12.0;8:8.0;9:12.0;10:12.0;11:9.0;12:12.0;13:4.0;14:11.0;15:10.0;16:10.0;17:8.0
2020,3071572,Keelan Cole Sr.,WR,127.9,7.99,2:14.8;3:6.3;4:6.6;5:9.7;6:17.3;7:1.7;9:1.1;10:19.2;11:3.6;12:5.9;13:1.2;14:16.2;15:3.2;16:4.1;17:3.8
2020,2976592,Sterling Shepard,WR,129.5,10.79,2:4.5;3:0.0;4:0.0;5:0.0;6:0.0;7:14.9;8:11.4;9:8.7;10:7.7;12:10.3;13:4.7;14:5.0;15:6.8;16:18.2;17:29.6
2020,2573401,Tyler Higbee,TE,106.2,7.08,2:25.9;3:7.0;4:3.5;5:2.2;6:7.1;7:0.0;8:2.4;10:7.5;11:4.0;12:1.1;13:10.4;14:4.4;15:14.7;16:4.9;17:5.6
2020,3116365,Mark Andrews,TE,141.1,10.08,2:3.4;3:3.7;4:19.2;5:14.6;6:3.1;8:4.7;9:3.7;10:9.6;11:18.1;12:0.0;13:0.0;14:10.3;15:15.1;16:10.6;17:4.7
2020,3052876,Will Fuller V,WR,162.4,14.76,2:0.0;3:13.4;4:19.8;5:13.8;6:21.3;7:11.0;9:18.5;10:6.3;11:11.0;12:32.1;13:0.0;14:0.0;15:0.0;16:0.0;17:0.0
2020,2969962,Duke Johnson,RB,70.4,6.4,2:0.0;3:0.0;4:6.0;5:2.4;6:1.6;7:6.7;9:13.3;10:5.4;11:5.0;12:15.5;13:6.2;14:6.9;15:0.0;16:0.0;17:0.0
2020,3116136,Justin Jackson,RB,55.8,6.2,2:0.0;3:0.0;4:3.1;5:11.9;7:8.0;8:15.7;9:0.0;10:0.0;11:0.0;12:0.0;13:0.0;14:3.4;15:0.0;16:0.4;17:12.9
2020,3115364,Leonard Fournette,RB,114.0,8.77,2:25.6;3:3.2;4:0.0;5:0.0;6:0.0;7:12.7;8:8.6;9:7.1;10:4.0;11:9.1;12:3.5;14:0.0;15:20.0;16:14.1;17:3.7
2020,2980453,Jamaal Williams,RB,111.6,7.97,2:8.3;3:2.2;4:14.5;6:3.4;7:19.4;8:15.2;9:0.0;10:7.0;11:8.1;12:13.3;13:4.6;14:3.8;15:3.0;16:0.0;17:2.6
2020,3051876,Evan Engram,TE,109.5,6.84,2:9.5;3:3.7;4:6.5;5:9.0;6:4.0;7:7.9;8:9.5;9:13.3;10:2.5;12:13.9;13:5.2;14:2.8;15:6.6;16:10.5;17:2.7
2020,3116642,Reggie Bonnafon,RB,15.7,7.85,3:1.6;4:14.1;5:0.0;6:0.0;7:0.0;8:0.0;9:0.0;10:0.0;11:0.0;12:0.0;14:0.0;15:0.0;16:0.0;17:0.0
2020,3116385,Joe Mixon,RB,89.1,14.85,2:10.6;3:7.5;4:39.1;5:12.4;6:13.9;7:0.0;8:0.0;10:0.0;11:0.0;12:0.0;13:0.0;14:0.0;15:0.0;16:0.0;17:0.0
2020,3119195,Chase Edmonds,RB,141.5,8.84,2:2.8;3:4.4;4:12.5;5:17.7;6:3.4;7:18.0;9:10.3;10:9.2;11:12.9;12:6.3;13:5.3;14:7.3;15:14.1;16:1.8;17:3.5
2020,4052042,James Robinson,RB,225.9,16.14,2:19.5;3:27.9;4:12.7;5:7.5;6:13.3;7:29.7;9:15.9;10:12.2;11:10.4;12:24.4;13:19.8;14:10.3;15:12.8;16:0.0;17:0.0
2020,4040774,Harrison Bryant,TE,49.8,3.32,2:1.9;3:6.8;4:5.7;5:0.0;6:1.6;7:19.6;8:2.0;10:0.0;11:0.0;12:-0.2;13:0.0;14:3.3;15:2.9;16:5.2;17:0.0
2020,4039359,Darrell Henderson Jr.,RB,122.3,8.15,2:19.1;3:18.5;4:4.2;5:20.3;6:9.2;7:8.6;8:6.3;10:9.8;11:1.9;12:1.9;13:14.4;14:0.5;15:0.8;16:6.2;17:0.0
2020,4035004,Mecole Hardman,WR,107.6,6.72,2:6.3;3:16.1;4:10.7;5:6.0;6:0.0;7:8.0;8:19.1;9:6.3;11:2.1;12:3.8;13:2.0;14:9.5;15:9.2;16:5.9;17:1.5
2020,4243160,Laviska Shenault Jr.,WR,128.1,9.15,2:8.7;3:5.9;4:11.6;5:11.4;6:2.6;7:5.9;9:0.4;10:0.0;11:0.0;12:5.2;13:14.3;14:8.1;15:6.9;16:13.3;17:21.6
2020,4259545,D'Andre Swift,RB,166.8,12.83,2:9.7;3:2.4;4:13.2;6:25.8;7:12.8;8:3.8;9:11.2;10:23.4;11:0.0;12:0.0;13:0.0;14:13.0;15:20.2;16:7.0;17:14.5
2020,4241372,Marquise Brown,WR,154.0,9.62,2:6.7;3:2.3;4:10.6;5:16.8;6:7.7;8:6.8;9:5.3;10:2.4;11:0.0;12:16.5;13:12.4;14:12.0;15:12.8;16:10.5;17:18.6
2020,3124679,Jason Sanders,K,169.0,10.56,2:11.0;3:7.0;4:18.0;5:22.0;6:6.0;8:4.0;9:14.0;10:13.0;11:10.0;12:12.0;13:14.0;14:9.0;15:1.0;16:15.0;17:9.0
2020,4040761,Devin Singletary,RB,124.6,7.79,2:8.6;3:14.1;4:16.2;5:3.8;6:5.0;7:5.7;8:9.7;9:4.9;10:1.5;12:9.7;13:9.8;14:3.9;15:15.9;16:6.2;17:1.8
2020,3128390,Allen Lazard,WR,81.3,8.13,2:6.0;3:23.4;4:0.0;6:0.0;7:0.0;8:0.0;9:0.0;10:0.0;11:2.8;12:10.3;13:6.5;14:2.9;15:8.1;16:2.4;17:2.7
2020,3128774,Kalen Ballage,RB,79.4,7.22,1:0.0;2:2.7;3:7.7;4:2.1;9:15.4;10:12.7;11:10.6;12:0.0;13:5.4;14:2.5;15:7.1;16:3.6;17:9.6
2020,3139522,Travis Fulgham,WR,96.9,7.45,4:12.7;5:26.2;6:16.5;7:9.8;8:16.8;10:1.3;11:1.3;12:2.6;13:0.0;14:0.0;15:4.0;16:3.7;17:2.0
2020,4360294,Antonio Gibson,RB,184.2,13.16,2:11.7;3:11.5;4:20.8;5:7.6;6:7.5;7:18.8;9:11.0;10:20.5;11:16.9;12:34.1;13:1.4;14:0.0;15:0.0;16:8.4;17:8.6
2020,3917612,Ke'Shawn Vaughn,RB,20.8,2.08,2:0.0;3:0.0;4:9.6;5:-0.5;6:4.2;7:0.0;8:0.0;9:0.0;10:0.0;11:0.0;12:0.0;14:-0.3;15:0.4;16:7.4;17:0.0
2020,3895856,Christian Kirk,WR,122.4,8.74,2:7.0;3:0.0;4:9.4;5:10.3;6:21.6;7:18.2;9:20.8;10:4.7;11:7.0;12:3.4;13:0.7;14:2.9;15:4.8;16:11.1;17:0.0
2020,3917232,Tyler Bass,K,151.0,9.44,2:7.0;3:5.0;4:6.0;5:5.0;6:5.0;7:21.0;8:6.0;9:14.0;10:18.0;12:11.0;13:10.0;14:8.0;15:12.0;16:8.0;17:8.0
2020,3915823,Keke Coutee,WR,70.5,8.81,2:0.1;3:0.0;4:0.0;5:0.0;6:0.0;7:0.0;9:0.0;10:0.0;11:8.0;12:4.7;13:18.1;14:7.9;15:11.8;16:7.9;17:12.0
2020,3918639,Gerald Everett,TE,72.4,4.53,2:0.0;3:4.4;4:5.7;5:11.0;6:4.2;7:10.8;8:5.7;10:3.7;11:4.7;12:2.6;13:7.4;14:1.4;15:3.8;16:2.3;17:3.5
2020,4241389,CeeDee Lamb,WR,180.7,11.29,2:14.5;3:9.1;4:22.7;5:16.4;6:9.9;7:0.1;8:6.6;9:13.1;11:14.6;12:4.6;13:7.6;14:7.1;15:17.0;16:21.9;17:7.1
2020,3139477,Patrick Mahomes,QB,374.4,24.96,2:27.48;3:40.0;4:20.24;5:29.7;6:20.6;7:12.0;8:36.64;9:31.48;11:21.52;12:31.28;13:19.32;14:18.62;15:25.86;16:19.22;17:0.0
2020,3139605,Marlon Mack,RB,7.1,7.1,2:0.0;3:0.0;4:0.0;5:0.0;6:0.0;8:0.0;9:0.0;10:0.0;11:0.0;12:0.0;13:0.0;14:0.0;15:0.0;16:0.0;17:0.0
2020,4036131,Noah Fant,TE,118.3,7.89,2:15.7;3:7.1;4:6.0;6:0.0;7:5.3;8:8.2;9:6.0;10:3.3;11:7.5;12:1.8;13:7.7;14:0.0;15:16.8;16:9.5;17:6.8
2020,4036133,T.J. Hockenson,TE,141.8,8.86,2:8.2;3:7.3;4:9.9;6:8.7;7:14.4;8:10.0;9:12.4;10:2.3;11:8.8;12:11.4;13:11.9;14:13.3;15:0.8;16:4.3;17:4.0
2020,3139602,D'Ernest Johnson,RB,19.5,1.22,2:0.0;3:0.0;4:9.5;5:4.1;6:0.1;7:0.3;8:1.6;10:0.0;11:0.0;12:0.0;13:1.0;14:0.0;15:2.4;16:0.0;17:0.0
2020,3929630,Saquon Barkley,RB,12.4,6.2,2:2.8;3:0.0;4:0.0;5:0.0;6:0.0;7:0.0;8:0.0;9:0.0;10:0.0;12:0.0;13:0.0;14:0.0;15:0.0;16:0.0;17:0.0
2020,4243315,Salvon Ahmed,RB,63.5,10.58,2:0.0;3:0.0;4:0.0;5:0.0;6:0.0;8:0.0;9:3.8;10:15.5;11:9.9;12:0.0;13:0.0;14:0.0;15:21.2;16:0.8;17:12.3
2020,3128721,Sony Michel,RB,71.8,7.98,2:1.9;3:15.0;4:0.0;6:0.0;7:0.0;8:0.0;9:0.0;10:0.0;11:0.0;12:0.0;13:6.3;14:2.2;15:8.7;16:6.9;17:21.1
2020,3134353,Tim Patrick,WR,135.7,9.05,2:3.4;3:12.3;4:20.3;6:12.1;7:5.9;8:0.0;9:10.9;10:8.1;11:14.4;12:0.0;13:18.4;14:11.1;15:2.9;16:5.4;17:5.6
2020,3914397,Scotty Miller,WR,86.0,5.38,2:2.2;3:9.8;4:16.8;5:0.0;6:1.1;7:19.9;8:5.7;9:1.5;10:0.9;11:0.0;12:0.0;14:11.3;15:3.5;16:1.2;17:1.7
2020,3915165,Rodrigo Blankenship,K,145.0,9.06,2:15.0;3:11.0;4:14.0;5:11.0;6:8.0;8:3.0;9:5.0;10:11.0;11:14.0;12:2.0;13:7.0;14:14.0;15:11.0;16:6.0;17:6.0
2020,4360438,Brandon Aiyuk,WR,154.5,12.88,2:3.1;3:18.6;4:12.6;5:5.9;6:8.2;7:14.5;8:19.1;9:0.0;10:16.2;12:0.0;13:18.0;14:16.9;15:17.8;16:3.6;17:0.0
2020,3128720,Nick Chubb,RB,199.7,16.64,2:25.8;3:23.5;4:4.3;5:0.0;6:0.0;7:0.0;8:0.0;10:18.6;11:11.4;12:25.1;13:17.1;14:23.3;15:13.6;16:15.1;17:16.8
2020,4047650,DK Metcalf,WR,229.8,14.36,2:17.2;3:17.0;4:12.6;5:24.3;7:3.3;8:34.1;9:20.3;10:3.8;11:12.1;12:22.7;13:10.5;14:15.1;15:6.8;16:8.9;17:3.6
2020,4240631,DeeJay Dallas,RB,48.4,4.03,2:0.0;3:0.0;4:3.3;5:0.0;7:2.8;8:20.3;9:10.9;10:4.1;11:4.2;12:0.0;13:2.1;14:0.7;15:0.0;16:0.0;17:0.0
2020,4047646,A.J. Brown,WR,212.5,15.18,2:0.0;3:0.0;5:17.7;6:20.3;7:24.3;8:10.4;9:18.1;10:2.6;11:14.2;12:23.8;13:8.7;14:20.7;15:12.9;16:6.3;17:26.1
2020,4239993,Tee Higgins,WR,161.1,10.07,2:5.0;3:18.5;4:11.0;5:8.2;6:15.7;7:16.3;8:11.4;10:19.0;11:4.1;12:12.9;13:8.1;14:7.4;15:4.6;16:18.9;17:0.0
2020,4038941,Justin Herbert,QB,332.84,22.19,2:22.24;3:14.7;4:23.0;5:27.36;7:38.48;8:21.22;9:23.44;10:20.48;11:27.74;12:16.44;13:4.36;14:15.72;15:27.96;16:16.72;17:32.98
2020,4240380,KJ Hamler,WR,75.1,5.78,2:7.2;3:4.3;4:0.0;6:0.0;7:4.4;8:8.8;9:12.0;10:7.0;11:5.5;12:-0.8;13:3.9;14:21.6;15:0.9;16:0.3;17:0.0
2020,3915411,Ty Johnson,RB,55.3,4.25,1:0.0;2:0.0;3:0.0;5:0.0;6:4.2;7:0.0;8:2.6;9:0.0;11:3.7;12:0.9;13:18.7;14:1.6;15:14.5;16:1.3;17:7.8
2020,4249087,Matt Gay,K,64.0,9.14,11:9.0;12:10.0;13:7.0;14:6.0;15:10.0;16:12.0;17:10.0
2020,3915416,DJ Moore,WR,178.5,11.9,2:16.0;3:7.5;4:6.9;5:17.3;6:11.8;7:23.3;8:6.5;9:2.8;10:17.6;11:18.3;12:8.1;14:0.0;15:16.2;16:6.2;17:12.6
2020,3916430,Nyheim Hines,RB,161.7,10.11,2:0.9;3:8.1;4:4.7;5:4.0;6:5.2;8:19.7;9:4.8;10:26.0;11:6.8;12:13.5;13:10.7;14:9.5;15:6.4;16:8.4;17:9.7
2020,3924365,Hayden Hurst,TE,121.1,7.57,2:15.7;3:6.6;4:7.1;5:1.8;6:13.7;7:9.8;8:7.9;9:9.7;11:0.0;12:6.8;13:1.4;14:1.2;15:10.1;16:13.2;17:10.8
2020,3122976,Jeff Wilson Jr.,RB,135.8,11.32,2:0.3;3:20.4;4:2.4;5:2.7;6:0.0;7:31.0;8:0.0;9:0.0;10:0.0;12:2.0;13:6.9;14:8.9;15:12.0;16:26.9;17:22.3
2020,3916433,Jakobi Meyers,WR,113.02,8.07,2:1.2;3:0.0;4:0.0;6:0.0;7:8.2;8:10.8;9:22.9;10:13.36;11:5.3;12:7.7;13:2.5;14:6.7;15:12.6;16:6.5;17:15.26
2020,3916945,Darius Slayton,WR,116.0,7.25,2:4.8;3:4.8;4:6.3;5:16.9;6:10.8;7:3.3;8:8.1;9:1.3;10:11.8;12:0.0;13:1.9;14:4.6;15:9.4;16:3.6;17:3.2
2020,3910544,Joshua Kelley,RB,69.7,4.98,2:12.3;3:4.2;4:2.8;5:4.3;7:7.8;8:3.0;9:8.4;10:2.1;11:1.2;12:9.5;13:1.3;14:0.0;15:0.8;16:0.0;17:0.0
2020,3125403,Brian Hill,RB,82.9,5.18,2:3.5;3:14.5;4:3.3;5:6.4;6:2.4;7:4.5;8:7.4;9:2.4;11:1.8;12:5.5;13:1.8;14:2.0;15:1.7;16:7.6;17:15.1
2020,4241802,Jalen Reagor,WR,71.7,6.52,2:6.1;3:0.0;4:0.0;5:0.0;6:0.0;7:0.0;8:11.7;10:6.7;11:7.2;12:2.6;13:11.0;14:7.5;15:6.4;16:4.5;17:2.0
2020,4262921,Justin Jefferson,WR,230.2,14.39,2:5.9;3:27.0;4:12.3;5:3.8;6:35.1;8:4.1;9:7.9;10:17.5;11:16.1;12:22.5;13:22.8;14:7.9;15:14.4;16:11.5;17:17.8
2020,3931398,Bryce Love,RB,0.0,0.0,2:0.0;3:0.0;4:0.0;5:0.0;6:0.0;7:0.0;9:0.0;10:0.0;11:0.0;12:0.0;13:0.0;14:0.0;15:0.0;16:0.0;17:0.0
2020,4034952,La'Mical Perine,RB,47.0,4.7,2:1.7;3:3.3;4:1.5;5:0.0;6:4.6;7:12.6;8:4.3;9:4.8;11:9.3;12:0.0;13:0.0;14:0.0;15:0.0;16:4.9;17:0.0
2020,3917315,Kyler Murray,QB,378.74,23.67,2:32.14;3:21.7;4:23.12;5:26.3;6:28.92;7:37.1;9:37.92;10:29.9;11:20.26;12:7.9;13:16.42;14:18.46;15:33.14;16:15.38;17:3.78
2020,3124084,Joey Slye,K,122.0,7.62,2:5.0;3:15.0;4:6.0;5:11.0;6:10.0;7:6.0;8:5.0;9:6.0;10:6.0;11:10.0;12:8.0;14:9.0;15:10.0;16:2.0;17:1.0
2020,3915399,Preston Williams,WR,65.8,8.22,2:5.1;3:7.7;4:4.0;5:18.6;6:8.8;8:2.5;9:14.0;10:0.0;11:0.0;12:0.0;13:0.0;14:0.0;15:0.0;16:0.0;17:0.0
2020,4047365,Josh Jacobs,RB,214.8,14.32,2:12.0;3:7.8;4:8.8;5:21.5;7:4.6;8:12.9;9:13.3;10:27.6;11:12.9;12:3.9;13:0.0;14:8.9;15:18.9;16:6.9;17:20.9
2020,4035072,Benny Snell Jr.,RB,69.9,4.37,2:-1.4;3:1.1;5:1.9;6:8.6;7:6.2;8:0.0;9:0.1;10:1.2;11:7.5;12:10.8;13:2.0;14:1.4;15:18.2;16:0.0;17:1.0
2020,3916925,Kerryon Johnson,RB,62.3,3.89,2:9.2;3:3.5;4:1.7;6:2.5;7:0.0;8:8.5;9:8.0;10:0.3;11:4.8;12:9.8;13:2.1;14:7.8;15:0.0;16:2.7;17:0.0
2020,4240021,Cam Akers,RB,96.3,7.41,1:4.8;2:1.3;3:0.0;5:6.1;6:0.0;7:0.0;8:5.9;10:3.8;11:8.4;12:14.4;13:15.9;14:20.4;15:6.7;16:0.0;17:8.6
2020,4036348,Michael Gallup,WR,143.8,8.99,2:6.8;3:22.8;4:3.9;5:9.3;6:3.3;7:0.0;8:9.6;9:5.1;11:3.9;12:7.1;13:18.1;14:3.3;15:10.1;16:27.1;17:6.9
2020,4038524,Gardner Minshew II,QB,160.16,17.8,2:23.46;3:9.2;4:20.94;5:19.84;6:17.62;7:19.02;9:0.0;10:0.0;11:0.0;12:0.0;13:0.0;14:13.32;15:15.94;16:0.0;17:0.0
2020,3128429,Courtland Sutton,WR,8.1,8.1,2:8.1;3:0.0;4:0.0;6:0.0;7:0.0;8:0.0;9:0.0;10:0.0;11:0.0;12:0.0;13:0.0;14:0.0;15:0.0;16:0.0;17:0.0
2020,3123052,Michael Badgley,K,111.0,6.94,2:9.0;3:5.0;4:8.0;5:2.0;7:8.0;8:15.0;9:8.0;10:3.0;11:11.0;12:3.0;13:-2.0;14:9.0;15:4.0;16:14.0;17:4.0
2020,3916148,Tony Pollard,RB,106.7,6.67,2:1.4;3:0.0;4:9.7;5:4.2;6:5.0;7:2.7;8:7.4;9:6.3;11:12.0;12:3.2;13:3.3;14:11.8;15:28.2;16:2.5;17:4.8
2020,4048244,Alexander Mattison,RB,80.4,6.18,2:2.1;3:2.7;4:7.7;5:15.1;6:3.5;8:0.8;9:6.9;10:0.4;11:0.6;12:0.6;13:0.0;14:0.0;15:2.0;16:0.0;17:28.0
2020,4242335,Jonathan Taylor,RB,234.8,15.65,2:18.0;3:12.7;4:8.4;5:14.4;6:13.5;8:4.1;9:8.4;10:4.7;11:13.4;12:0.0;13:21.0;14:29.5;15:17.5;16:19.4;17:37.9
2020,3915511,Joe Burrow,QB,173.72,17.37,2:24.54;3:20.38;4:15.1;5:4.32;6:16.72;7:33.64;8:18.86;10:12.52;11:11.32;12:0.0;13:0.0;14:0.0;15:0.0;16:0.0;17:0.0
2020,3123969,Ito Smith,RB,48.8,3.49,2:2.0;3:0.0;4:4.2;5:0.6;6:3.0;7:0.0;8:0.0;9:0.0;11:0.5;12:15.5;13:3.9;14:5.0;15:4.3;16:5.6;17:2.1
2020,3925357,Calvin Ridley,WR,236.5,15.77,2:26.4;3:14.2;4:0.0;5:17.6;6:15.9;7:17.4;8:5.7;9:0.0;11:11.5;12:14.0;13:13.3;14:22.4;15:27.3;16:14.8;17:6.6
2020,3919596,Chris Carson,RB,169.3,14.11,2:18.3;3:9.1;4:23.5;5:16.9;7:4.6;8:0.0;9:0.0;10:0.0;11:0.0;12:12.9;13:18.5;14:17.3;15:7.9;16:9.4;17:9.3
2020,4242214,Clyde Edwards-Helaire,RB,158.0,12.15,2:10.0;3:15.9;4:10.6;5:9.5;6:18.9;7:12.8;8:4.6;9:10.9;11:20.2;12:4.4;13:0.0;14:11.6;15:8.8;16:0.0;17:0.0
2020,4045163,Miles Sanders,RB,156.4,13.03,2:18.6;3:12.7;4:8.6;5:22.9;6:11.7;7:0.0;8:0.0;10:12.5;11:7.6;12:5.2;13:3.1;14:27.6;15:9.5;16:16.4;17:0.0
2020,3912550,Ronald Jones II,RB,172.3,12.31,2:9.7;3:8.3;4:15.8;5:14.0;6:25.1;7:10.1;8:4.6;9:3.3;10:24.3;11:2.4;12:16.8;14:14.9;15:0.0;16:0.0;17:13.8
2020,3135321,Hunter Renfrow,WR,103.6,6.48,2:5.2;3:17.4;4:8.2;5:4.7;7:6.2;8:10.6;9:7.0;10:4.0;11:4.7;12:10.8;13:6.7;14:4.3;15:0.9;16:5.9;17:3.9
2020,4035687,Michael Pittman Jr.,WR,78.9,6.07,2:5.7;3:4.1;4:0.0;5:0.0;6:0.0;8:1.1;9:7.6;10:15.7;11:14.1;12:3.8;13:7.1;14:5.5;15:2.9;16:5.3;17:4.0
2020,3932905,Diontae Johnson,WR,177.8,11.85,2:19.2;3:0.9;5:0.3;6:0.0;7:24.5;8:1.1;9:11.1;10:20.6;11:17.1;12:8.6;13:17.1;14:6.0;15:15.9;16:17.6;17:11.1
2020,4212909,David Moore,WR,101.3,6.33,2:12.3;3:0.7;4:17.0;5:0.0;7:7.3;8:12.1;9:15.1;10:2.8;11:1.5;12:7.0;13:1.1;14:10.4;15:2.5;16:5.0;17:1.0
2020,3916387,Lamar Jackson,QB,332.78,22.19,2:17.56;3:14.18;4:25.02;5:13.5;6:28.24;8:14.82;9:18.6;10:21.46;11:16.54;12:0.0;13:25.68;14:34.92;15:29.22;16:21.32;17:24.22
2020,3925347,Damien Harris,RB,88.8,8.88,2:0.0;3:0.0;4:10.0;6:3.8;7:7.5;8:16.2;9:7.1;10:12.1;11:11.9;12:4.7;13:10.0;14:5.5;15:0.0;16:0.0;17:0.0
2020,3126486,Deebo Samuel,WR,64.2,9.17,2:0.0;3:0.0;4:6.0;5:3.2;6:15.0;7:9.7;8:0.0;9:0.0;10:0.0;12:18.8;13:10.6;14:0.9;15:0.0;16:0.0;17:0.0
2020,4046692,Chase Claypool,WR,183.9,11.49,2:16.3;3:2.9;5:39.1;6:16.1;7:0.3;8:10.7;9:11.3;10:19.3;11:13.9;12:8.2;13:4.8;14:3.0;15:6.3;16:7.4;17:18.6
2020,3928925,JaMycal Hasty,RB,27.6,3.45,2:0.0;3:2.3;4:0.0;5:0.0;6:3.7;7:7.8;8:9.6;9:2.3;10:1.9;12:0.0;13:0.0;14:0.0;15:0.0;16:0.0;17:0.0
2020,4047839,N'Keal Harry,WR,57.4,4.1,2:11.2;3:4.6;4:9.6;6:0.0;7:1.1;8:0.0;9:0.0;10:0.0;11:6.6;12:-0.2;13:8.5;14:6.4;15:1.7;16:0.8;17:2.7
2020,3699935,Devine Ozigbo,RB,8.8,1.1,2:0.0;3:0.0;4:0.0;5:0.0;6:0.0;7:0.0;9:0.0;10:0.0;11:2.0;12:0.0;13:0.0;14:5.0;15:0.9;16:0.9;17:0.0
2020,3886818,Myles Gaskin,RB,143.7,14.37,2:11.2;3:12.0;4:7.7;5:17.6;6:14.6;8:11.8;9:0.0;10:0.0;11:0.0;12:0.0;13:13.1;14:0.0;15:0.0;16:31.4;17:15.7
2020,4035676,Zack Moss,RB,94.6,7.28,2:3.7;3:0.0;4:0.0;5:0.0;6:1.0;7:8.7;8:20.1;9:11.8;10:2.2;12:7.8;13:1.9;14:4.3;15:8.1;16:12.2;17:2.6
2020,4241463,Jerry Jeudy,WR,131.6,8.23,2:8.2;3:8.0;4:13.1;6:4.2;7:3.0;8:9.3;9:22.0;10:8.8;11:5.2;12:0.0;13:1.0;14:5.2;15:2.4;16:9.1;17:24.5
2020,3917792,Daniel Jones,QB,180.02,12.86,2:7.74;3:8.06;4:10.1;5:8.18;6:13.88;7:20.68;8:16.24;9:12.88;10:22.16;12:10.42;13:0.0;14:3.08;15:0.0;16:14.38;17:14.86
2020,4239934,AJ Dillon,RB,39.3,3.57,2:1.7;3:0.0;4:0.3;6:3.1;7:1.1;8:4.2;9:0.0;10:0.0;11:0.0;12:0.0;13:0.0;14:0.0;15:1.8;16:25.4;17:0.3
2020,3918298,Josh Allen,QB,395.56,24.72,2:34.5;3:31.24;4:25.42;5:16.32;6:15.08;7:16.38;8:12.46;9:36.0;10:26.86;12:15.48;13:30.1;14:18.32;15:37.66;16:32.3;17:19.26
2020,4241985,J.K. Dobbins,RB,159.5,10.63,2:6.6;3:6.4;4:2.2;5:7.0;6:3.9;8:12.6;9:4.5;10:1.9;11:17.5;12:0.0;13:13.1;14:13.3;15:14.6;16:13.7;17:28.0
2020,4241475,Henry Ruggs III,WR,71.1,5.47,2:0.9;3:0.0;4:0.0;5:18.8;7:5.5;8:1.9;9:1.0;10:4.6;11:2.2;12:6.9;13:13.9;14:3.3;15:0.0;16:0.7;17:3.3
2020,4040655,Darnell Mooney,WR,121.6,7.6,2:11.1;3:2.9;4:7.4;5:2.5;6:5.1;7:5.5;8:15.4;9:6.8;10:1.3;12:6.9;13:6.3;14:9.7;15:14.5;16:6.1;17:14.8
2020,4035538,David Montgomery,RB,237.8,15.85,2:20.2;3:6.4;4:9.2;5:15.4;6:11.7;7:9.4;8:11.5;9:3.7;10:0.0;12:22.8;13:25.1;14:23.0;15:28.7;16:19.1;17:23.7
2020,4241479,Tua Tagovailoa,QB,135.46,13.55,2:0.0;3:0.0;4:0.0;5:0.0;6:0.36;8:5.72;9:21.42;10:14.66;11:7.32;12:0.0;13:16.14;14:27.04;15:18.7;16:8.86;17:15.24
2021,10636,Mason Crosby,K,125.0,7.35,1:3.0;2:5.0;3:16.0;4:9.0;5:13.0;6:6.0;7:5.0;8:6.0;9:-1.0;10:4.0;11:8.0;12:12.0;14:9.0;15:7.0;16:6.0;17:13.0;18:4.0
2021,14993,Greg Zuerlein,K,134.0,8.38,1:10.0;2:10.0;3:5.0;4:6.0;5:14.0;6:12.0;8:7.0;9:0.0;10:0.0;11:10.0;12:7.0;13:11.0;14:13.0;15:10.0;16:8.0;17:1.0;18:10.0
2021,-16001,Falcons D/ST,D/ST,44.0,2.59,1:-3.0;2:2.0;3:5.0;4:-3.0;5:6.0;7:3.0;8:2.0;9:2.0;10:-4.0;11:5.0;12:5.0;13:4.0;14:13.0;15:0.0;16:3.0;17:5.0;18:-1.0
2021,16790,Jarvis Landry,WR,133.0,11.08,1:19.4;2:1.9;3:0.0;4:0.0;5:0.0;6:0.0;7:8.7;8:10.0;9:4.1;10:6.6;11:14.2;12:15.1;14:15.1;15:0.0;16:9.5;17:8.9;18:19.5
2021,-16002,Bills D/ST,D/ST,154.0,9.06,1:4.0;2:19.0;3:9.0;4:21.0;5:15.0;6:0.0;8:13.0;9:9.0;10:11.0;11:-4.0;12:11.0;13:5.0;14:-4.0;15:9.0;16:7.0;17:10.0;18:19.0
2021,-16003,Bears D/ST,D/ST,105.0,6.18,1:-1.0;2:22.0;3:2.0;4:8.0;5:10.0;6:3.0;7:-4.0;8:-6.0;9:13.0;11:11.0;12:6.0;13:2.0;14:3.0;15:10.0;16:2.0;17:21.0;18:3.0
2021,-16004,Bengals D/ST,D/ST,91.0,5.35,1:2.0;2:8.0;3:11.0;4:1.0;5:-1.0;6:8.0;7:5.0;8:1.0;9:-2.0;11:11.0;12:18.0;13:6.0;14:4.0;15:10.0;16:3.0;17:-4.0;18:10.0
2021,-16005,Browns D/ST,D/ST,101.0,5.94,1:0.0;2:5.0;3:18.0;4:9.0;5:-6.0;6:-2.0;7:7.0;8:2.0;9:18.0;10:-6.0;11:9.0;12:11.0;14:13.0;15:7.0;16:0.0;17:6.0;18:10.0
2021,-16006,Cowboys D/ST,D/ST,163.0,9.59,1:4.0;2:4.0;3:12.0;4:7.0;5:9.0;6:13.0;8:4.0;9:0.0;10:22.0;11:6.0;12:0.0;13:14.0;14:24.0;15:13.0;16:26.0;17:0.0;18:5.0
2021,-16007,Broncos D/ST,D/ST,110.0,6.47,1:7.0;2:11.0;3:17.0;4:0.0;5:2.0;6:-2.0;7:3.0;8:16.0;9:9.0;10:3.0;12:15.0;13:6.0;14:9.0;15:6.0;16:9.0;17:-1.0;18:0.0
2021,13981,Mark Ingram II,RB,108.6,7.76,2:5.0;3:3.0;4:2.4;5:4.1;6:10.1;7:5.7;8:7.2;9:11.4;10:20.8;11:15.3;12:0.0;13:3.6;14:0.0;15:3.8;16:1.7;17:0.0;18:0.0
2021,-16009,Packers D/ST,D/ST,108.0,6.35,1:-3.0;2:6.0;3:9.0;4:9.0;5:6.0;6:9.0;7:10.0;8:8.0;9:6.0;10:14.0;11:-2.0;12:12.0;14:13.0;15:-1.0;16:10.0;17:7.0;18:-5.0
2021,13982,Julio Jones,WR,80.4,8.04,1:5.9;2:18.8;3:7.7;4:0.0;5:0.0;6:8.9;7:5.8;8:0.0;9:7.5;10:0.0;11:0.0;12:0.0;14:7.3;15:0.0;16:1.7;17:0.0;18:16.8
2021,-16010,Titans D/ST,D/ST,108.0,6.35,1:-2.0;2:1.0;3:5.0;4:2.0;5:7.0;6:1.0;7:14.0;8:12.0;9:16.0;10:5.0;11:3.0;12:-2.0;14:19.0;15:6.0;16:6.0;17:14.0;18:1.0
2021,13983,A.J. Green,WR,156.8,9.8,1:4.5;2:13.4;3:16.2;4:17.7;5:2.3;6:18.9;7:9.6;8:10.0;9:0.0;10:1.4;11:11.8;13:2.4;14:17.2;15:10.4;16:4.3;17:10.4;18:6.3
2021,16799,Allen Robinson II,WR,87.0,7.25,1:9.5;2:10.4;3:4.7;4:9.3;5:7.2;6:9.3;7:3.6;8:5.1;9:10.8;11:0.0;12:0.0;13:0.0;14:3.4;15:0.0;16:0.0;17:7.5;18:6.2
2021,-16011,Colts D/ST,D/ST,119.0,7.0,1:3.0;2:10.0;3:6.0;4:10.0;5:-3.0;6:11.0;7:12.0;8:6.0;9:0.0;10:14.0;11:10.0;12:2.0;13:16.0;15:13.0;16:2.0;17:6.0;18:1.0
2021,5536,Ben Roethlisberger,QB,218.1,13.63,1:12.02;2:13.8;3:13.22;4:9.28;5:16.02;6:10.86;8:14.64;9:16.2;10:0.0;11:22.92;12:8.52;13:19.34;14:24.82;15:11.92;16:6.36;17:6.82;18:11.36
2021,16800,Davante Adams,WR,344.3,21.52,1:10.6;2:20.1;3:31.2;4:12.4;5:37.6;6:12.9;7:19.6;8:0.0;9:10.2;10:14.8;11:30.5;12:18.4;14:34.1;15:16.4;16:33.4;17:30.6;18:11.5
2021,-16012,Chiefs D/ST,D/ST,102.0,6.0,1:0.0;2:3.0;3:-1.0;4:-3.0;5:-4.0;6:9.0;7:2.0;8:6.0;9:10.0;10:9.0;11:16.0;13:13.0;14:25.0;15:0.0;16:11.0;17:-2.0;18:8.0
2021,-16013,Raiders D/ST,D/ST,58.0,3.41,1:4.0;2:5.0;3:4.0;4:0.0;5:4.0;6:10.0;7:5.0;9:8.0;10:-7.0;11:6.0;12:-3.0;13:6.0;14:-1.0;15:3.0;16:8.0;17:3.0;18:3.0
2021,-16014,Rams D/ST,D/ST,105.0,6.18,1:8.0;2:6.0;3:0.0;4:-5.0;5:6.0;6:17.0;7:3.0;8:7.0;9:8.0;10:1.0;12:1.0;13:12.0;14:5.0;15:10.0;16:10.0;17:12.0;18:4.0
2021,-16015,Dolphins D/ST,D/ST,141.0,8.29,1:5.0;2:2.0;3:5.0;4:4.0;5:-8.0;6:3.0;7:3.0;8:-1.0;9:18.0;10:17.0;11:4.0;12:25.0;13:10.0;15:10.0;16:25.0;17:0.0;18:19.0
2021,-16016,Vikings D/ST,D/ST,91.0,5.35,1:4.0;2:7.0;3:2.0;4:4.0;5:11.0;6:9.0;8:4.0;9:6.0;10:6.0;11:-4.0;12:6.0;13:5.0;14:5.0;15:13.0;16:4.0;17:-8.0;18:17.0
2021,-16017,Patriots D/ST,D/ST,148.0,8.71,1:7.0;2:16.0;3:5.0;4:0.0;5:4.0;6:-4.0;7:13.0;8:12.0;9:19.0;10:12.0;11:26.0;12:12.0;13:9.0;15:5.0;16:-4.0;17:13.0;18:3.0
2021,-16018,Saints D/ST,D/ST,133.0,7.82,1:14.0;2:5.0;3:19.0;4:-3.0;5:5.0;7:10.0;8:12.0;9:1.0;10:4.0;11:3.0;12:4.0;13:2.0;14:8.0;15:13.0;16:8.0;17:17.0;18:11.0
2021,-16020,Jets D/ST,D/ST,21.0,1.24,1:2.0;2:5.0;3:4.0;4:4.0;5:-1.0;7:-11.0;8:4.0;9:-8.0;10:-2.0;11:1.0;12:10.0;13:-2.0;14:2.0;15:11.0;16:8.0;17:-3.0;18:-3.0
2021,-16021,Eagles D/ST,D/ST,99.0,5.82,1:9.0;2:1.0;3:8.0;4:-5.0;5:14.0;6:0.0;7:-2.0;8:20.0;9:-3.0;10:14.0;11:11.0;12:6.0;13:6.0;15:5.0;16:18.0;17:6.0;18:-9.0
2021,13994,Cam Newton,QB,86.36,10.79,10:11.72;11:26.16;12:6.18;14:13.82;15:23.34;16:4.64;17:0.5;18:0.0
2021,-16022,Cardinals D/ST,D/ST,114.0,6.71,1:17.0;2:-2.0;3:16.0;4:1.0;5:7.0;6:14.0;7:11.0;8:1.0;9:12.0;10:3.0;11:9.0;13:11.0;14:1.0;15:3.0;16:2.0;17:3.0;18:5.0
2021,-16023,Steelers D/ST,D/ST,90.0,5.29,1:13.0;2:-1.0;3:4.0;4:4.0;5:3.0;6:7.0;8:9.0;9:4.0;10:5.0;11:-3.0;12:0.0;13:9.0;14:-4.0;15:15.0;16:-2.0;17:16.0;18:11.0
2021,12460,Graham Gano,K,119.0,7.0,1:1.0;2:22.0;3:6.0;4:7.0;5:11.0;6:3.0;7:15.0;8:5.0;9:11.0;11:4.0;12:6.0;13:10.0;14:1.0;15:7.0;16:6.0;17:3.0;18:1.0
2021,-16024,Chargers D/ST,D/ST,61.0,3.59,1:6.0;2:1.0;3:7.0;4:9.0;5:-8.0;6:6.0;8:2.0;9:1.0;10:3.0;11:0.0;12:3.0;13:19.0;14:6.0;15:-1.0;16:-5.0;17:12.0;18:0.0
2021,13229,Rob Gronkowski,TE,171.2,14.27,1:29.0;2:19.9;3:9.5;4:0.0;5:0.0;6:0.0;7:0.0;8:0.0;10:0.0;11:13.1;12:19.3;13:21.8;14:11.2;15:4.9;16:3.3;17:18.5;18:20.7
2021,16813,Logan Thomas,TE,53.6,8.93,1:12.0;2:9.5;3:12.2;4:0.0;5:0.0;6:0.0;7:0.0;8:0.0;10:0.0;11:0.0;12:6.1;13:13.8;14:0.0;15:0.0;16:0.0;17:0.0;18:0.0
2021,-16025,49ers D/ST,D/ST,120.0,7.06,1:7.0;2:7.0;3:-1.0;4:4.0;5:5.0;7:6.0;8:6.0;9:-2.0;10:17.0;11:12.0;12:5.0;13:9.0;14:8.0;15:10.0;16:6.0;17:10.0;18:11.0
2021,2508176,David Johnson,RB,81.3,6.25,1:11.8;2:6.7;3:1.1;4:7.8;5:10.1;6:1.1;7:10.2;8:1.3;9:7.0;11:6.4;12:7.5;13:0.0;14:0.0;15:3.7;16:0.0;17:0.0;18:6.6
2021,-16026,Seahawks D/ST,D/ST,62.0,3.65,1:6.0;2:-2.0;3:-5.0;4:1.0;5:-2.0;6:3.0;7:7.0;8:12.0;10:3.0;11:-1.0;12:7.0;13:8.0;14:4.0;15:6.0;16:4.0;17:4.0;18:7.0
2021,-16027,Buccaneers D/ST,D/ST,125.0,7.35,1:-3.0;2:19.0;3:-3.0;4:11.0;5:8.0;6:6.0;7:18.0;8:-1.0;10:6.0;11:13.0;12:11.0;13:9.0;14:0.0;15:7.0;16:15.0;17:2.0;18:7.0
2021,-16028,Commanders D/ST,D/ST,72.0,4.24,1:1.0;2:2.0;3:-8.0;4:5.0;5:4.0;6:3.0;7:7.0;8:9.0;10:6.0;11:3.0;12:7.0;13:3.0;14:14.0;15:1.0;16:-7.0;17:1.0;18:21.0
2021,-16029,Panthers D/ST,D/ST,88.0,5.18,1:11.0;2:14.0;3:10.0;4:-6.0;5:10.0;6:2.0;7:2.0;8:12.0;9:8.0;10:14.0;11:4.0;12:3.0;14:2.0;15:5.0;16:-2.0;17:4.0;18:-5.0
2021,15795,DeAndre Hopkins,WR,147.2,14.72,1:26.3;2:15.4;3:5.1;4:10.7;5:20.7;6:20.5;7:18.3;8:8.6;9:0.0;10:0.0;11:0.0;13:11.2;14:10.4;15:0.0;16:0.0;17:0.0;18:0.0
2021,-16033,Ravens D/ST,D/ST,58.0,3.41,1:-1.0;2:0.0;3:5.0;4:12.0;5:0.0;6:10.0;7:-6.0;9:-1.0;10:4.0;11:7.0;12:12.0;13:1.0;14:4.0;15:2.0;16:-7.0;17:12.0;18:4.0
2021,-16034,Texans D/ST,D/ST,58.0,3.41,1:6.0;2:4.0;3:0.0;4:-5.0;5:4.0;6:0.0;7:6.0;8:-7.0;9:17.0;11:12.0;12:8.0;13:1.0;14:-6.0;15:12.0;16:9.0;17:0.0;18:-3.0
2021,12731,Ryan Succop,K,133.0,7.82,1:7.0;2:6.0;3:5.0;4:14.0;5:10.0;6:4.0;7:7.0;8:3.0;10:7.0;11:13.0;12:8.0;13:6.0;14:9.0;15:-1.0;16:16.0;17:8.0;18:11.0
2021,15807,Cordarrelle Patterson,RB,234.6,14.66,1:8.7;2:23.9;3:16.2;4:34.6;5:18.4;7:14.1;8:18.2;9:19.6;10:4.9;11:0.0;12:27.5;13:12.6;14:13.9;15:4.3;16:8.3;17:7.2;18:2.2
2021,12483,Matthew Stafford,QB,329.74,19.4,1:24.34;2:17.22;3:29.52;4:19.3;5:16.5;6:25.24;7:27.16;8:24.2;9:13.06;10:9.82;12:21.98;13:24.0;14:23.48;15:15.46;16:6.68;17:14.26;18:17.52
2021,15818,Keenan Allen,WR,257.8,16.11,1:19.0;2:14.8;3:19.0;4:10.6;5:13.5;6:10.0;8:19.7;9:22.4;10:17.8;11:20.2;12:15.5;13:22.4;14:0.0;15:19.8;16:7.5;17:14.4;18:11.2
2021,17359,Damien Williams,RB,60.7,5.06,1:8.0;2:2.4;3:0.0;4:15.0;5:16.4;6:0.0;7:1.8;8:-0.3;9:0.0;11:0.0;12:0.0;13:0.0;14:2.7;15:0.0;16:2.4;17:0.0;18:12.3
2021,15825,Le'Veon Bell,RB,38.1,4.76,1:0.0;2:0.0;3:0.0;4:1.1;5:0.0;6:7.8;7:1.4;9:10.8;10:0.1;16:-0.1;17:8.5;18:8.5
2021,15826,Giovani Bernard,RB,59.1,5.91,1:3.2;2:3.6;3:20.1;4:0.0;5:11.5;6:2.4;7:2.5;8:10.7;10:1.8;11:1.3;12:0.0;13:2.0;14:0.0;15:0.0;16:0.0;17:0.0;18:0.0
2021,16339,Brandon McManus,K,124.0,7.29,1:9.0;2:13.0;3:16.0;4:1.0;5:7.0;6:6.0;7:2.0;8:5.0;9:12.0;10:6.0;12:4.0;13:4.0;14:10.0;15:5.0;16:9.0;17:9.0;18:6.0
2021,10452,Adrian Peterson,RB,26.6,6.65,9:9.6;10:3.0;11:6.4;13:7.6;14:0.0;15:0.0;16:0.0;17:0.0;18:0.0
2021,15835,Zach Ertz,TE,180.7,10.63,1:5.4;2:1.6;3:15.3;4:12.0;5:1.7;6:12.9;7:16.0;8:8.2;9:5.7;10:8.6;11:28.8;13:2.0;14:9.2;15:13.4;16:13.4;17:11.1;18:15.4
2021,17372,Chris Boswell,K,158.0,9.29,1:12.0;2:7.0;3:3.0;4:7.0;5:11.0;6:13.0;8:3.0;9:16.0;10:12.0;11:14.0;12:5.0;13:9.0;14:1.0;15:14.0;16:3.0;17:17.0;18:11.0
2021,2468609,Taysom Hill,QB,121.72,10.14,1:0.22;2:1.6;3:9.2;4:17.76;5:2.1;7:0.0;8:0.0;9:1.72;10:5.24;11:0.0;12:0.0;13:20.66;14:26.3;15:9.46;16:0.0;17:17.38;18:10.08
2021,15072,Marvin Jones Jr.,WR,180.2,10.6,1:18.7;2:17.5;3:12.2;4:5.4;5:3.5;6:23.0;8:8.5;9:5.1;10:5.5;11:9.2;12:8.3;13:3.1;14:13.0;15:3.4;16:15.4;17:6.6;18:21.8
2021,11237,Matt Ryan,QB,222.92,13.11,1:7.36;2:16.3;3:15.62;4:29.02;5:21.58;7:17.44;8:6.14;9:28.52;10:0.68;11:2.12;12:10.2;13:12.08;14:11.9;15:13.44;16:13.1;17:6.58;18:10.84
2021,14053,Randall Cobb,WR,93.6,8.51,1:4.3;2:5.6;3:0.0;4:23.9;5:5.0;6:0.0;7:5.2;8:16.5;9:8.0;10:5.1;11:2.5;12:17.5;14:0.0;15:0.0;16:0.0;17:0.0;18:0.0
2021,15847,Travis Kelce,TE,262.8,16.43,1:25.6;2:23.9;3:17.4;4:6.3;5:17.7;6:17.9;7:13.5;8:4.7;9:17.8;10:19.9;11:18.8;13:5.7;14:5.7;15:41.1;16:0.0;17:13.4;18:13.4
2021,13295,Emmanuel Sanders,WR,131.7,9.41,1:9.2;2:6.8;3:26.4;4:13.1;5:20.4;6:14.1;8:0.0;9:10.5;10:7.1;11:5.6;12:5.8;13:5.2;14:3.5;15:0.0;16:4.0;17:0.0;18:0.0
2021,15091,Randy Bullock,K,125.0,7.81,2:14.0;3:5.0;4:11.0;5:7.0;6:11.0;7:11.0;8:12.0;9:4.0;10:11.0;11:1.0;12:0.0;14:8.0;15:7.0;16:9.0;17:11.0;18:3.0
2021,15349,Cole Beasley,WR,159.3,9.96,1:14.0;2:7.6;3:20.8;4:3.6;5:1.5;6:21.8;8:21.0;9:11.3;10:3.5;11:6.3;12:9.6;13:2.1;14:15.4;15:7.5;16:0.0;17:6.2;18:7.1
2021,8439,Aaron Rodgers,QB,333.3,20.83,1:1.32;2:26.8;3:19.04;4:24.12;5:19.76;6:23.7;7:24.66;8:15.66;9:0.0;10:10.48;11:33.5;12:26.28;14:29.64;15:23.82;16:19.98;17:20.32;18:14.22
2021,12537,Jared Cook,TE,132.4,8.28,1:10.6;2:5.8;3:4.7;4:19.0;5:3.9;6:12.5;8:4.5;9:10.8;10:2.0;11:5.8;12:10.5;13:5.9;14:8.8;15:6.2;16:9.4;17:0.0;18:12.0
2021,2570986,Malcolm Brown,RB,22.5,3.75,1:1.6;2:2.1;3:9.1;4:3.7;5:0.0;6:4.1;7:1.9;8:0.0;9:0.0;10:0.0;11:0.0;12:0.0;13:0.0;15:0.0;16:0.0;17:0.0;18:0.0
2021,15880,Robert Woods,WR,137.2,15.24,1:12.4;2:12.0;3:6.8;4:14.8;5:27.0;6:11.1;7:15.0;8:20.7;9:17.4;10:0.0;12:0.0;13:0.0;14:0.0;15:0.0;16:0.0;17:0.0;18:0.0
2021,16913,James White,RB,31.2,10.4,1:12.1;2:18.5;3:0.6;4:0.0;5:0.0;6:0.0;7:0.0;8:0.0;9:0.0;10:0.0;11:0.0;12:0.0;13:0.0;15:0.0;16:0.0;17:0.0;18:0.0
2021,17427,Cairo Santos,K,112.0,6.59,1:2.0;2:8.0;3:7.0;4:6.0;5:10.0;6:2.0;7:3.0;8:11.0;9:8.0;11:0.0;12:10.0;13:2.0;14:14.0;15:2.0;16:5.0;17:10.0;18:12.0
2021,2330,Tom Brady,QB,374.74,22.04,1:27.16;2:29.64;3:28.68;4:11.06;5:37.74;6:17.98;7:24.44;8:25.2;10:13.0;11:19.28;12:11.24;13:28.62;14:30.12;15:4.76;16:14.38;17:26.4;18:25.04
2021,14876,Ryan Tannehill,QB,268.36,15.79,1:14.18;2:14.58;3:21.48;4:18.82;5:13.98;6:12.94;7:19.4;8:21.2;9:14.02;10:18.62;11:9.22;12:8.12;14:16.54;15:9.92;16:14.56;17:13.5;18:27.28
2021,14880,Kirk Cousins,QB,300.34,18.77,1:22.04;2:25.26;3:25.12;4:10.12;5:13.4;6:28.52;8:13.16;9:21.58;10:17.46;11:25.24;12:15.52;13:20.2;14:14.04;15:10.48;16:16.3;17:0.0;18:21.9
2021,2572861,J.D. McKissic,RB,127.9,11.63,1:0.8;2:20.3;3:5.8;4:16.9;5:1.7;6:19.0;7:9.6;8:17.3;10:7.9;11:6.0;12:22.6;13:0.0;14:0.0;15:0.0;16:0.0;17:0.0;18:0.0
2021,14881,Russell Wilson,QB,242.82,17.34,1:27.06;2:23.32;3:16.62;4:22.56;5:9.08;6:0.0;7:0.0;8:0.0;10:5.64;11:8.48;12:19.48;13:16.74;14:21.2;15:4.24;16:16.54;17:27.84;18:24.02
2021,15920,Latavius Murray,RB,103.6,7.4,1:8.8;2:9.6;3:2.8;4:11.9;5:5.0;6:13.6;7:0.0;9:0.0;10:0.0;11:5.3;12:1.4;13:5.5;14:6.1;15:6.1;16:3.4;17:3.1;18:21.0
2021,16944,Devonta Freeman,RB,146.6,9.16,2:2.9;3:0.8;4:0.4;5:6.5;6:11.3;7:12.9;9:16.3;10:8.8;11:20.0;12:7.0;13:20.7;14:12.2;15:3.4;16:10.0;17:8.7;18:4.7
2021,2573079,Carson Wentz,QB,258.02,15.18,1:18.34;2:17.58;3:7.76;4:17.92;5:22.58;6:17.02;7:20.3;8:18.34;9:24.18;10:7.1;11:10.04;12:20.34;13:11.12;15:5.98;16:17.4;17:10.92;18:11.1
2021,15683,Justin Tucker,K,160.0,9.41,1:11.0;2:7.0;3:16.0;4:13.0;5:3.0;6:12.0;7:6.0;9:10.0;10:4.0;11:11.0;12:13.0;13:7.0;14:15.0;15:6.0;16:3.0;17:15.0;18:8.0
2021,14924,T.Y. Hilton,WR,74.1,7.41,1:0.0;2:0.0;3:0.0;4:0.0;5:0.0;6:12.0;7:0.0;8:3.6;9:0.0;10:1.5;11:4.6;12:12.8;13:4.2;15:2.9;16:15.1;17:11.5;18:5.9
2021,16460,Adam Thielen,WR,199.8,15.37,1:30.2;2:15.9;3:17.0;4:7.6;5:6.0;6:29.8;8:19.8;9:8.6;10:11.5;11:22.2;12:23.2;13:1.0;14:0.0;15:0.0;16:7.0;17:0.0;18:0.0
2021,14163,Tyrod Taylor,QB,81.74,13.62,1:23.64;2:16.5;3:0.0;4:0.0;5:0.0;6:0.0;7:0.0;8:0.0;9:5.9;11:19.08;12:15.32;13:1.3;14:0.0;15:0.0;16:0.0;17:0.0;18:0.0
2021,16725,Sammy Watkins,WR,70.4,5.42,1:13.6;2:8.4;3:10.8;4:8.9;5:5.5;6:0.0;7:0.0;9:0.0;10:-0.3;11:7.8;12:1.8;13:13.9;14:0.0;15:0.0;16:0.0;17:0.0;18:0.0
2021,16728,Teddy Bridgewater,QB,202.68,14.48,1:20.46;2:21.22;3:11.8;4:6.8;5:18.62;6:18.26;7:13.78;8:12.62;9:21.86;10:9.04;12:16.16;13:11.98;14:15.16;15:4.92;16:0.0;17:0.0;18:0.0
2021,15705,Josh Gordon,WR,14.2,1.58,4:0.0;5:2.1;6:0.0;7:0.0;8:0.0;9:0.0;10:0.0;11:1.7;13:0.0;14:8.9;15:0.0;16:0.0;17:1.5;18:0.0
2021,16731,Brandin Cooks,WR,231.8,14.49,1:18.2;2:22.8;3:20.7;4:9.7;5:5.3;6:17.9;7:7.1;8:20.3;9:11.6;11:3.8;12:13.5;13:8.4;14:18.1;15:29.2;16:0.0;17:19.6;18:5.6
2021,15965,Dustin Hopkins,K,143.0,8.41,1:11.0;2:14.0;3:3.0;4:4.0;5:11.0;6:9.0;8:7.0;9:7.0;10:9.0;11:12.0;12:0.0;13:11.0;14:13.0;15:4.0;16:12.0;17:10.0;18:6.0
2021,16733,Odell Beckham Jr.,WR,129.1,9.22,1:0.0;2:0.0;3:13.7;4:5.1;5:4.0;6:12.9;7:4.3;8:1.6;10:3.8;12:19.1;13:10.8;14:19.7;15:1.7;16:13.7;17:14.9;18:3.8
2021,16737,Mike Evans,WR,262.5,16.41,1:5.4;2:24.5;3:18.6;4:14.5;5:29.3;6:4.7;7:31.6;8:12.8;10:14.2;11:20.3;12:4.6;13:16.9;14:21.1;15:2.4;16:0.0;17:14.7;18:26.9
2021,15971,Rex Burkhead,RB,104.3,6.95,1:1.6;2:0.0;3:1.5;4:-0.1;5:0.0;6:0.0;7:0.0;8:13.8;9:0.9;11:4.0;12:8.4;13:5.5;14:10.6;15:5.7;16:28.9;17:13.9;18:9.6
2021,13934,Antonio Brown,WR,121.1,17.3,1:23.7;2:2.7;3:0.0;4:13.3;5:31.4;6:24.3;7:0.0;8:0.0;10:0.0;11:0.0;12:0.0;13:0.0;14:0.0;15:0.0;16:20.1;17:5.6
2021,11122,Matt Prater,K,147.0,8.65,1:7.0;2:12.0;3:6.0;4:15.0;5:4.0;6:15.0;7:7.0;8:3.0;9:7.0;10:5.0;11:5.0;13:9.0;14:16.0;15:6.0;16:2.0;17:15.0;18:13.0
2021,2473037,Jason Myers,K,98.0,5.76,1:4.0;2:6.0;3:6.0;4:4.0;5:4.0;6:10.0;7:4.0;8:7.0;10:0.0;11:7.0;12:1.0;13:3.0;14:7.0;15:4.0;16:5.0;17:18.0;18:8.0
2021,2573401,Tyler Higbee,TE,147.0,9.8,1:11.8;2:1.8;3:15.0;4:7.6;5:9.4;6:8.6;7:9.6;8:5.5;9:10.1;10:11.0;12:1.3;13:9.8;14:0.0;15:0.0;16:9.1;17:12.9;18:23.5
2021,16757,Derek Carr,QB,256.96,15.12,1:24.0;2:24.18;3:21.24;4:14.44;5:7.24;6:21.54;7:19.02;9:10.34;10:18.24;11:8.6;12:21.02;13:12.36;14:10.52;15:10.14;16:8.54;17:10.2;18:15.34
2021,15478,Brandon Bolden,RB,124.1,7.76,1:0.5;2:0.0;3:5.2;4:11.1;5:7.1;6:1.2;7:19.9;8:2.6;9:10.1;10:10.0;11:3.6;12:9.4;13:6.5;15:7.4;16:4.4;17:4.5;18:20.6
2021,16504,Jack Doyle,TE,79.2,4.66,1:5.1;2:13.4;3:2.0;4:3.4;5:1.4;6:0.0;7:0.0;8:9.2;9:7.1;10:6.1;11:6.0;12:20.1;13:2.3;15:1.0;16:0.0;17:0.0;18:2.1
2021,16760,Jimmy Garoppolo,QB,227.5,15.17,1:14.76;2:19.56;3:14.68;4:8.6;5:0.0;7:5.24;8:27.28;9:19.34;10:15.38;11:15.64;12:11.2;13:15.96;14:20.14;15:13.8;16:13.18;17:0.0;18:12.74
2021,10621,Nick Folk,K,168.0,9.88,1:11.0;2:15.0;3:8.0;4:4.0;5:17.0;6:3.0;7:14.0;8:15.0;9:5.0;10:9.0;11:16.0;12:20.0;13:7.0;15:5.0;16:3.0;17:9.0;18:7.0
2021,16777,Carlos Hyde,RB,45.8,4.16,1:7.8;2:0.7;3:4.4;4:0.0;5:1.3;8:13.2;9:6.3;10:1.4;11:0.0;12:1.6;13:7.3;14:1.8;15:0.0;16:0.0;17:0.0;18:0.0
2021,9354,Robbie Gould,K,109.0,8.38,1:13.0;2:6.0;3:4.0;4:0.0;5:0.0;7:0.0;8:0.0;9:5.0;10:9.0;11:14.0;12:10.0;13:7.0;14:7.0;15:7.0;16:6.0;17:11.0;18:10.0
2021,2975674,Robert Tonyan,TE,50.4,6.3,1:2.8;2:14.2;3:1.6;4:2.8;5:1.8;6:3.0;7:16.3;8:7.9;9:0.0;10:0.0;11:0.0;12:0.0;14:0.0;15:0.0;16:0.0;17:0.0;18:0.0
2021,2577327,Tyler Lockett,WR,241.4,15.09,1:26.0;2:31.8;3:7.1;4:6.4;5:10.7;6:5.5;7:3.2;8:26.2;10:4.3;11:15.5;12:12.6;13:19.8;14:27.2;15:0.0;16:6.0;17:12.1;18:27.0
2021,2587819,Tyrell Williams,WR,3.4,3.4,1:3.4;2:0.0;3:0.0;4:0.0;5:0.0;6:0.0;7:0.0;8:0.0
2021,3122866,Devontae Booker,RB,144.1,9.01,1:2.3;2:2.1;3:0.0;4:2.2;5:20.8;6:10.9;7:14.6;8:17.5;9:15.2;11:3.0;12:3.7;13:9.4;14:12.4;15:10.2;16:8.6;17:6.6;18:4.6
2021,3051439,Boston Scott,RB,98.6,8.22,1:0.0;2:0.0;3:2.5;4:0.0;5:0.0;6:0.0;7:9.9;8:18.0;9:4.0;10:12.5;11:3.8;12:13.2;13:0.0;15:0.0;16:10.1;17:24.6;18:0.0
2021,3049899,Younghoe Koo,K,123.0,7.24,1:6.0;2:5.0;3:6.0;4:6.0;5:11.0;7:12.0;8:9.0;9:9.0;10:3.0;11:-1.0;12:3.0;13:5.0;14:12.0;15:8.0;16:11.0;17:7.0;18:11.0
2021,3117256,Dalton Schultz,TE,208.8,12.28,1:10.5;2:3.8;3:26.0;4:17.8;5:13.9;6:12.9;8:3.1;9:9.4;10:2.4;11:11.3;12:15.6;13:9.3;14:1.4;15:20.7;16:22.2;17:11.4;18:17.1
2021,3124679,Jason Sanders,K,107.0,6.29,1:6.0;2:0.0;3:10.0;4:5.0;5:5.0;6:7.0;7:3.0;8:4.0;9:6.0;10:10.0;11:5.0;12:10.0;13:9.0;15:7.0;16:8.0;17:2.0;18:10.0
2021,3117251,Christian McCaffrey,RB,127.5,18.21,1:27.7;2:24.7;3:6.0;4:0.0;5:0.0;6:0.0;7:0.0;8:0.0;9:14.6;10:26.1;11:24.9;12:3.5;14:0.0;15:0.0;16:0.0;17:0.0;18:0.0
2021,3049916,Matt Breida,RB,42.7,5.34,1:0.4;2:0.0;3:0.0;4:0.0;5:0.0;6:0.0;8:0.0;9:0.0;10:18.0;11:7.7;12:13.5;13:1.8;14:1.2;15:0.1;16:0.0;17:0.0;18:0.0
2021,3040151,George Kittle,TE,198.0,14.14,1:11.8;2:5.7;3:17.1;4:8.0;5:0.0;7:0.0;8:0.0;9:20.1;10:16.0;11:13.4;12:2.3;13:39.6;14:34.1;15:15.3;16:4.1;17:4.5;18:6.0
2021,3122840,Deshaun Watson,QB,0.0,0.0,1:0.0;2:0.0;3:0.0;4:0.0;5:0.0;6:0.0;7:0.0;8:0.0;9:0.0;11:0.0;12:0.0;13:0.0;14:0.0;15:0.0;16:0.0;17:0.0;18:0.0
2021,3002265,Dwayne Washington,RB,4.8,0.44,1:0.0;2:0.0;3:0.0;4:2.1;5:0.0;7:0.0;8:0.0;9:0.0;10:0.8;11:1.9;12:0.0;13:0.0;14:0.0;15:0.0;16:0.0;17:0.0;18:0.0
2021,3051926,Gus Edwards,RB,0.0,0.0,1:0.0;2:0.0;3:0.0;4:0.0;5:0.0;6:0.0;7:0.0;9:0.0;10:0.0;11:0.0;12:0.0;13:0.0;14:0.0;15:0.0;16:0.0;17:0.0;18:0.0
2021,3045523,Kendrick Bourne,WR,180.5,10.62,1:2.7;2:4.6;3:21.6;4:10.8;5:6.8;6:14.5;7:15.8;8:5.8;9:6.4;10:24.1;11:8.9;12:23.1;13:0.3;15:9.3;16:5.3;17:14.3;18:6.2
2021,2979477,Tevin Coleman,RB,51.5,4.68,1:2.4;2:2.4;3:0.0;4:5.1;5:1.1;7:0.0;8:0.0;9:0.0;10:5.3;11:2.8;12:9.0;13:10.7;14:0.0;15:5.0;16:7.1;17:0.0;18:0.6
2021,3128721,Sony Michel,RB,146.3,8.61,1:0.2;2:4.6;3:10.9;4:-0.9;5:11.5;6:4.2;7:0.4;8:7.6;9:10.6;10:5.1;12:3.5;13:21.9;14:7.9;15:13.5;16:20.5;17:18.9;18:5.9
2021,3134353,Tim Patrick,WR,156.4,9.78,1:13.9;2:12.7;3:14.8;4:6.9;5:15.9;6:13.2;7:3.6;8:9.4;9:18.5;10:4.4;12:4.6;13:1.9;14:4.1;15:13.2;16:3.8;17:0.0;18:15.5
2021,3128720,Nick Chubb,RB,215.3,15.38,1:22.1;2:16.8;3:8.4;4:11.5;5:24.0;6:0.0;7:0.0;8:7.9;9:30.3;10:0.0;11:22.4;12:5.9;14:9.5;15:16.3;16:27.4;17:5.8;18:7.0
2021,2977187,Cooper Kupp,WR,439.5,25.85,1:23.8;2:36.8;3:30.6;4:11.4;5:16.2;6:34.0;7:37.6;8:24.5;9:20.5;10:23.2;12:18.6;13:26.9;14:31.3;15:34.7;16:21.3;17:21.5;18:26.6
2021,3043234,Zane Gonzalez,K,91.0,7.58,1:0.0;2:3.0;3:6.0;4:3.0;5:14.0;6:9.0;7:4.0;8:17.0;9:7.0;10:17.0;11:3.0;12:5.0;14:3.0;15:0.0;16:0.0;17:0.0;18:0.0
2021,2574576,C.J. Uzomah,TE,128.3,8.02,1:5.5;2:2.4;3:0.0;4:26.5;5:3.6;6:10.5;7:24.1;8:7.3;9:6.4;11:2.9;12:3.9;13:5.0;14:9.6;15:4.8;16:8.6;17:7.2;18:0.0
2021,2576623,DeVante Parker,WR,103.5,10.35,1:12.1;2:9.2;3:8.2;4:17.7;5:0.0;6:0.0;7:0.0;8:16.5;9:0.0;10:0.0;11:0.0;12:0.0;13:11.2;15:16.8;16:0.0;17:8.6;18:3.2
2021,2976499,Amari Cooper,WR,202.5,13.5,1:38.9;2:5.4;3:5.6;4:15.9;5:15.0;6:10.5;8:26.2;9:5.7;10:9.1;11:0.0;12:0.0;13:6.1;14:16.1;15:2.8;16:21.5;17:10.8;18:12.9
2021,3122672,Royce Freeman,RB,34.6,2.88,1:0.0;2:0.0;3:3.5;4:1.2;5:1.8;6:0.3;7:2.9;8:2.5;9:0.0;11:0.0;12:0.0;13:3.1;14:12.6;15:0.8;16:3.4;17:2.5;18:0.0
2021,3046409,Alex Collins,RB,68.8,6.25,1:0.0;2:2.5;3:0.8;4:15.8;5:9.2;6:16.8;7:5.4;8:4.4;10:5.9;11:3.6;12:1.7;13:0.0;14:2.7;15:0.0;16:0.0;17:0.0;18:0.0
2021,3059722,Zay Jones,WR,105.9,7.06,1:12.6;2:0.0;3:2.5;4:1.5;5:1.6;6:0.0;7:5.3;9:3.0;10:3.2;11:3.0;12:11.3;13:5.1;14:5.5;15:12.7;16:11.0;17:19.9;18:7.7
2021,3045127,Wayne Gallman,RB,13.5,1.69,1:0.0;2:0.0;3:0.0;4:2.9;5:0.2;7:0.2;8:0.0;9:0.0;10:8.6;11:-0.3;12:1.9;13:0.0;15:0.0;16:0.0;17:0.0;18:0.0
2021,3043080,O.J. Howard,TE,33.5,2.79,1:0.0;2:3.1;3:2.1;4:0.0;5:3.9;6:16.9;7:1.9;8:3.6;10:0.0;11:2.0;12:0.0;13:0.0;14:0.0;15:0.0;16:0.0;17:0.0;18:0.0
2021,2979843,Kenyan Drake,RB,102.5,8.54,1:12.0;2:10.5;3:8.7;4:0.2;5:1.1;6:21.3;7:16.9;9:16.0;10:5.1;11:3.9;12:5.0;13:1.8;14:0.0;15:0.0;16:0.0;17:0.0;18:0.0
2021,3043078,Derrick Henry,RB,193.3,24.16,1:10.7;2:47.7;3:19.4;4:25.7;5:31.0;6:35.6;7:16.4;8:6.8;9:0.0;10:0.0;11:0.0;12:0.0;14:0.0;15:0.0;16:0.0;17:0.0;18:0.0
2021,3121410,Parris Campbell,WR,32.2,5.37,1:3.4;2:0.0;3:2.9;4:4.2;5:9.6;6:12.1;7:0.0;8:0.0;9:0.0;10:0.0;11:0.0;12:0.0;13:0.0;15:0.0;16:0.0;17:0.0;18:0.0
2021,2577417,Dak Prescott,QB,320.56,20.04,1:27.42;2:7.48;3:20.12;4:27.02;5:20.68;6:26.8;8:0.0;9:18.88;10:26.34;11:2.64;12:25.3;13:11.22;14:9.94;15:10.58;16:31.3;17:23.04;18:31.8
2021,3054850,Alvin Kamara,RB,234.7,18.05,1:18.1;2:7.0;3:20.8;4:12.0;5:29.2;7:33.9;8:16.6;9:20.4;10:0.0;11:0.0;12:0.0;13:0.0;14:24.5;15:5.1;16:7.9;17:21.0;18:18.2
2021,3042778,Corey Davis,WR,105.2,11.69,1:26.7;2:2.8;3:9.1;4:21.1;5:8.5;7:14.7;8:0.0;9:0.0;10:12.3;11:6.5;12:0.0;13:3.5;14:0.0;15:0.0;16:0.0;17:0.0;18:0.0
2021,3051738,Marquez Valdes-Scantling,WR,87.0,7.91,1:4.7;2:0.0;3:14.9;4:0.0;5:0.0;6:0.0;7:0.0;8:0.0;9:3.9;10:5.1;11:22.3;12:9.0;14:5.0;15:20.8;16:0.0;17:1.3;18:0.0
2021,3042519,Aaron Jones,RB,229.0,15.27,1:4.2;2:41.5;3:17.6;4:10.9;5:14.9;6:21.0;7:8.9;8:24.0;9:5.3;10:12.6;11:0.0;12:2.3;14:21.5;15:15.0;16:13.7;17:15.6;18:0.0
2021,2976212,Stefon Diggs,WR,285.5,16.79,1:15.9;2:16.0;3:12.2;4:18.4;5:8.9;6:23.9;8:15.0;9:14.5;10:30.2;11:18.3;12:20.4;13:9.1;14:14.4;15:13.5;16:21.5;17:10.2;18:23.1
2021,3126486,Deebo Samuel,WR,338.96,21.19,1:31.9;2:16.1;3:10.2;4:35.7;5:16.1;7:21.0;8:23.1;9:11.3;10:30.3;11:16.4;12:20.8;13:0.0;14:12.9;15:18.9;16:28.1;17:17.2;18:28.96
2021,2574808,Robby Anderson,WR,138.5,8.15,1:12.7;2:6.8;3:1.8;4:9.9;5:5.0;6:10.1;7:4.4;8:0.0;9:1.2;10:13.7;11:8.0;12:2.5;14:21.4;15:9.2;16:10.8;17:3.0;18:18.0
2021,3043275,Austin Hooper,TE,92.5,5.78,1:5.7;2:9.0;3:9.9;4:2.1;5:2.0;6:1.4;7:6.2;8:6.6;9:3.4;10:12.5;11:9.3;12:0.0;14:14.0;15:0.0;16:5.6;17:4.8;18:0.0
2021,3059915,Kareem Hunt,RB,110.0,13.75,1:17.1;2:6.3;3:27.5;4:16.6;5:25.9;6:10.8;7:0.0;8:0.0;9:0.0;10:0.0;11:0.0;12:2.0;14:3.8;15:0.0;16:0.0;17:0.0;18:0.0
2021,3126246,Dontrell Hilliard,RB,72.7,10.39,8:0.0;9:0.0;10:0.0;11:16.2;12:18.3;14:1.3;15:9.9;16:3.4;17:16.8;18:6.8
2021,2971618,Nelson Agholor,WR,103.4,7.39,1:18.2;2:5.1;3:3.7;4:8.9;5:6.2;6:3.8;7:13.1;8:9.0;9:0.0;10:4.1;11:15.0;12:5.0;13:0.6;15:7.4;16:0.0;17:0.0;18:3.3
2021,3120348,JuJu Smith-Schuster,WR,34.8,6.96,1:9.2;2:16.4;3:5.5;4:3.1;5:0.6;6:0.0;8:0.0;9:0.0;10:0.0;11:0.0;12:0.0;13:0.0;14:0.0;15:0.0;16:0.0;17:0.0;18:0.0
2021,2576434,Melvin Gordon III,RB,195.1,12.19,1:20.8;2:8.9;3:15.1;4:8.7;5:6.3;6:10.3;7:11.2;8:19.2;9:17.5;10:9.3;12:9.8;13:0.0;14:23.1;15:7.1;16:1.0;17:10.2;18:16.6
2021,3060022,Jordan Howard,RB,62.5,8.93,1:0.0;2:0.0;3:0.0;4:0.0;5:0.0;6:0.0;7:0.0;8:17.7;9:13.1;10:8.3;11:6.3;12:0.0;13:0.0;15:6.9;16:7.6;17:2.6;18:0.0
2021,3116593,Dalvin Cook,RB,206.3,15.87,1:20.4;2:16.8;3:0.0;4:6.4;5:0.0;6:22.3;8:7.8;9:15.2;10:20.8;11:22.5;12:14.3;13:0.0;14:35.2;15:11.1;16:0.0;17:4.3;18:9.2
2021,2972460,Breshad Perriman,WR,33.4,6.68,2:0.0;3:0.0;4:0.0;5:0.0;6:0.0;7:0.0;8:0.0;9:0.0;10:0.0;11:3.6;12:0.0;13:1.5;14:12.8;15:0.0;16:0.0;17:6.1;18:9.4
2021,3052587,Baker Mayfield,QB,180.9,12.92,1:12.64;2:17.52;3:16.94;4:9.3;5:23.0;6:12.16;7:0.0;8:9.5;9:16.72;10:4.92;11:7.94;12:12.28;14:15.0;15:0.0;16:9.98;17:13.0;18:0.0
2021,3128390,Allen Lazard,WR,142.5,10.18,1:3.6;2:0.0;3:5.2;4:5.3;5:2.6;6:11.7;7:17.0;8:0.0;9:9.0;10:1.6;11:0.0;12:3.3;14:20.9;15:4.8;16:13.8;17:19.2;18:24.5
2021,2976316,Michael Thomas,WR,0.0,0.0,1:0.0;2:0.0;3:0.0;4:0.0;5:0.0;7:0.0;8:0.0;9:0.0;10:0.0;11:0.0;12:0.0;13:0.0;14:0.0;15:0.0;16:0.0;17:0.0;18:0.0
2021,2978109,Zach Pascal,WR,94.5,5.91,1:20.3;2:14.8;3:5.1;4:8.4;5:7.8;6:0.0;7:4.4;8:9.3;9:9.8;10:2.9;11:0.9;12:1.2;13:2.8;15:3.3;16:0.0;17:1.8;18:1.7
2021,3025433,Mike Davis,RB,138.2,8.13,1:10.2;2:13.3;3:11.0;4:10.6;5:12.1;7:1.0;8:11.6;9:2.8;10:1.8;11:5.1;12:7.1;13:16.9;14:13.6;15:2.1;16:4.5;17:12.7;18:1.8
2021,3045144,Tyler Boyd,WR,183.84,11.49,1:6.2;2:14.3;3:13.6;4:20.8;5:6.4;6:1.7;7:7.9;8:19.74;9:2.1;11:12.3;12:3.3;13:13.5;14:10.3;15:20.6;16:17.5;17:13.6;18:0.0
2021,3121427,Curtis Samuel,WR,9.8,1.96,1:0.0;2:0.0;3:0.0;4:5.9;5:0.8;6:0.0;7:0.0;8:0.0;10:0.0;11:0.0;12:2.3;13:0.8;14:0.0;15:0.0;16:0.0;17:0.0;18:0.0
2021,3045138,Mike Williams,WR,246.6,15.41,1:22.2;2:22.1;3:33.2;4:2.1;5:36.5;6:4.7;8:3.9;9:7.8;10:7.3;11:20.7;12:7.9;13:16.0;14:12.1;15:7.9;16:0.0;17:15.3;18:26.9
2021,3122449,James Washington,WR,65.8,4.39,1:3.0;2:0.0;3:5.0;4:10.9;5:0.0;6:1.9;8:1.4;9:6.5;10:9.5;11:3.2;12:1.3;13:0.0;14:16.5;15:6.6;16:0.0;17:0.0;18:0.0
2021,3121422,Terry McLaurin,WR,213.5,12.56,1:10.2;2:27.7;3:10.2;4:30.3;5:8.6;6:6.8;7:25.2;8:6.5;10:11.9;11:21.3;12:9.1;13:5.2;14:0.0;15:7.1;16:7.0;17:13.1;18:13.3
2021,3046439,Hunter Henry,TE,164.3,10.27,1:6.1;2:6.2;3:8.6;4:13.2;5:19.5;6:10.5;7:10.3;8:4.3;9:9.9;10:19.7;11:4.5;12:3.6;13:0.0;15:25.7;16:1.9;17:6.7;18:13.6
2021,2576414,Raheem Mostert,RB,2.0,2.0,1:2.0;2:0.0;3:0.0;4:0.0;5:0.0;7:0.0;8:0.0;9:0.0;10:0.0;11:0.0;12:0.0;13:0.0;14:0.0;15:0.0;16:0.0;17:0.0;18:0.0
2021,2576925,Darren Waller,TE,133.5,12.14,1:26.5;2:11.5;3:10.4;4:15.0;5:8.5;6:10.9;7:0.0;9:16.2;10:6.4;11:18.6;12:5.3;13:0.0;14:0.0;15:0.0;16:0.0;17:0.0;18:4.2
2021,3127586,Jeremy McNichols,RB,73.6,5.66,1:6.3;2:5.9;3:8.6;4:16.5;5:5.5;6:0.0;7:2.0;8:6.3;9:6.5;10:1.8;11:0.0;12:0.0;14:1.6;15:8.1;16:3.1;17:1.4
2021,3122976,Jeff Wilson Jr.,RB,51.5,6.44,1:0.0;2:0.0;3:0.0;4:0.0;5:0.0;7:0.0;8:0.0;9:0.0;10:2.8;11:6.8;12:1.7;13:0.0;14:5.6;15:19.9;16:14.7;17:0.0;18:0.0
2021,3051806,Ricky Seals-Jones,TE,69.1,6.28,1:0.0;2:8.9;3:0.0;4:3.9;5:9.1;6:15.8;7:11.1;8:3.2;10:6.0;11:0.0;12:0.0;13:0.0;14:1.8;15:6.9;16:0.6;17:1.8;18:0.0
2021,3045147,James Conner,RB,257.7,17.18,1:5.3;2:2.6;3:18.3;4:20.6;5:10.7;6:8.1;7:12.4;8:14.2;9:40.3;10:15.4;11:20.9;13:19.1;14:33.5;15:9.0;16:0.0;17:0.0;18:27.3
2021,3055899,Harrison Butker,K,137.0,8.56,1:10.0;2:5.0;3:6.0;4:6.0;5:10.0;6:9.0;7:3.0;8:8.0;9:9.0;10:11.0;11:8.0;13:13.0;14:14.0;15:8.0;16:0.0;17:7.0;18:10.0
2021,3116406,Tyreek Hill,WR,296.5,17.44,1:37.1;2:5.9;3:9.7;4:47.6;5:14.8;6:22.6;7:12.7;8:27.4;9:7.3;10:27.5;11:20.0;13:4.2;14:11.6;15:32.8;16:3.9;17:10.2;18:1.2
2021,3045238,Godwin Igwebuike,RB,26.8,1.79,1:0.0;2:0.0;3:0.0;4:0.0;5:0.0;6:0.0;7:0.0;8:8.8;10:11.6;11:0.6;12:1.1;13:3.1;14:0.5;15:1.1;16:0.0;17:0.0;18:0.0
2021,3115378,Russell Gage,WR,163.0,12.54,1:0.0;2:7.8;3:0.0;4:0.0;5:0.0;7:16.7;8:0.0;9:13.4;10:0.0;11:9.9;12:18.2;13:22.0;14:10.4;15:23.1;16:5.9;17:8.0;18:27.6
2021,3115375,Darrel Williams,RB,196.0,11.53,1:0.4;2:5.8;3:5.9;4:13.8;5:7.5;6:23.9;7:8.0;8:17.0;9:10.7;10:29.4;11:3.6;13:11.0;14:12.9;15:1.2;16:11.5;17:25.7;18:7.7
2021,2977644,Todd Gurley II,RB,0.0,0.0,
2021,3128429,Courtland Sutton,WR,150.24,8.84,1:2.4;2:24.9;3:8.7;4:7.7;5:25.0;6:23.4;7:11.8;8:6.0;9:3.9;10:4.9;12:3.7;13:3.5;14:1.9;15:3.2;16:7.3;17:9.0;18:2.94
2021,3068267,Austin Ekeler,RB,343.8,21.49,1:11.7;2:22.5;3:22.7;4:29.5;5:32.9;6:9.5;8:24.4;9:11.2;10:14.9;11:41.5;12:21.9;13:17.4;14:16.4;15:18.2;16:0.0;17:20.2;18:28.9
2021,3061612,Jamal Agnew,WR,76.0,7.6,1:0.0;2:6.0;3:0.0;4:4.8;5:10.9;6:12.8;8:15.8;9:6.8;10:13.9;11:5.0;12:0.0;13:0.0;14:0.0;15:0.0;16:0.0;17:0.0;18:0.0
2021,2974858,Kenny Golladay,WR,89.1,6.36,1:10.4;2:6.8;3:10.4;4:17.6;5:0.0;6:0.0;7:0.0;8:0.0;9:4.8;11:2.2;12:8.0;13:6.7;14:3.5;15:8.3;16:5.2;17:0.0;18:5.2
2021,3051909,Daniel Carlson,K,171.0,10.06,1:11.0;2:17.0;3:13.0;4:1.0;5:3.0;6:11.0;7:9.0;9:9.0;10:2.0;11:8.0;12:21.0;13:11.0;14:3.0;15:12.0;16:6.0;17:13.0;18:21.0
2021,3116165,Chris Godwin,WR,242.4,17.31,1:23.5;2:16.2;3:19.6;4:8.5;5:14.0;6:9.3;7:25.1;8:28.0;10:12.7;11:19.2;12:4.7;13:30.2;14:20.5;15:10.9;16:0.0;17:0.0;18:0.0
2021,3116164,Mike Gesicki,TE,165.0,9.71,1:0.0;2:7.1;3:18.6;4:16.7;5:8.3;6:19.5;7:21.5;8:9.8;9:9.4;10:0.0;11:10.0;12:4.7;13:11.6;15:9.3;16:5.2;17:9.1;18:4.2
2021,3123076,David Njoku,TE,107.6,7.17,1:10.6;2:3.8;3:0.0;4:3.7;5:27.9;6:1.6;7:3.8;8:6.9;9:8.8;10:2.1;11:4.1;12:12.5;14:0.0;15:5.9;16:0.0;17:12.8;18:3.1
2021,3054212,Jonnu Smith,TE,67.4,4.49,1:9.8;2:6.8;3:1.4;4:10.4;5:5.2;6:1.9;7:7.7;8:3.3;9:1.8;10:0.0;11:2.7;12:8.8;13:2.1;15:1.5;17:3.5;18:0.5
2021,3128451,Tre'Quan Smith,WR,87.7,7.97,1:0.0;2:0.0;3:0.0;4:0.0;5:0.0;7:2.1;8:12.3;9:8.3;10:14.4;11:11.4;12:7.1;13:3.5;14:6.3;15:3.7;16:0.0;17:0.0;18:18.6
2021,3115394,DJ Chark Jr.,WR,34.4,11.47,1:17.6;2:2.9;3:13.9;4:0.0;5:0.0;6:0.0;8:0.0;9:0.0;10:0.0;11:0.0;12:0.0;13:0.0;14:0.0;15:0.0;16:0.0;17:0.0;18:0.0
2021,3051392,Ezekiel Elliott,RB,252.06,14.83,1:5.9;2:17.7;3:26.6;4:20.3;5:25.2;6:18.9;8:11.3;9:12.6;10:20.76;11:12.8;12:16.9;13:6.7;14:9.0;15:16.2;16:17.2;17:4.0;18:10.0
2021,3121023,Dallas Goedert,TE,165.0,11.0,1:14.2;2:4.4;3:8.6;4:16.6;5:4.8;6:0.0;7:12.0;8:13.2;9:7.3;10:4.8;11:11.2;12:1.0;13:28.5;15:20.5;16:4.8;17:13.1;18:0.0
2021,3125116,D'Onta Foreman,RB,93.9,10.43,9:2.9;10:9.8;11:5.0;12:10.2;14:14.2;15:15.5;16:7.7;17:19.2;18:9.4
2021,3052117,Phillip Lindsay,RB,45.4,3.24,1:8.5;2:9.4;3:0.5;4:-0.1;5:1.9;6:7.4;7:0.8;8:0.8;9:2.8;11:-0.3;12:4.2;13:0.0;15:0.0;16:3.6;17:1.9;18:4.0
2021,2969939,Jameis Winston,QB,117.4,16.77,1:29.62;2:8.34;3:13.52;4:13.04;5:25.76;7:16.88;8:10.24;9:0.0;10:0.0;11:0.0;12:0.0;13:0.0;14:0.0;15:0.0;16:0.0;17:0.0;18:0.0
2021,2576716,Jamison Crowder,WR,109.7,9.14,1:0.0;2:0.0;3:0.0;4:19.1;5:8.4;7:7.4;8:16.4;9:8.8;10:5.0;11:16.4;12:1.5;13:10.2;14:4.9;15:9.0;16:0.0;17:0.0;18:2.6
2021,2983509,Dare Ogunbowale,RB,50.1,3.85,1:0.0;2:0.0;3:0.0;4:0.3;5:2.9;6:0.0;8:2.8;9:1.5;10:0.0;11:0.0;12:0.0;13:0.0;14:2.5;15:1.6;16:15.2;17:14.8;18:8.5
2021,2976592,Sterling Shepard,WR,77.7,11.1,1:24.3;2:17.5;3:3.6;4:0.0;5:0.0;6:17.6;7:0.0;8:6.5;9:0.0;11:0.0;12:0.0;13:0.0;14:4.7;15:3.5;16:0.0;17:0.0;18:0.0
2021,3116365,Mark Andrews,TE,301.1,17.71,1:5.0;2:10.7;3:15.9;4:11.7;5:41.7;6:17.8;7:7.8;9:9.4;10:18.3;11:15.3;12:16.5;13:9.0;14:28.5;15:35.6;16:26.5;17:14.9;18:16.5
2021,3052876,William Fuller V,WR,8.6,4.3,1:0.0;2:0.0;3:7.0;4:1.6;5:0.0;6:0.0;7:0.0;8:0.0;9:0.0;10:0.0;11:0.0;12:0.0;13:0.0;15:0.0;16:0.0;17:0.0;18:0.0
2021,2998120,Josh Lambo,K,2.0,0.67,1:2.0;2:-1.0;3:1.0;4:0.0;5:0.0;6:0.0;9:0.0
2021,3116136,Justin Jackson,RB,86.2,6.16,1:1.7;2:3.9;3:0.0;4:5.3;5:0.0;6:1.7;8:7.9;9:0.0;10:0.0;11:0.2;12:0.0;13:4.1;14:5.2;15:10.9;16:34.2;17:9.1;18:2.0
2021,3116389,Samaje Perine,RB,83.2,5.2,1:3.9;2:0.0;3:1.7;4:3.2;5:18.3;6:0.0;7:14.5;8:3.6;9:5.7;11:5.1;12:2.5;13:6.1;14:7.3;15:6.3;16:2.6;17:2.4;18:0.0
2021,3115364,Leonard Fournette,RB,255.6,18.26,1:10.9;2:11.6;3:6.4;4:16.9;5:21.0;6:30.7;7:17.0;8:7.3;10:17.2;11:13.4;12:44.1;13:22.2;14:23.2;15:13.7;16:0.0;17:0.0;18:0.0
2021,2980453,Jamaal Williams,RB,119.8,9.22,1:25.0;2:6.7;3:14.7;4:6.6;5:8.5;6:1.9;7:5.7;8:0.0;10:0.0;11:1.1;12:13.3;13:9.0;14:0.0;15:0.0;16:7.7;17:13.4;18:6.2
2021,3116385,Joe Mixon,RB,287.9,17.99,1:25.0;2:8.1;3:10.4;4:13.7;5:10.5;6:26.3;7:11.9;8:25.1;9:28.0;11:24.3;12:32.3;13:9.4;14:8.8;15:7.0;16:31.5;17:15.6;18:0.0
2021,3119195,Chase Edmonds,RB,143.3,11.94,1:14.6;2:12.5;3:14.5;4:17.9;5:4.4;6:8.0;7:10.0;8:15.9;9:0.3;10:0.0;11:0.0;13:0.0;14:0.0;15:5.3;16:26.7;17:13.2;18:0.0
2021,4039359,Darrell Henderson Jr.,RB,163.4,13.62,1:15.7;2:17.2;3:0.0;4:16.6;5:16.9;6:24.7;7:9.4;8:22.3;9:8.8;10:8.1;12:17.3;13:0.0;14:0.0;15:4.7;16:1.7;17:0.0;18:0.0
2021,4035004,Mecole Hardman,WR,140.9,8.29,1:4.9;2:10.5;3:12.5;4:6.1;5:16.6;6:8.8;7:4.8;8:11.3;9:5.0;10:5.0;11:4.5;13:2.2;14:7.9;15:3.1;16:12.1;17:6.3;18:19.3
2021,4240600,Kadarius Toney,WR,82.36,9.15,1:1.8;2:0.0;3:3.6;4:13.9;5:29.6;6:6.6;7:0.0;8:7.36;9:1.7;11:11.0;12:0.0;13:0.0;14:0.0;15:0.0;16:6.8;17:0.0;18:0.0
2021,4243160,Laviska Shenault Jr.,WR,127.0,7.94,1:12.9;2:1.7;3:8.8;4:17.0;5:6.8;6:11.4;8:4.1;9:6.0;10:5.1;11:8.0;12:8.3;13:6.1;14:7.4;15:8.9;16:0.0;17:3.3;18:11.2
2021,4259545,D'Andre Swift,RB,208.9,16.07,1:24.4;2:11.8;3:23.7;4:8.9;5:22.4;6:17.7;7:28.4;8:8.1;10:16.5;11:22.6;12:3.9;13:0.0;14:0.0;15:0.0;16:0.0;17:5.9;18:14.6
2021,4241372,Marquise Brown,WR,226.3,14.14,1:19.4;2:23.3;3:8.3;4:19.1;5:33.5;6:7.5;7:19.0;9:20.6;10:9.7;11:0.0;12:13.1;13:10.5;14:9.1;15:14.3;16:9.4;17:3.8;18:5.7
2021,3917232,Tyler Bass,K,139.0,8.18,1:11.0;2:4.0;3:14.0;4:16.0;5:8.0;6:13.0;8:10.0;9:7.0;10:9.0;11:-1.0;12:7.0;13:3.0;14:9.0;15:7.0;16:9.0;17:3.0;18:10.0
2021,4241389,CeeDee Lamb,WR,232.8,14.55,1:23.4;2:17.4;3:9.5;4:3.3;5:18.8;6:36.1;8:17.2;9:4.3;10:28.6;11:4.4;12:0.0;13:19.2;14:14.6;15:11.0;16:10.4;17:8.1;18:6.5
2021,4360939,Rashod Bateman,WR,103.5,8.62,1:0.0;2:0.0;3:0.0;4:0.0;5:0.0;6:6.9;7:11.0;9:10.2;10:14.0;11:5.9;12:7.1;13:0.0;14:17.3;15:1.5;16:12.6;17:12.8;18:4.2
2021,3139477,Patrick Mahomes,QB,361.66,21.27,1:33.28;2:24.02;3:22.9;4:31.72;5:18.98;6:22.98;7:7.74;8:14.0;9:10.44;10:36.24;11:7.5;13:12.56;14:20.32;15:29.6;16:22.32;17:20.86;18:26.2
2021,4360438,Brandon Aiyuk,WR,170.3,10.02,1:0.0;2:1.6;3:14.5;4:2.5;5:5.2;7:1.9;8:10.5;9:18.7;10:5.6;11:21.5;12:12.5;13:8.5;14:18.6;15:4.6;16:14.0;17:13.4;18:16.7
2021,4038818,Bryan Edwards,WR,109.1,6.42,1:12.1;2:7.0;3:11.9;4:1.4;5:4.2;6:8.7;7:13.3;9:0.0;10:17.8;11:0.0;12:2.2;13:6.0;14:4.4;15:9.8;16:0.0;17:0.0;18:10.3
2021,4240631,DeeJay Dallas,RB,60.1,3.54,1:2.0;2:0.0;3:0.0;4:0.0;5:5.9;6:10.0;7:0.0;8:0.6;10:0.0;11:9.7;12:8.1;13:0.0;14:1.6;15:14.2;16:7.8;17:0.1;18:0.1
2021,4241401,Trey Sermon,RB,28.3,4.72,1:0.0;2:0.8;3:11.4;4:8.9;5:0.7;7:0.0;8:0.0;9:0.0;10:0.0;11:6.5;12:0.0;13:0.0;14:0.0;15:0.0;16:0.0;17:0.0;18:0.0
2021,4212989,Dan Arnold,TE,75.8,7.58,1:2.6;2:8.5;3:4.3;4:4.9;5:10.4;6:4.7;8:14.8;9:10.0;10:13.7;11:0.0;12:1.9;13:0.0;14:0.0;15:0.0;16:0.0;17:0.0;18:0.0
2021,3915411,Ty Johnson,RB,117.0,7.31,1:3.6;2:5.0;3:3.3;4:3.3;5:11.4;7:13.1;8:19.6;9:12.1;10:8.8;11:2.3;12:4.2;13:3.5;14:9.7;15:0.0;16:0.0;17:17.2;18:-0.1
2021,4249087,Matt Gay,K,157.0,9.24,1:12.0;2:9.0;3:11.0;4:8.0;5:9.0;6:8.0;7:9.0;8:8.0;9:12.0;10:4.0;12:8.0;13:15.0;14:14.0;15:10.0;16:12.0;17:1.0;18:7.0
2021,3915416,DJ Moore,WR,237.5,13.97,1:15.4;2:21.9;3:20.5;4:31.9;5:8.8;6:10.9;7:13.3;8:9.9;9:7.6;10:6.4;11:16.0;12:14.3;14:14.4;15:12.8;16:10.5;17:5.9;18:17.0
2021,3916430,Nyheim Hines,RB,112.6,6.62,1:14.2;2:3.2;3:18.9;4:1.1;5:1.8;6:3.2;7:2.2;8:6.4;9:20.8;10:4.9;11:3.1;12:3.9;13:8.6;15:7.8;16:2.8;17:5.8;18:3.9
2021,3150744,Chase McLaughlin,K,87.0,5.44,1:3.0;2:7.0;3:19.0;4:9.0;5:10.0;6:2.0;7:6.0;8:4.0;9:10.0;10:1.0;11:0.0;12:4.0;14:6.0;15:1.0;16:0.0;17:2.0;18:3.0
2021,3916433,Jakobi Meyers,WR,186.3,11.64,1:10.4;2:7.8;3:18.4;4:16.8;5:9.6;6:11.4;7:9.4;8:9.6;9:1.8;10:14.9;11:7.9;12:14.8;13:0.0;15:11.3;16:11.9;17:21.3;18:9.0
2021,4241416,Chuba Hubbard,RB,137.6,8.6,1:2.4;2:1.0;3:10.9;4:9.1;5:18.4;6:13.5;7:9.6;8:14.1;9:4.6;10:8.7;11:0.0;12:0.6;14:9.3;15:5.1;16:0.9;17:15.8;18:13.6
2021,4262921,Justin Jefferson,WR,330.4,19.44,1:12.54;2:18.5;3:26.8;4:20.4;5:19.4;6:14.0;8:4.1;9:17.0;10:22.9;11:37.2;12:13.26;13:35.6;14:20.5;15:14.7;16:19.6;17:11.8;18:22.1
2021,4043016,Dee Eskridge,WR,28.3,3.14,1:3.8;2:0.0;3:0.0;4:0.0;5:0.0;6:0.0;7:0.0;8:0.0;10:0.6;11:0.0;12:3.0;13:12.5;14:0.0;15:0.0;16:3.7;17:4.7;18:0.0
2021,3917315,Kyler Murray,QB,300.48,21.46,1:33.56;2:33.1;3:18.54;4:22.62;5:13.66;6:25.76;7:21.44;8:9.06;9:0.0;10:0.0;11:0.0;13:30.82;14:17.42;15:12.58;16:21.9;17:22.92;18:17.1
2021,4047365,Josh Jacobs,RB,226.0,15.07,1:17.0;2:0.0;3:0.0;4:10.7;5:16.7;6:15.2;7:15.8;9:13.5;10:8.6;11:11.1;12:19.2;13:24.0;14:10.0;15:12.4;16:11.4;17:18.0;18:22.4
2021,4241555,Elijah Mitchell,RB,165.0,15.0,1:16.4;2:7.3;3:0.0;4:0.0;5:8.2;7:16.7;8:19.7;9:12.9;10:9.1;11:0.0;12:27.8;13:17.4;14:0.0;15:0.0;16:0.0;17:21.0;18:8.5
2021,4258195,Donovan Peoples-Jones,WR,109.7,8.44,1:1.4;2:0.4;3:5.9;4:0.0;5:12.0;6:26.1;7:0.0;8:0.0;9:16.6;10:2.6;11:0.0;12:3.0;14:14.0;15:8.8;16:1.5;17:10.6;18:6.8
2021,4240021,Cam Akers,RB,4.3,4.3,1:0.0;2:0.0;3:0.0;4:0.0;5:0.0;6:0.0;7:0.0;8:0.0;9:0.0;10:0.0;12:0.0;13:0.0;14:0.0;15:0.0;16:0.0;17:0.0;18:4.3
2021,4036348,Michael Gallup,WR,91.5,10.17,1:7.6;2:0.0;3:0.0;4:0.0;5:0.0;6:0.0;8:0.0;9:0.0;10:7.2;11:9.4;12:15.6;13:14.6;14:11.0;15:6.2;16:7.3;17:12.6;18:0.0
2021,4242335,Jonathan Taylor,RB,373.1,21.95,1:17.6;2:6.3;3:8.2;4:20.4;5:31.9;6:28.8;7:18.0;8:21.2;9:34.0;10:24.6;11:53.4;12:19.7;13:24.3;15:23.0;16:10.8;17:18.4;18:12.5
2021,3915511,Joe Burrow,QB,314.24,19.64,1:18.64;2:10.28;3:17.58;4:22.32;5:18.34;6:22.84;7:26.64;8:20.26;9:7.38;11:9.02;12:16.4;13:16.6;14:22.22;15:12.78;16:38.1;17:34.84;18:0.0
2021,3919596,Chris Carson,RB,48.1,12.03,1:12.7;2:15.1;3:16.2;4:4.1;5:0.0;6:0.0;7:0.0;8:0.0;10:0.0;11:0.0;12:0.0;13:0.0;14:0.0;15:0.0;16:0.0;17:0.0;18:0.0
2021,4035826,Demetric Felton,RB,50.5,3.16,1:0.0;2:13.1;3:3.3;4:3.2;5:0.0;6:3.4;7:6.4;8:2.7;9:3.2;10:0.0;11:0.2;12:0.0;14:0.0;15:4.6;16:0.0;17:0.0;18:10.4
2021,3930086,Dawson Knox,TE,164.1,10.94,1:8.1;2:9.7;3:14.9;4:20.7;5:20.7;6:7.5;8:0.0;9:0.0;10:2.7;11:14.0;12:18.2;13:3.4;14:19.0;15:7.8;16:9.1;17:0.0;18:8.3
2021,3139033,Mike Boone,RB,7.7,1.28,1:0.0;2:0.0;3:0.0;4:0.0;5:0.0;6:1.3;7:0.0;8:0.0;9:0.0;10:0.0;12:0.0;13:6.4;14:0.0;15:0.0;16:0.0;17:0.0;18:0.0
2021,3932905,Diontae Johnson,WR,274.4,17.15,1:14.6;2:19.5;3:0.0;4:24.2;5:15.2;6:18.6;8:15.8;9:11.7;10:13.3;11:23.1;12:18.5;13:30.5;14:15.3;15:9.8;16:15.1;17:17.1;18:12.1
2021,3915486,Tyler Conklin,TE,138.3,8.14,1:8.1;2:3.5;3:20.0;4:5.8;5:4.5;6:10.1;8:10.7;9:9.5;10:16.1;11:6.5;12:4.5;13:12.6;14:4.0;15:1.7;16:8.4;17:9.7;18:2.6
2021,3886818,Myles Gaskin,RB,173.6,10.21,1:12.6;2:8.6;3:10.4;4:0.3;5:31.9;6:3.4;7:17.7;8:8.5;9:15.7;10:5.5;11:18.6;12:19.2;13:6.9;15:5.4;16:2.6;17:2.3;18:4.0
2021,3917792,Daniel Jones,QB,167.52,15.23,1:21.38;2:29.46;3:16.54;4:26.78;5:4.82;6:4.08;7:17.52;8:16.08;9:8.1;11:7.68;12:15.08;13:0.0;14:0.0;15:0.0;16:0.0;17:0.0;18:0.0
2021,4242873,Eno Benjamin,RB,28.0,3.11,1:0.0;2:0.0;3:0.0;4:0.0;5:0.0;6:0.0;7:0.7;8:0.0;9:9.9;10:2.2;11:3.0;13:2.3;14:0.0;15:0.0;16:0.0;17:0.3;18:9.6
2021,3918298,Josh Allen,QB,402.58,23.68,1:17.2;2:16.66;3:37.22;4:20.02;5:36.5;6:28.72;8:29.46;9:9.56;10:20.94;11:16.16;12:26.7;13:11.7;14:35.22;15:20.8;16:30.96;17:20.9;18:23.86
2021,4040655,Darnell Mooney,WR,219.7,12.92,1:7.6;2:12.6;3:1.9;4:18.5;5:6.5;6:15.5;7:5.9;8:12.4;9:20.6;11:23.1;12:17.5;13:7.7;14:2.9;15:11.6;16:10.9;17:19.9;18:24.6
2021,4035538,David Montgomery,RB,195.0,15.0,1:18.8;2:10.9;3:7.5;4:22.6;5:0.0;6:0.0;7:0.0;8:0.0;9:10.0;11:7.7;12:10.4;13:28.1;14:14.1;15:11.3;16:23.6;17:20.1;18:9.9
2021,4035537,Kene Nwangwu,RB,23.0,2.56,1:0.0;2:0.0;3:0.0;4:0.0;5:0.0;6:0.0;8:0.0;9:6.9;10:0.0;11:0.0;12:6.7;13:2.4;14:0.0;15:3.3;16:3.3;17:0.0;18:0.4
2021,4035793,Quintez Cephus,WR,49.4,9.88,1:12.2;2:16.3;3:1.8;4:12.3;5:6.8;6:0.0;7:0.0;8:0.0;10:0.0;11:0.0;12:0.0;13:0.0;14:0.0;15:0.0;16:0.0;17:0.0;18:0.0
2021,3930066,Van Jefferson,WR,168.2,9.89,1:16.0;2:2.4;3:8.2;4:21.0;5:2.6;6:4.9;7:14.3;8:11.8;9:7.1;10:8.4;12:18.3;13:16.1;14:14.8;15:5.3;16:1.6;17:10.3;18:5.1
2021,4052042,James Robinson,RB,173.9,12.42,1:8.4;2:9.4;3:25.4;4:20.6;5:21.7;6:19.1;8:4.9;9:0.0;10:18.4;11:11.8;12:12.5;13:2.5;14:0.4;15:17.8;16:1.0;17:0.0;18:0.0
2021,4243537,Gabriel Davis,WR,125.9,8.39,1:12.0;2:0.0;3:3.3;4:0.0;5:2.6;6:4.5;8:12.9;9:0.0;10:13.5;11:4.7;12:6.7;13:11.0;14:15.3;15:25.5;16:0.0;17:7.0;18:6.9
2021,4040761,Devin Singletary,RB,197.8,11.64,1:11.0;2:17.1;3:3.6;4:9.6;5:3.3;6:9.3;8:3.9;9:12.9;10:11.9;11:7.3;12:5.8;13:3.6;14:14.9;15:16.6;16:18.8;17:23.0;18:25.2
2021,4360294,Antonio Gibson,RB,229.1,14.32,1:11.8;2:9.3;3:17.4;4:15.5;5:21.2;6:4.4;7:7.6;8:8.4;10:21.8;11:7.5;12:23.6;13:22.1;14:4.1;15:18.5;16:13.8;17:0.0;18:22.1
2021,3895856,Christian Kirk,WR,207.62,12.21,1:24.0;2:9.5;3:17.4;4:1.5;5:10.0;6:18.5;7:15.0;8:8.6;9:16.42;10:12.8;11:4.5;13:1.4;14:11.6;15:24.4;16:11.8;17:13.9;18:6.3
2021,4035886,Khalil Herbert,RB,78.9,4.93,1:0.0;2:0.0;3:0.0;4:0.7;5:7.5;6:19.2;7:18.3;8:8.8;9:1.3;11:0.0;12:0.9;13:3.7;14:0.3;15:6.4;16:9.8;17:0.9;18:1.1
2021,3918639,Gerald Everett,TE,117.8,7.85,1:10.0;2:1.3;3:10.4;4:0.0;5:0.0;6:6.0;7:5.3;8:1.2;10:14.3;11:6.7;12:14.7;13:0.7;14:10.8;15:10.0;16:16.8;17:6.6;18:3.0
2021,3139605,Marlon Mack,RB,12.9,2.58,1:0.0;2:1.6;3:0.0;4:3.3;5:6.4;6:1.2;7:0.4;8:0.0;9:0.0;10:0.0;11:0.0;12:0.0;13:0.0;15:0.0;16:0.0;17:0.0;18:0.0
2021,4036131,Noah Fant,TE,159.0,9.94,1:12.2;2:13.3;3:3.5;4:16.6;5:5.0;6:24.7;7:8.9;8:2.8;9:0.0;10:10.9;12:4.2;13:7.3;14:9.1;15:10.7;16:6.0;17:21.2;18:2.6
2021,4036133,T.J. Hockenson,TE,145.3,12.11,1:25.7;2:20.6;3:3.0;4:8.2;5:4.2;6:15.4;7:10.8;8:18.9;10:0.0;11:11.1;12:12.5;13:14.9;14:0.0;15:0.0;16:0.0;17:0.0;18:0.0
2021,3139602,D'Ernest Johnson,RB,104.1,8.01,1:0.0;2:0.0;3:0.9;4:0.0;5:0.0;6:1.9;7:24.8;8:9.9;9:1.6;10:22.7;11:2.6;12:0.0;14:3.9;15:5.5;16:7.6;17:2.4;18:20.3
2021,3929630,Saquon Barkley,RB,148.6,11.43,1:3.7;2:8.9;3:21.4;4:29.6;5:0.9;6:0.0;7:0.0;8:0.0;9:0.0;11:11.6;12:9.3;13:13.4;14:18.5;15:9.4;16:3.8;17:10.2;18:7.9
2021,4243315,Salvon Ahmed,RB,38.6,3.51,1:4.8;2:1.7;3:0.0;4:3.3;5:4.1;6:4.7;7:7.2;8:3.8;9:0.6;10:2.5;11:0.0;12:3.6;13:2.3;15:0.0;16:0.0;17:0.0;18:0.0
2021,4360310,Trevor Lawrence,QB,199.04,11.71,1:19.08;2:6.82;3:7.46;4:17.76;5:21.72;6:15.86;8:12.62;9:5.12;10:9.78;11:8.62;12:17.02;13:6.8;14:1.04;15:10.5;16:12.9;17:7.32;18:18.62
2021,4047650,DK Metcalf,WR,244.3,14.37,1:16.0;2:11.3;3:22.7;4:16.5;5:26.8;6:11.8;7:17.6;8:22.3;10:5.6;11:7.1;12:2.3;13:11.0;14:8.3;15:11.2;16:12.1;17:30.9;18:10.8
2021,4047646,A.J. Brown,WR,180.9,13.92,1:14.9;2:7.3;3:0.3;4:0.0;5:6.8;6:16.1;7:27.3;8:31.5;9:9.2;10:3.3;11:9.8;12:0.0;14:0.0;15:0.0;16:31.5;17:6.1;18:16.8
2021,4239993,Tee Higgins,WR,219.1,15.65,1:15.8;2:16.0;3:0.0;4:0.0;5:10.2;6:7.4;7:13.2;8:13.7;9:13.8;11:3.5;12:23.4;13:28.8;14:16.4;15:4.3;16:43.4;17:9.2;18:0.0
2021,4038941,Justin Herbert,QB,380.76,22.4,1:13.38;2:14.72;3:30.84;4:21.28;5:42.82;6:11.0;8:13.82;9:31.64;10:12.0;11:34.28;12:19.72;13:25.28;14:24.9;15:23.04;16:16.94;17:17.68;18:27.42
2021,3916566,K.J. Osborn,WR,158.5,9.32,1:14.6;2:20.1;3:4.6;4:6.6;5:4.4;6:19.8;8:3.0;9:3.0;10:0.0;11:2.9;12:1.5;13:14.7;14:17.3;15:5.1;16:17.8;17:14.0;18:9.1
2021,3895827,Ty'Son Williams,RB,41.9,4.66,1:18.4;2:11.3;3:2.2;4:0.0;5:4.1;6:0.0;7:5.4;9:0.0;10:0.0;11:0.0;12:0.1;13:0.0;14:0.0;15:0.0;16:0.0;17:0.0;18:0.4
2021,4040715,Jalen Hurts,QB,312.16,20.81,1:28.76;2:21.8;3:20.54;4:28.18;5:22.92;6:25.0;7:23.54;8:11.22;9:16.68;10:18.62;11:30.78;12:6.86;13:0.0;15:27.64;16:16.66;17:12.96;18:0.0
2021,3932430,Jalen Guyton,WR,97.2,6.08,1:7.9;2:4.2;3:0.3;4:3.9;5:5.5;6:2.5;8:2.8;9:2.9;10:0.0;11:3.0;12:4.3;13:18.9;14:17.7;15:9.0;16:0.0;17:3.1;18:11.2
2021,4241802,Jalen Reagor,WR,78.1,4.59,1:16.9;2:2.5;3:10.3;4:3.1;5:5.4;6:0.0;7:10.5;8:3.1;9:0.4;10:1.4;11:0.9;12:5.1;13:1.7;15:8.7;16:3.5;17:-0.3;18:4.9
2021,4240657,Michael Carter,RB,154.4,11.03,1:3.0;2:10.8;3:4.9;4:10.4;5:14.8;7:16.4;8:32.2;9:9.6;10:18.2;11:7.5;12:0.0;13:0.0;14:0.0;15:3.0;16:14.4;17:7.3;18:1.9
2021,3916148,Tony Pollard,RB,162.6,10.84,1:8.3;2:23.0;3:7.5;4:6.7;5:14.3;6:9.3;8:3.7;9:5.3;10:15.8;11:9.0;12:16.8;13:15.4;14:0.0;15:11.7;16:7.0;17:8.8;18:0.0
2021,4048244,Alexander Mattison,RB,125.9,7.87,1:1.6;2:3.8;3:23.1;4:2.0;5:26.3;6:1.0;8:2.0;9:1.3;10:5.0;11:0.5;12:10.8;13:21.4;14:2.7;15:0.0;16:16.0;17:5.3;18:3.1
2021,4258595,Cole Kmet,TE,121.2,7.13,1:9.2;2:1.0;3:2.1;4:1.6;5:4.2;6:8.9;7:9.3;8:5.4;9:14.7;11:2.2;12:14.5;13:7.1;14:4.7;15:13.1;16:8.9;17:5.5;18:8.8
2021,3925357,Calvin Ridley,WR,71.1,14.22,1:10.1;2:19.3;3:14.1;4:15.0;5:0.0;7:12.6;8:0.0;9:0.0;10:0.0;11:0.0;12:0.0;13:0.0;14:0.0;15:0.0;16:0.0;17:0.0;18:0.0
2021,4242214,Clyde Edwards-Helaire,RB,117.6,11.76,1:10.2;2:2.6;3:16.9;4:19.4;5:3.4;6:0.0;7:0.0;8:0.0;9:0.0;10:0.0;11:15.6;13:11.2;14:19.2;15:9.0;16:10.1;17:0.0;18:0.0
2021,4045163,Miles Sanders,RB,117.2,9.77,1:17.3;2:6.9;3:8.5;4:7.7;5:10.1;6:8.6;7:3.7;8:0.0;9:0.0;10:0.0;11:7.4;12:7.4;13:17.2;15:16.6;16:5.8;17:0.0;18:0.0
2021,4360234,Evan McPherson,K,149.0,9.31,1:11.0;2:7.0;3:7.0;4:5.0;5:0.0;6:11.0;7:13.0;8:7.0;9:4.0;11:21.0;12:13.0;13:5.0;14:11.0;15:13.0;16:10.0;17:11.0;18:0.0
2021,3912550,Ronald Jones II,RB,79.2,5.28,1:-0.6;2:4.6;3:1.1;4:8.5;5:4.6;6:3.9;7:4.3;8:2.9;10:0.0;11:9.3;12:9.7;13:1.2;14:0.8;15:9.1;16:16.1;17:3.7;18:0.0
2021,3135321,Hunter Renfrow,WR,259.1,15.24,1:13.0;2:10.7;3:18.7;4:16.5;5:11.6;6:6.6;7:12.8;9:17.9;10:17.6;11:7.5;12:21.6;13:19.2;14:28.7;15:6.2;16:13.0;17:20.6;18:16.9
2021,4035687,Michael Pittman Jr.,WR,238.6,14.04,1:5.9;2:20.3;3:13.3;4:11.9;5:20.9;6:5.8;7:20.5;8:30.6;9:17.4;10:12.1;11:4.3;12:9.3;13:17.0;15:1.7;16:16.5;17:10.7;18:20.4
2021,3912547,Sam Darnold,QB,157.28,13.11,1:19.06;2:18.9;3:25.26;4:31.54;5:6.08;6:15.08;7:2.48;8:11.76;9:1.78;10:0.0;11:0.0;12:0.0;14:0.0;15:0.0;16:8.7;17:1.98;18:14.66
2021,3916387,Lamar Jackson,QB,239.98,20.0,1:18.0;2:32.26;3:19.28;4:19.44;5:41.88;6:11.78;7:23.08;9:30.64;10:15.42;11:0.0;12:9.4;13:17.62;14:1.18;15:0.0;16:0.0;17:0.0;18:0.0
2021,3925347,Damien Harris,RB,210.1,14.01,1:11.7;2:13.4;3:3.1;4:4.6;5:9.8;6:17.8;7:25.3;8:14.0;9:10.3;10:0.0;11:7.5;12:12.2;13:17.1;15:0.0;16:28.3;17:17.7;18:17.3
2021,3843945,Foster Moreau,TE,85.3,6.09,1:0.0;2:11.4;3:1.8;4:0.0;5:0.0;6:2.1;7:18.0;9:0.0;10:0.0;11:8.9;12:1.3;13:4.4;14:4.3;15:13.5;16:10.7;17:1.9;18:7.0
2021,4046692,Chase Claypool,WR,166.6,11.11,1:10.0;2:9.7;3:18.6;4:0.0;5:24.0;6:3.7;8:10.1;9:7.3;10:0.0;11:14.4;12:11.2;13:7.4;14:17.5;15:1.9;16:8.1;17:4.7;18:18.0
2021,3139925,Rashaad Penny,RB,121.7,12.17,1:0.8;2:0.0;3:0.0;4:0.0;5:0.0;6:0.0;7:0.9;8:0.7;10:0.0;11:1.9;12:0.0;13:7.2;14:26.8;15:6.4;16:19.5;17:32.5;18:25.0
2021,4241457,Najee Harris,RB,300.7,17.69,1:5.9;2:19.1;3:28.2;4:21.1;5:22.2;6:24.7;8:21.0;9:16.8;10:17.3;11:16.9;12:6.7;13:15.7;14:25.4;15:4.6;16:16.0;17:29.6;18:9.5
2021,3928925,JaMycal Hasty,RB,49.5,4.5,1:8.8;2:9.9;3:0.0;4:0.0;5:0.0;7:4.6;8:5.3;9:4.3;10:0.0;11:0.0;12:0.0;13:0.0;14:4.0;15:0.6;16:5.9;17:1.6;18:4.5
2021,4035170,Marquez Callaway,WR,151.8,8.93,1:2.4;2:2.8;3:14.1;4:9.4;5:24.5;7:6.2;8:6.0;9:11.5;10:11.7;11:9.6;12:4.4;13:2.3;14:5.4;15:17.2;16:8.6;17:15.7;18:0.0
2021,4241205,Larry Rountree III,RB,15.6,1.42,1:2.7;2:0.8;3:0.3;4:3.1;5:0.0;6:0.0;8:1.1;9:0.1;10:7.0;11:0.5;12:0.0;13:0.0;14:0.0;15:0.0;16:0.0;17:0.0;18:0.0
2021,4035676,Zack Moss,RB,105.2,8.09,1:0.0;2:15.4;3:18.1;4:12.1;5:12.2;6:5.9;8:11.8;9:4.4;10:8.7;11:0.5;12:0.0;13:5.3;14:0.0;15:0.0;16:3.5;17:3.9;18:3.4
2021,4241463,Jerry Jeudy,WR,85.0,8.5,1:13.2;2:0.0;3:0.0;4:0.0;5:0.0;6:0.0;7:0.0;8:7.9;9:12.9;10:11.1;12:4.5;13:11.7;14:9.7;15:0.0;16:9.0;17:0.0;18:5.0
2021,4360248,Kyle Pitts,TE,176.6,10.39,1:7.1;2:12.3;3:5.5;4:9.0;5:26.9;7:23.3;8:3.3;9:9.2;10:10.0;11:5.9;12:4.6;13:8.8;14:11.1;15:11.7;16:16.2;17:8.9;18:2.8
2021,4239934,AJ Dillon,RB,185.6,10.92,1:3.6;2:3.6;3:4.6;4:10.7;5:17.9;6:5.9;7:-0.2;8:7.8;9:13.0;10:26.8;11:15.7;12:20.0;14:7.1;15:10.5;16:8.6;17:22.3;18:7.7
2021,3975763,Greg Joseph,K,151.0,8.88,1:8.0;2:12.0;3:13.0;4:1.0;5:16.0;6:8.0;8:12.0;9:7.0;10:10.0;11:10.0;12:2.0;13:10.0;14:12.0;15:5.0;16:12.0;17:6.0;18:7.0
2021,4046676,Tony Jones Jr.,RB,22.1,2.01,1:6.3;2:0.7;3:4.2;4:1.5;5:0.0;7:0.0;8:0.0;9:0.0;10:0.0;11:0.2;12:2.7;13:0.0;14:3.9;15:0.0;16:0.6;17:-0.2;18:2.2
2021,4241475,Henry Ruggs III,WR,84.5,12.07,1:6.6;2:22.5;3:12.5;4:9.0;5:8.1;6:18.7;7:7.1
2021,4241478,DeVonta Smith,WR,185.6,10.92,1:19.1;2:3.6;3:5.8;4:19.2;5:14.7;6:5.1;7:11.1;8:2.5;9:22.6;10:22.6;11:10.1;12:4.2;13:3.5;15:7.0;16:19.0;17:8.4;18:7.1
2021,4241479,Tua Tagovailoa,QB,180.92,13.92,1:16.18;2:0.52;3:0.0;4:0.0;5:0.0;6:21.36;7:26.54;8:15.2;9:0.0;10:12.32;11:17.52;12:13.2;13:17.86;15:13.74;16:10.02;17:4.3;18:12.16
2021,4361579,Javonte Williams,RB,204.9,12.05,1:5.1;2:8.4;3:13.2;4:8.9;5:11.6;6:9.8;7:17.2;8:6.8;9:11.1;10:6.9;12:20.1;13:29.8;14:21.3;15:12.1;16:10.0;17:4.2;18:8.4
2021,4372016,Jaylen Waddle,WR,245.8,15.36,1:16.1;2:8.8;3:17.8;4:6.3;5:5.3;6:29.0;7:15.3;8:6.9;9:16.3;10:10.1;11:20.6;12:28.7;13:18.0;15:0.0;16:25.2;17:7.7;18:13.7
2021,4371733,Kenneth Gainwell,RB,123.4,7.71,1:12.3;2:7.2;3:6.4;4:20.9;5:3.4;6:1.1;7:14.1;8:2.7;9:6.3;10:2.4;11:0.0;12:6.2;13:19.7;15:0.0;16:1.6;17:0.4;18:18.7
2021,4362452,Jaret Patterson,RB,55.9,3.99,1:0.9;2:0.0;3:0.0;4:2.2;5:1.3;6:1.3;7:0.0;8:4.6;10:0.7;11:2.3;12:0.0;13:0.2;14:4.8;15:8.0;16:3.3;17:20.8;18:5.5
2021,4383351,Trey Lance,QB,64.92,10.82,1:4.4;2:0.0;3:6.1;4:20.38;5:14.58;7:0.0;8:0.0;9:0.0;10:0.0;11:0.4;12:0.0;13:0.0;14:0.0;15:0.0;16:0.0;17:19.06;18:0.0
2021,4569173,Rhamondre Stevenson,RB,114.9,9.57,1:0.1;2:0.0;3:0.0;4:0.0;5:2.3;6:15.2;7:0.0;8:4.1;9:12.6;10:27.4;11:8.5;12:4.6;13:7.8;15:5.0;16:0.0;17:22.7;18:4.6
2021,4372414,Elijah Moore,WR,138.2,12.56,1:0.7;2:8.7;3:5.2;4:0.0;5:0.0;7:10.2;8:13.1;9:27.4;10:13.4;11:29.6;12:9.3;13:20.6;14:0.0;15:0.0;16:0.0;17:0.0;18:0.0
2021,4374302,Amon-Ra St. Brown,WR,227.3,14.21,1:4.3;2:4.8;3:1.2;4:13.0;5:13.5;6:9.6;7:0.0;8:7.6;10:10.1;11:5.8;12:6.3;13:24.8;14:15.3;15:23.5;16:26.0;17:35.4;18:26.1
2021,4372485,Rondale Moore,WR,109.1,7.79,1:10.8;2:24.4;3:2.4;4:6.7;5:14.7;6:5.6;7:3.7;8:3.5;9:7.5;10:3.1;11:16.1;13:2.0;14:4.6;15:4.0;16:0.0;17:0.0;18:0.0
2021,4421446,Craig Reynolds,RB,35.2,7.04,1:0.0;2:0.0;3:0.0;4:0.0;5:0.0;6:0.0;7:0.0;8:0.0;10:0.0;11:0.0;12:0.0;13:0.0;14:11.9;15:12.7;16:8.1;17:2.3;18:0.2
2021,4362630,Terrace Marshall Jr.,WR,32.8,2.73,1:5.6;2:4.7;3:8.8;4:1.2;5:3.4;6:1.9;7:0.0;8:0.0;9:0.0;10:2.0;11:0.0;12:0.0;14:0.0;15:0.0;16:1.6;17:3.6;18:0.0
2021,4361411,Pat Freiermuth,TE,151.7,9.48,1:3.4;2:7.6;3:11.2;4:2.1;5:2.7;6:12.8;8:14.4;9:21.3;10:6.1;11:11.1;12:14.0;13:7.6;14:11.2;15:7.7;16:0.0;17:7.2;18:11.3
2021,4362628,Ja'Marr Chase,WR,304.6,17.92,1:20.9;2:13.4;3:22.5;4:13.7;5:27.9;6:13.7;7:34.1;8:13.1;9:8.9;11:13.0;12:6.9;13:10.2;14:25.3;15:1.3;16:19.5;17:55.6;18:4.6
2021,4362887,Justin Fields,QB,126.8,10.57,1:6.7;2:3.5;3:3.92;4:7.26;5:8.84;6:13.26;7:1.16;8:25.3;9:18.14;11:3.46;12:0.0;13:0.0;14:18.36;15:16.9;16:0.0;17:0.0;18:0.0
2022,2975674,Robert Tonyan,TE,112.0,6.59,1:6.6;2:3.1;3:9.7;4:10.2;5:6.3;6:19.0;7:6.2;8:8.5;9:5.9;10:1.8;11:3.9;12:5.0;13:2.0;15:1.4;16:2.3;17:14.2;18:5.9
2022,16782,Jerick McKinnon,RB,196.3,11.55,1:7.9;2:9.6;3:2.0;4:1.0;5:9.2;6:6.0;7:6.8;9:10.4;10:11.8;11:1.4;12:5.6;13:14.0;14:32.4;15:34.2;16:12.8;17:22.6;18:8.6
2022,2577327,Tyler Lockett,WR,237.3,14.83,1:5.8;2:19.7;3:16.6;4:13.1;5:27.4;6:3.7;7:11.5;8:15.3;9:17.7;10:13.2;12:15.8;13:27.8;14:17.0;15:13.8;16:0.0;17:3.5;18:15.4
2022,14993,Greg Zuerlein,K,132.0,7.76,1:3.0;2:9.0;3:18.0;4:6.0;5:8.0;6:8.0;7:12.0;8:4.0;9:10.0;11:4.0;12:8.0;13:19.0;14:4.0;15:4.0;16:3.0;17:7.0;18:5.0
2022,-16001,Falcons D/ST,D/ST,69.0,4.06,1:5.0;2:16.0;3:1.0;4:2.0;5:-3.0;6:13.0;7:-6.0;8:3.0;9:4.0;10:1.0;11:14.0;12:2.0;13:-1.0;15:4.0;16:5.0;17:4.0;18:5.0
2022,16790,Jarvis Landry,WR,60.2,6.69,1:18.4;2:6.5;3:4.2;4:4.7;5:0.0;6:0.0;7:0.0;8:0.0;9:0.0;10:6.7;11:12.3;12:4.0;13:3.4;15:0.0;16:0.0;17:0.0;18:0.0
2022,-16002,Bills D/ST,D/ST,138.0,8.62,1:18.0;2:22.0;3:6.0;4:8.0;5:10.0;6:6.0;8:4.0;9:4.0;10:3.0;11:4.0;12:8.0;13:6.0;14:11.0;15:-2.0;16:11.0;17:0.0;18:19.0
2022,-16004,Bengals D/ST,D/ST,100.0,6.25,1:4.0;2:3.0;3:15.0;4:7.0;5:3.0;6:0.0;7:6.0;8:4.0;9:8.0;11:0.0;12:2.0;13:4.0;14:7.0;15:8.0;16:11.0;17:0.0;18:18.0
2022,-16005,Browns D/ST,D/ST,102.0,6.0,1:8.0;2:0.0;3:10.0;4:3.0;5:-5.0;6:0.0;7:7.0;8:14.0;10:-7.0;11:0.0;12:4.0;13:31.0;14:3.0;15:13.0;16:5.0;17:14.0;18:2.0
2022,-16006,Cowboys D/ST,D/ST,153.0,9.0,1:4.0;2:9.0;3:10.0;4:11.0;5:22.0;6:6.0;7:19.0;8:10.0;10:2.0;11:16.0;12:3.0;13:19.0;14:4.0;15:0.0;16:4.0;17:9.0;18:5.0
2022,-16007,Broncos D/ST,D/ST,102.0,6.0,1:7.0;2:8.0;3:17.0;4:1.0;5:13.0;6:6.0;7:6.0;8:7.0;10:4.0;11:-2.0;12:2.0;13:13.0;14:4.0;15:12.0;16:-4.0;17:5.0;18:3.0
2022,-16008,Lions D/ST,D/ST,64.0,3.76,1:-5.0;2:8.0;3:1.0;4:-8.0;5:1.0;7:4.0;8:-2.0;9:9.0;10:7.0;11:7.0;12:2.0;13:7.0;14:5.0;15:13.0;16:-10.0;17:16.0;18:9.0
2022,13981,Mark Ingram II,RB,50.1,4.55,1:1.3;2:6.1;3:7.8;4:7.3;5:3.6;6:6.7;7:5.2;8:1.2;9:0.0;10:0.0;11:0.0;12:1.0;13:9.9;15:0.0;16:0.0;17:0.0;18:0.0
2022,-16009,Packers D/ST,D/ST,105.0,6.18,1:0.0;2:10.0;3:12.0;4:8.0;5:3.0;6:4.0;7:8.0;8:5.0;9:5.0;10:2.0;11:2.0;12:-5.0;13:5.0;15:13.0;16:9.0;17:23.0;18:1.0
2022,13982,Julio Jones,WR,70.4,7.04,1:11.6;2:0.0;3:0.0;4:1.7;5:0.0;6:0.0;7:0.0;8:10.1;9:4.8;10:14.3;12:8.5;13:5.8;14:8.8;15:0.0;16:1.5;17:3.3;18:0.0
2022,-16010,Titans D/ST,D/ST,80.0,4.71,1:8.0;2:-5.0;3:2.0;4:9.0;5:5.0;7:20.0;8:11.0;9:1.0;10:11.0;11:6.0;12:0.0;13:-6.0;14:-6.0;15:7.0;16:5.0;17:6.0;18:6.0
2022,13983,A.J. Green,WR,61.6,4.11,1:3.3;2:6.6;3:0.0;4:0.0;5:5.0;6:2.7;7:0.0;8:0.0;9:0.0;10:9.0;11:10.0;12:1.5;14:1.7;15:0.0;16:0.0;17:3.7;18:18.1
2022,16799,Allen Robinson II,WR,84.9,8.49,1:2.2;2:15.3;3:4.3;4:2.7;5:4.2;6:17.3;8:10.4;9:5.4;10:8.4;11:14.7;12:0.0;13:0.0;14:0.0;15:0.0;16:0.0;17:0.0;18:0.0
2022,-16011,Colts D/ST,D/ST,106.0,6.24,1:7.0;2:0.0;3:6.0;4:5.0;5:12.0;6:5.0;7:9.0;8:4.0;9:8.0;10:2.0;11:8.0;12:3.0;13:-1.0;15:18.0;16:8.0;17:0.0;18:12.0
2022,16800,Davante Adams,WR,335.5,19.74,1:30.1;2:9.2;3:14.2;4:19.5;5:27.4;7:17.5;8:1.2;9:36.6;10:27.6;11:33.1;12:14.4;13:37.7;14:10.1;15:6.8;16:3.5;17:34.3;18:12.3
2022,-16012,Chiefs D/ST,D/ST,115.0,6.76,1:5.0;2:7.0;3:9.0;4:3.0;5:0.0;6:0.0;7:10.0;9:6.0;10:6.0;11:8.0;12:13.0;13:-2.0;14:15.0;15:5.0;16:7.0;17:8.0;18:15.0
2022,-16013,Raiders D/ST,D/ST,55.0,3.24,1:-1.0;2:0.0;3:2.0;4:13.0;5:1.0;7:6.0;8:-1.0;9:-1.0;10:0.0;11:6.0;12:5.0;13:7.0;14:9.0;15:10.0;16:4.0;17:-6.0;18:1.0
2022,-16014,Rams D/ST,D/ST,89.0,5.24,1:6.0;2:11.0;3:4.0;4:0.0;5:6.0;6:10.0;8:1.0;9:4.0;10:4.0;11:4.0;12:1.0;13:5.0;14:5.0;15:7.0;16:21.0;17:-4.0;18:4.0
2022,-16015,Dolphins D/ST,D/ST,89.0,5.24,1:19.0;2:-8.0;3:4.0;4:0.0;5:-1.0;6:5.0;7:11.0;8:0.0;9:8.0;10:8.0;12:20.0;13:5.0;14:1.0;15:0.0;16:4.0;17:6.0;18:7.0
2022,-16016,Vikings D/ST,D/ST,71.0,4.18,1:11.0;2:2.0;3:-1.0;4:6.0;5:6.0;6:8.0;8:9.0;9:8.0;10:10.0;11:-8.0;12:6.0;13:0.0;14:-6.0;15:4.0;16:6.0;17:0.0;18:10.0
2022,-16017,Patriots D/ST,D/ST,173.0,10.18,1:4.0;2:10.0;3:4.0;4:8.0;5:17.0;6:13.0;7:4.0;8:8.0;9:26.0;11:17.0;12:1.0;13:3.0;14:19.0;15:11.0;16:11.0;17:12.0;18:5.0
2022,-16018,Saints D/ST,D/ST,105.0,6.18,1:3.0;2:6.0;3:6.0;4:4.0;5:3.0;6:4.0;7:1.0;8:14.0;9:3.0;10:5.0;11:4.0;12:4.0;13:5.0;15:6.0;16:9.0;17:17.0;18:11.0
2022,-16019,Giants D/ST,D/ST,84.0,4.94,1:2.0;2:9.0;3:-1.0;4:15.0;5:2.0;6:3.0;7:0.0;8:7.0;10:8.0;11:-1.0;12:0.0;13:4.0;14:-2.0;15:15.0;16:3.0;17:15.0;18:5.0
2022,2576581,Chris Moore,WR,115.1,7.19,1:6.1;2:3.4;3:9.3;4:0.0;5:0.0;7:10.0;8:0.0;9:14.5;10:10.0;11:7.3;12:2.7;13:7.6;14:22.4;15:8.2;16:4.5;17:5.1;18:4.0
2022,-16020,Jets D/ST,D/ST,122.0,7.18,1:6.0;2:-1.0;3:4.0;4:13.0;5:11.0;6:21.0;7:6.0;8:10.0;9:10.0;11:11.0;12:9.0;13:4.0;14:9.0;15:-1.0;16:2.0;17:4.0;18:4.0
2022,-16021,Eagles D/ST,D/ST,158.0,9.29,1:5.0;2:13.0;3:17.0;4:17.0;5:3.0;6:7.0;8:13.0;9:8.0;10:7.0;11:9.0;12:6.0;13:11.0;14:9.0;15:10.0;16:8.0;17:10.0;18:5.0
2022,-16022,Cardinals D/ST,D/ST,91.0,5.35,1:-6.0;2:9.0;3:3.0;4:13.0;5:1.0;6:15.0;7:12.0;8:5.0;9:6.0;10:10.0;11:-4.0;12:4.0;14:3.0;15:11.0;16:3.0;17:5.0;18:1.0
2022,-16023,Steelers D/ST,D/ST,97.0,5.71,1:22.0;2:2.0;3:1.0;4:5.0;5:-4.0;6:2.0;7:0.0;8:-3.0;10:12.0;11:0.0;12:12.0;13:4.0;14:3.0;15:7.0;16:14.0;17:8.0;18:12.0
2022,12460,Graham Gano,K,142.0,8.35,1:1.0;2:17.0;3:14.0;4:9.0;5:10.0;6:6.0;7:11.0;8:8.0;10:7.0;11:0.0;12:11.0;13:8.0;14:2.0;15:12.0;16:14.0;17:8.0;18:4.0
2022,-16024,Chargers D/ST,D/ST,87.0,5.12,1:12.0;2:1.0;3:-6.0;4:8.0;5:-2.0;6:9.0;7:2.0;9:7.0;10:2.0;11:-3.0;12:4.0;13:9.0;14:5.0;15:9.0;16:20.0;17:10.0;18:0.0
2022,16813,Logan Thomas,TE,77.3,5.52,1:7.5;2:12.7;3:2.5;4:6.9;5:0.0;6:0.0;7:0.0;8:0.0;9:0.0;10:3.2;11:11.5;12:1.7;13:5.0;15:1.6;16:9.5;17:11.6;18:3.6
2022,-16025,49ers D/ST,D/ST,156.0,9.18,1:6.0;2:13.0;3:9.0;4:22.0;5:15.0;6:4.0;7:-4.0;8:5.0;10:8.0;11:10.0;12:12.0;13:18.0;14:9.0;15:10.0;16:6.0;17:-3.0;18:16.0
2022,-16026,Seahawks D/ST,D/ST,98.0,5.76,1:4.0;2:8.0;3:6.0;4:2.0;5:-1.0;6:14.0;7:7.0;8:14.0;9:10.0;10:1.0;12:-5.0;13:8.0;14:1.0;15:0.0;16:3.0;17:16.0;18:10.0
2022,-16027,Buccaneers D/ST,D/ST,97.0,5.71,1:12.0;2:25.0;3:6.0;4:-1.0;5:8.0;6:4.0;7:1.0;8:0.0;9:9.0;10:8.0;12:5.0;13:5.0;14:-4.0;15:5.0;16:8.0;17:5.0;18:1.0
2022,-16028,Commanders D/ST,D/ST,120.0,7.06,1:3.0;2:-1.0;3:2.0;4:5.0;5:7.0;6:11.0;7:5.0;8:7.0;9:4.0;10:17.0;11:21.0;12:6.0;13:6.0;15:3.0;16:1.0;17:5.0;18:18.0
2022,-16030,Jaguars D/ST,D/ST,111.0,6.53,1:5.0;2:18.0;3:8.0;4:6.0;5:6.0;6:-4.0;7:-2.0;8:5.0;9:4.0;10:1.0;12:2.0;13:-4.0;14:11.0;15:11.0;16:13.0;17:16.0;18:15.0
2022,15795,DeAndre Hopkins,WR,151.7,16.86,1:0.0;2:0.0;3:0.0;4:0.0;5:0.0;6:0.0;7:20.3;8:33.9;9:13.6;10:19.8;11:18.1;12:18.7;14:12.9;15:13.0;16:1.4;17:0.0;18:0.0
2022,-16033,Ravens D/ST,D/ST,129.0,7.59,1:9.0;2:2.0;3:8.0;4:5.0;5:8.0;6:8.0;7:11.0;8:5.0;9:11.0;11:16.0;12:5.0;13:7.0;14:11.0;15:8.0;16:7.0;17:2.0;18:6.0
2022,-16034,Texans D/ST,D/ST,78.0,4.59,1:0.0;2:5.0;3:8.0;4:-1.0;5:5.0;7:-3.0;8:7.0;9:4.0;10:2.0;11:1.0;12:7.0;13:8.0;14:4.0;15:-1.0;16:13.0;17:6.0;18:13.0
2022,12731,Ryan Succop,K,126.0,7.41,1:14.0;2:10.0;3:8.0;4:8.0;5:8.0;6:14.0;7:3.0;8:10.0;9:11.0;10:2.0;12:6.0;13:5.0;14:0.0;15:4.0;16:15.0;17:2.0;18:6.0
2022,14012,Andy Dalton,QB,174.24,12.45,1:0.0;2:0.0;3:0.0;4:13.74;5:9.88;6:10.48;7:26.54;8:17.16;9:10.9;10:7.06;11:22.2;12:10.26;13:13.26;15:14.14;16:1.58;17:6.0;18:11.04
2022,15807,Cordarrelle Patterson,RB,154.7,11.9,1:22.6;2:4.1;3:22.3;4:9.8;5:0.0;6:0.0;7:0.0;8:0.0;9:18.3;10:3.0;11:11.9;12:10.1;13:6.0;15:12.2;16:4.1;17:20.4;18:9.9
2022,2977187,Cooper Kupp,WR,201.4,22.38,1:31.8;2:31.8;3:16.4;4:26.2;5:25.9;6:16.7;8:22.9;9:26.8;10:2.9;11:0.0;12:0.0;13:0.0;14:0.0;15:0.0;16:0.0;17:0.0;18:0.0
2022,12483,Matthew Stafford,QB,108.38,12.04,1:7.8;2:18.88;3:10.16;4:6.76;5:10.32;6:11.82;8:17.38;9:10.5;10:0.0;11:14.76;12:0.0;13:0.0;14:0.0;15:0.0;16:0.0;17:0.0;18:0.0
2022,15818,Keenan Allen,WR,164.0,16.4,1:10.6;2:0.0;3:0.0;4:0.0;5:0.0;6:0.0;7:3.1;9:0.0;10:0.0;11:12.4;12:15.9;13:20.8;14:21.2;15:16.6;16:21.4;17:11.8;18:30.2
2022,2576623,DeVante Parker,WR,102.9,7.92,1:1.9;2:0.0;3:20.6;4:10.4;5:0.0;6:10.4;7:9.8;8:0.0;9:0.0;11:3.9;12:12.0;13:3.6;14:4.4;15:0.0;16:0.0;17:0.0;18:25.9
2022,17359,Damien Williams,RB,0.2,0.2,1:0.2;2:0.0;3:0.0;4:0.0;5:0.0;6:0.0;7:0.0;8:0.0;9:0.0;10:0.0;11:0.0;12:0.0;13:0.0
2022,2976499,Amari Cooper,WR,246.0,14.47,1:4.7;2:25.1;3:23.1;4:1.9;5:20.6;6:14.4;7:10.4;8:22.1;10:6.2;11:31.3;12:16.4;13:8.0;14:6.2;15:9.8;16:13.2;17:25.5;18:7.1
2022,16339,Brandon McManus,K,127.0,7.47,1:10.0;2:12.0;3:4.0;4:5.0;5:10.0;6:13.0;7:3.0;8:3.0;10:4.0;11:13.0;12:3.0;13:13.0;14:4.0;15:7.0;16:9.0;17:7.0;18:7.0
2022,15835,Zach Ertz,TE,115.6,11.56,1:11.4;2:15.5;3:10.5;4:16.7;5:10.8;6:14.0;7:6.1;8:13.4;9:15.0;10:2.2;11:0.0;12:0.0;14:0.0;15:0.0;16:0.0;17:0.0;18:0.0
2022,17372,Chris Boswell,K,89.0,7.42,1:13.0;2:8.0;3:4.0;4:12.0;5:1.0;6:10.0;7:5.0;8:0.0;10:0.0;11:0.0;12:0.0;13:0.0;14:1.0;15:8.0;16:7.0;17:11.0;18:9.0
2022,2468609,Taysom Hill,TE,145.8,9.11,1:15.3;2:1.4;3:0.0;4:8.1;5:34.08;6:4.54;7:10.12;8:8.28;9:1.12;10:0.1;11:7.56;12:3.0;13:13.34;15:10.2;16:11.6;17:13.56;18:3.5
2022,15839,Marquise Goodwin,WR,90.2,6.94,1:4.2;2:0.0;3:5.1;4:0.0;5:0.0;6:4.6;7:22.7;8:7.3;9:0.0;10:11.8;12:8.5;13:2.7;14:20.3;15:3.0;16:0.0;17:0.0;18:0.0
2022,2577417,Dak Prescott,QB,198.6,16.55,1:4.46;2:0.0;3:0.0;4:0.0;5:0.0;6:0.0;7:12.28;8:25.4;10:19.2;11:20.64;12:14.84;13:16.8;14:13.66;15:20.24;16:27.98;17:14.38;18:8.72
2022,11237,Matt Ryan,QB,155.28,12.94,1:15.28;2:1.8;3:15.28;4:17.84;5:6.14;6:27.16;7:9.92;8:0.0;9:0.0;10:22.68;11:8.62;12:10.16;13:9.12;15:11.28;16:0.0;17:0.0;18:0.0
2022,14053,Randall Cobb,WR,81.7,6.28,1:3.4;2:6.7;3:7.7;4:7.2;5:16.9;6:1.8;7:0.0;8:0.0;9:0.0;10:0.0;11:13.3;12:9.9;13:0.0;15:6.2;16:1.5;17:4.0;18:3.1
2022,15847,Travis Kelce,TE,316.3,18.61,1:26.1;2:10.1;3:17.9;4:24.2;5:33.5;6:19.2;7:15.8;9:20.6;10:20.1;11:35.5;12:15.7;13:7.6;14:11.1;15:20.5;16:17.3;17:11.3;18:9.8
2022,2976212,Stefon Diggs,WR,316.6,19.79,1:26.2;2:44.8;3:14.4;4:10.2;5:24.2;6:30.8;8:22.8;9:14.3;10:24.8;11:14.8;12:21.7;13:22.2;14:6.7;15:10.7;16:4.6;18:23.4
2022,2574808,Robbie Anderson,WR,52.2,3.26,1:21.2;2:4.2;3:2.4;4:5.6;5:4.2;6:0.0;7:0.0;8:0.0;9:0.6;10:0.0;11:0.0;12:2.7;14:9.0;15:0.0;16:0.0;17:2.3;18:0.0
2022,8439,Aaron Rodgers,QB,239.2,14.07,1:3.7;2:16.36;3:16.1;4:16.14;5:16.88;6:11.84;7:15.76;8:15.22;9:13.64;10:19.36;11:19.08;12:9.5;13:13.68;15:10.86;16:13.32;17:16.56;18:11.2
2022,15864,Geno Smith,QB,303.88,17.88,1:17.2;2:6.08;3:18.9;4:31.7;5:24.02;6:12.68;7:13.1;8:19.08;9:20.8;10:19.2;12:19.32;13:22.98;14:20.56;15:15.32;16:12.2;17:17.12;18:13.62
2022,2971618,Nelson Agholor,WR,75.2,4.7,1:3.8;2:23.0;3:4.1;4:7.6;5:0.0;6:0.0;7:0.0;8:1.2;9:0.0;11:3.8;12:18.5;13:3.7;14:8.2;15:1.3;16:0.0;17:0.0;18:0.0
2022,15880,Robert Woods,WR,115.7,6.81,1:2.3;2:7.9;3:12.5;4:13.0;5:7.7;7:5.6;8:2.6;9:0.0;10:3.0;11:12.9;12:3.6;13:1.6;14:9.9;15:3.2;16:7.0;17:14.9;18:8.0
2022,2576434,Melvin Gordon III,RB,87.1,8.71,1:7.2;2:6.3;3:16.5;4:-1.2;5:13.3;6:0.8;7:7.0;8:14.2;10:11.0;11:12.0
2022,11283,DeSean Jackson,WR,24.3,3.47,7:0.0;8:0.0;9:2.6;11:0.0;12:9.4;13:3.0;14:5.4;15:0.0;16:2.0;17:1.9
2022,17427,Cairo Santos,K,102.0,6.38,1:1.0;2:5.0;3:14.0;4:0.0;5:15.0;6:1.0;7:18.0;8:5.0;9:6.0;10:6.0;11:6.0;12:4.0;13:7.0;15:2.0;16:7.0;17:4.0;18:1.0
2022,2330,Tom Brady,QB,271.66,15.98,1:10.38;2:9.4;3:14.74;4:25.4;5:19.74;6:13.72;7:11.7;8:17.1;9:15.2;10:16.02;12:18.04;13:17.14;14:10.12;15:16.58;16:11.34;17:37.68;18:7.36
2022,14876,Ryan Tannehill,QB,161.24,13.44,1:19.34;2:0.88;3:18.76;4:14.38;5:11.54;7:3.88;8:0.0;9:0.0;10:19.4;11:19.02;12:12.54;13:13.04;14:17.76;15:10.7;16:0.0;17:0.0;18:0.0
2022,14880,Kirk Cousins,QB,291.58,17.15,1:19.08;2:8.84;3:18.3;4:12.92;5:22.24;6:16.5;8:23.48;9:16.4;10:15.48;11:2.2;12:21.86;13:11.82;14:25.0;15:32.4;16:24.16;17:7.9;18:13.0
2022,2572861,J.D. McKissic,RB,55.8,6.97,1:7.8;2:13.3;3:10.0;4:8.6;5:8.7;6:2.0;7:0.4;8:5.0;9:0.0;10:0.0;11:0.0;12:0.0;13:0.0;15:0.0;16:0.0;17:0.0;18:0.0
2022,14881,Russell Wilson,QB,225.76,15.05,1:17.8;2:11.06;3:9.06;4:27.48;5:9.16;6:13.82;7:0.0;8:13.78;10:14.24;11:10.68;12:8.48;13:9.66;14:25.58;15:0.0;16:8.26;17:23.58;18:23.12
2022,2976316,Michael Thomas,WR,51.1,17.03,1:22.7;2:18.5;3:9.9;4:0.0;5:0.0;6:0.0;7:0.0;8:0.0;9:0.0;10:0.0;11:0.0;12:0.0;13:0.0;15:0.0;16:0.0;17:0.0;18:0.0
2022,15920,Latavius Murray,RB,154.2,11.86,4:13.5;5:0.0;6:7.4;7:10.3;8:12.9;10:7.7;11:17.2;12:10.8;13:10.1;14:6.1;15:21.2;16:7.0;17:11.2;18:18.8
2022,2573079,Carson Wentz,QB,112.8,14.1,1:27.72;2:27.78;3:8.64;4:7.3;5:21.86;6:4.16;7:0.0;8:0.0;9:0.0;10:0.0;11:0.0;12:0.0;13:0.0;15:0.0;16:8.92;17:6.42;18:0.0
2022,2576414,Raheem Mostert,RB,168.3,10.52,1:4.2;2:10.9;3:1.1;4:10.1;5:19.2;6:5.8;7:20.9;8:7.7;9:8.6;10:18.7;12:0.0;13:3.0;14:5.4;15:16.6;16:4.9;17:23.1;18:8.1
2022,2576925,Darren Waller,TE,84.8,9.42,1:11.9;2:17.0;3:5.2;4:5.4;5:0.0;7:0.0;8:0.0;9:0.0;10:0.0;11:0.0;12:0.0;13:0.0;14:0.0;15:13.8;16:9.8;17:16.2;18:5.5
2022,15683,Justin Tucker,K,158.0,9.29,1:6.0;2:10.0;3:9.0;4:11.0;5:16.0;6:7.0;7:13.0;8:8.0;9:10.0;11:7.0;12:14.0;13:4.0;14:11.0;15:3.0;16:8.0;17:9.0;18:12.0
2022,16460,Adam Thielen,WR,180.0,10.59,1:6.6;2:9.2;3:18.1;4:15.2;5:6.7;6:15.6;8:12.7;9:9.7;10:9.9;11:4.5;12:21.1;13:4.7;14:19.5;15:13.1;16:1.6;17:2.6;18:9.2
2022,16731,Brandin Cooks,WR,145.6,11.2,1:15.2;2:9.4;3:4.2;4:18.7;5:6.0;7:8.6;8:11.3;9:0.0;10:8.2;11:10.0;12:11.1;13:0.0;14:0.0;15:0.0;16:13.4;17:7.9;18:21.6
2022,16733,Odell Beckham Jr.,WR,0.0,0.0,
2022,2974858,Kenny Golladay,WR,20.1,1.68,1:4.2;2:0.0;3:0.0;4:0.0;5:0.0;6:0.0;7:0.0;8:0.0;10:0.0;11:4.9;12:0.0;13:0.0;14:0.0;15:0.0;16:0.0;17:0.0;18:11.0
2022,16737,Mike Evans,WR,225.4,15.03,1:18.1;2:9.1;3:0.0;4:30.3;5:12.1;6:8.2;7:18.6;8:18.3;9:9.0;10:10.4;12:5.1;13:9.9;14:8.4;15:13.3;16:5.9;17:48.7;18:0.0
2022,15971,Rex Burkhead,RB,77.4,4.84,1:12.0;2:2.9;3:7.0;4:14.9;5:4.8;7:6.9;8:1.2;9:2.5;10:5.0;11:0.0;12:1.5;13:0.0;14:1.2;15:3.7;16:8.7;17:4.0;18:1.1
2022,2578570,Jacoby Brissett,QB,168.62,10.54,1:10.88;2:15.46;3:17.9;4:14.96;5:14.4;6:8.64;7:10.12;8:20.32;10:16.48;11:25.86;12:13.1;13:0.0;14:0.0;15:0.3;16:0.0;17:0.2;18:0.0
2022,16486,Brett Maher,K,158.0,9.29,1:5.0;2:12.0;3:11.0;4:16.0;5:11.0;6:4.0;7:6.0;8:7.0;10:4.0;11:22.0;12:3.0;13:6.0;14:11.0;15:12.0;16:18.0;17:10.0;18:0.0
2022,11122,Matt Prater,K,96.0,7.38,1:1.0;2:1.0;3:14.0;4:8.0;5:0.0;6:0.0;7:0.0;8:9.0;9:3.0;10:0.0;11:5.0;12:6.0;14:6.0;15:14.0;16:14.0;17:14.0;18:1.0
2022,2473037,Jason Myers,K,156.0,9.18,1:6.0;2:1.0;3:11.0;4:13.0;5:10.0;6:13.0;7:16.0;8:11.0;9:8.0;10:6.0;12:10.0;13:10.0;14:6.0;15:9.0;16:4.0;17:10.0;18:12.0
2022,2976592,Sterling Shepard,WR,34.4,11.47,1:15.1;2:9.4;3:9.9;4:0.0;5:0.0;6:0.0;7:0.0;8:0.0;10:0.0;11:0.0;12:0.0;13:0.0;14:0.0;15:0.0;16:0.0;17:0.0;18:0.0
2022,2573401,Tyler Higbee,TE,152.0,8.94,1:8.9;2:14.1;3:10.1;4:17.3;5:11.6;6:1.7;8:3.5;9:0.0;10:15.3;11:8.5;12:0.0;13:3.4;14:3.1;15:12.7;16:30.4;17:4.1;18:7.3
2022,16757,Derek Carr,QB,219.08,14.61,1:13.8;2:18.98;3:19.82;4:11.52;5:17.94;7:13.54;8:1.94;9:18.36;10:17.92;11:20.28;12:20.8;13:16.0;14:2.58;15:19.24;16:6.36;17:0.0;18:0.0
2022,15478,Brandon Bolden,RB,27.3,1.71,1:10.8;2:0.0;3:4.1;4:0.9;5:6.4;7:0.0;8:0.0;9:0.5;10:0.0;11:1.4;12:0.0;13:0.0;14:0.0;15:0.0;16:0.0;17:3.2;18:0.0
2022,16760,Jimmy Garoppolo,QB,164.78,14.98,1:0.0;2:16.66;3:8.44;4:13.86;5:18.02;6:16.94;7:16.32;8:17.7;10:15.9;11:25.42;12:13.28;13:2.24;14:0.0;15:0.0;16:0.0;17:0.0;18:0.0
2022,2576980,Marcus Mariota,QB,196.56,15.12,1:19.8;2:13.44;3:15.56;4:3.86;5:17.98;6:24.16;7:12.06;8:22.42;9:7.56;10:17.74;11:17.74;12:13.86;13:10.38;15:0.0;16:0.0;17:0.0;18:0.0
2022,10621,Nick Folk,K,141.0,8.29,1:1.0;2:4.0;3:10.0;4:6.0;5:18.0;6:7.0;7:2.0;8:21.0;9:17.0;11:2.0;12:15.0;13:3.0;14:11.0;15:13.0;16:0.0;17:6.0;18:5.0
2022,9354,Robbie Gould,K,137.0,8.06,1:4.0;2:8.0;3:6.0;4:5.0;5:6.0;6:2.0;7:14.0;8:7.0;10:10.0;11:8.0;12:8.0;13:18.0;14:5.0;15:2.0;16:13.0;17:13.0;18:8.0
2022,3051439,Boston Scott,RB,46.2,3.08,1:7.0;2:3.1;3:0.0;4:0.0;5:0.0;6:1.6;8:2.1;9:0.5;10:0.5;11:3.2;12:2.4;13:3.1;14:10.7;15:0.0;16:0.0;17:0.6;18:11.4
2022,3049899,Younghoe Koo,K,147.0,8.65,1:18.0;2:4.0;3:12.0;4:12.0;5:0.0;6:4.0;7:6.0;8:14.0;9:4.0;10:3.0;11:12.0;12:8.0;13:14.0;15:4.0;16:9.0;17:8.0;18:15.0
2022,3117256,Dalton Schultz,TE,142.7,9.51,1:13.2;2:1.8;3:0.0;4:0.0;5:0.0;6:0.0;7:9.9;8:13.4;10:17.4;11:5.2;12:19.1;13:5.3;14:14.7;15:3.5;16:7.3;17:24.6;18:7.3
2022,3124679,Jason Sanders,K,129.0,7.59,1:10.0;2:6.0;3:3.0;4:9.0;5:5.0;6:4.0;7:12.0;8:8.0;9:4.0;10:9.0;12:13.0;13:6.0;14:7.0;15:12.0;16:8.0;17:2.0;18:11.0
2022,3117251,Christian McCaffrey,RB,356.36,20.96,1:15.7;2:16.8;3:13.5;4:25.8;5:23.4;6:22.8;7:8.2;8:40.26;10:17.7;11:17.6;12:8.9;13:28.6;14:29.3;15:25.8;16:13.8;17:31.3;18:16.9
2022,2985659,Wil Lutz,K,106.0,6.24,1:9.0;2:4.0;3:0.0;4:6.0;5:9.0;6:14.0;7:11.0;8:5.0;9:7.0;10:5.0;11:10.0;12:-1.0;13:10.0;15:3.0;16:5.0;17:10.0;18:-1.0
2022,3917232,Tyler Bass,K,139.0,8.69,1:8.0;2:12.0;3:4.0;4:11.0;5:7.0;6:6.0;8:10.0;9:6.0;10:13.0;11:23.0;12:10.0;13:7.0;14:9.0;15:6.0;16:2.0;18:5.0
2022,3040151,George Kittle,TE,200.5,13.37,1:0.0;2:0.0;3:6.8;4:4.4;5:7.7;6:16.3;7:21.8;8:12.9;10:3.1;11:24.4;12:5.6;13:4.2;14:6.8;15:25.3;16:30.0;17:12.3;18:18.9
2022,3122840,Deshaun Watson,QB,85.58,14.26,1:0.0;2:0.0;3:0.0;4:0.0;5:0.0;6:0.0;7:0.0;8:0.0;10:0.0;11:0.0;12:0.0;13:5.34;14:16.34;15:12.64;16:11.8;17:21.86;18:17.6
2022,3002265,Dwayne Washington,RB,5.5,0.42,1:0.0;2:1.8;3:0.0;4:0.0;5:0.0;6:0.0;7:0.0;8:1.3;9:2.4;10:0.0;11:0.0;12:0.0;13:0.0;15:0.0;16:0.0;17:0.0;18:0.0
2022,3051926,Gus Edwards,RB,59.3,6.59,1:0.0;2:0.0;3:0.0;4:0.0;5:0.0;6:0.0;7:18.6;8:6.5;9:0.0;11:0.0;12:9.2;13:1.2;14:6.6;15:5.5;16:9.9;17:0.2;18:1.6
2022,3139477,Patrick Mahomes,QB,417.4,24.55,1:34.9;2:17.3;3:17.08;4:23.36;5:30.48;6:19.62;7:26.92;9:34.14;10:31.14;11:27.46;12:18.4;13:19.82;14:19.78;15:32.74;16:23.76;17:25.52;18:14.98
2022,3045523,Kendrick Bourne,WR,88.3,5.52,1:5.1;2:3.6;3:9.8;4:5.8;5:1.0;6:2.7;7:0.0;8:0.0;9:4.2;11:1.8;12:5.9;13:2.5;14:9.7;15:0.0;16:24.9;17:2.8;18:8.5
2022,3128724,Isaiah McKenzie,WR,119.8,7.99,1:9.9;2:5.7;3:21.2;4:12.1;5:0.0;6:2.9;8:8.0;9:4.1;10:9.5;11:0.0;12:22.3;13:9.4;14:5.8;15:4.4;16:0.6;18:3.9
2022,3128721,Sony Michel,RB,24.9,2.49,1:1.2;2:2.9;3:4.1;4:5.7;5:0.0;6:7.2;7:2.3;9:1.2;10:0.2;11:0.1;12:0.0;13:0.0;14:0.0;15:0.0;16:0.0
2022,3128720,Nick Chubb,RB,281.4,16.55,1:15.3;2:32.3;3:17.3;4:20.7;5:25.4;6:8.0;7:18.7;8:25.4;10:15.1;11:9.7;12:20.2;13:8.0;14:8.4;15:9.9;16:11.2;17:12.6;18:23.2
2022,3915416,DJ Moore,WR,199.1,11.71,1:8.0;2:13.3;3:2.5;4:12.1;5:10.7;6:3.7;7:19.6;8:27.5;9:4.4;10:6.9;11:5.4;12:20.3;14:0.6;15:18.3;16:20.1;17:23.7;18:2.0
2022,3916430,Nyheim Hines,RB,81.4,5.09,2:7.7;3:8.0;4:2.3;5:1.8;6:0.0;7:9.3;8:12.9;9:0.0;10:1.9;11:-0.8;12:0.3;13:2.8;14:1.7;15:8.0;16:2.1;17:0.0;18:12.0
2022,3924365,Hayden Hurst,TE,105.4,8.11,1:9.6;2:7.4;3:1.7;4:11.7;5:17.3;6:5.1;7:10.8;8:8.2;9:8.5;11:4.8;12:11.7;13:3.2;14:0.0;15:0.0;16:0.0;18:5.4
2022,3150744,Chase McLaughlin,K,132.0,8.25,2:0.0;3:11.0;4:4.0;5:17.0;6:9.0;7:6.0;8:11.0;9:3.0;10:8.0;11:11.0;12:6.0;13:9.0;15:21.0;16:4.0;17:3.0;18:9.0
2022,3916433,Jakobi Meyers,WR,180.3,12.88,1:10.2;2:18.5;3:0.0;4:0.0;5:24.1;6:10.0;7:11.4;8:21.0;9:7.4;11:9.2;12:9.2;13:5.2;14:0.0;15:4.7;16:20.3;17:16.9;18:12.2
2022,3916945,Darius Slayton,WR,128.4,8.03,1:0.0;2:0.0;3:0.0;4:2.1;5:13.9;6:2.8;7:14.8;8:11.6;10:18.5;11:13.6;12:9.3;13:15.0;14:6.2;15:7.3;16:11.9;17:1.4;18:0.0
2022,3910544,Joshua Kelley,RB,64.8,4.98,1:5.5;2:3.5;3:2.3;4:1.5;5:16.2;6:0.0;7:0.0;9:0.0;10:0.0;11:0.0;12:4.0;13:3.0;14:4.5;15:10.1;16:5.2;17:5.6;18:3.4
2022,3917315,Kyler Murray,QB,200.52,18.23,1:20.62;2:25.88;3:13.36;4:22.88;5:16.2;6:14.88;7:17.16;8:24.64;9:19.0;10:0.0;11:0.0;12:25.24;14:0.66;15:0.0;16:0.0;17:0.0;18:0.0
2022,3050478,Jake Elliott,K,119.0,7.44,1:8.0;2:5.0;3:6.0;4:5.0;5:0.0;6:10.0;8:5.0;9:2.0;10:3.0;11:5.0;12:12.0;13:5.0;14:12.0;15:4.0;16:11.0;17:6.0;18:20.0
2022,3059722,Zay Jones,WR,198.1,12.38,1:12.5;2:5.3;3:24.5;4:0.0;5:4.2;6:9.2;7:10.8;8:6.5;9:9.0;10:14.8;12:27.5;13:3.6;14:21.7;15:34.9;16:2.1;17:5.4;18:6.1
2022,2979843,Kenyan Drake,RB,104.1,8.68,1:5.6;2:0.8;3:0.0;4:0.0;5:3.7;6:19.7;7:0.5;8:16.7;9:24.9;11:7.3;12:0.2;13:6.6;14:2.2;15:0.0;16:0.0;17:0.0;18:15.9
2022,3043078,Derrick Henry,RB,302.76,18.92,1:8.2;2:8.5;3:25.3;4:23.7;5:27.2;7:16.8;8:35.8;9:23.5;10:8.7;11:25.36;12:14.7;13:5.8;14:20.5;15:26.3;16:18.6;17:0.0;18:13.8
2022,3915511,Joe Burrow,QB,350.7,21.92,1:18.22;2:16.56;3:23.0;4:20.08;5:17.28;6:32.5;7:39.24;8:13.48;9:19.14;11:26.7;12:18.0;13:30.04;14:16.56;15:24.8;16:23.5;18:11.6
2022,3121410,Parris Campbell,WR,149.1,8.77,1:6.7;2:0.0;3:3.0;4:8.3;5:4.2;6:18.7;7:23.0;8:9.1;9:3.6;10:20.6;11:11.7;12:3.4;13:8.5;15:3.3;16:3.9;17:8.3;18:12.8
2022,3054850,Alvin Kamara,RB,211.7,14.11,1:7.6;2:0.0;3:7.3;4:0.0;5:23.4;6:18.4;7:17.5;8:42.8;9:9.2;10:7.5;11:12.9;12:7.0;13:5.7;15:12.4;16:19.0;17:9.0;18:12.0
2022,3121409,Noah Brown,WR,114.5,7.16,1:11.8;2:20.1;3:10.4;4:9.1;5:1.5;6:2.0;7:8.0;8:0.0;10:1.3;11:6.2;12:0.0;13:3.5;14:12.5;15:22.9;16:1.5;17:1.7;18:2.0
2022,3930086,Dawson Knox,TE,135.7,9.05,1:1.5;2:8.1;3:6.5;4:7.0;5:0.0;6:12.7;8:9.0;9:5.5;10:9.7;11:14.0;12:3.7;13:0.0;14:14.1;15:21.8;16:12.8;17:0.0;18:9.3
2022,3042778,Corey Davis,WR,97.6,7.51,1:13.7;2:16.3;3:4.7;4:18.4;5:5.8;6:7.2;7:0.0;8:0.0;9:0.0;11:0.0;12:1.9;13:13.5;14:2.5;15:0.0;16:3.4;17:7.5;18:2.7
2022,3051738,Marquez Valdes-Scantling,WR,122.4,7.2,1:8.1;2:3.3;3:8.8;4:9.3;5:15.0;6:0.0;7:14.1;9:2.2;10:15.0;11:2.8;12:9.6;13:9.1;14:3.0;15:11.6;16:0.0;17:4.8;18:5.7
2022,3139033,Mike Boone,RB,28.8,3.2,1:1.2;2:0.0;3:0.0;4:3.9;5:11.5;6:1.4;7:2.3;8:0.0;10:0.0;11:0.0;12:0.0;13:3.6;14:4.9;15:0.0;16:0.0;17:0.0;18:0.0
2022,3042519,Aaron Jones,RB,248.6,14.62,1:10.6;2:32.0;3:5.7;4:14.5;5:10.0;6:7.4;7:28.6;8:19.7;9:6.5;10:23.6;11:14.0;12:18.9;13:10.0;15:20.6;16:5.4;17:13.3;18:7.8
2022,3932905,Diontae Johnson,WR,180.7,10.63,1:12.5;2:13.7;3:16.4;4:4.2;5:11.0;6:8.6;7:9.5;8:8.5;10:10.3;11:6.2;12:9.9;13:11.0;14:14.2;15:20.0;16:11.4;17:5.5;18:7.8
2022,3126486,Deebo Samuel,WR,168.4,12.95,1:12.6;2:14.7;3:12.9;4:23.7;5:11.2;6:16.0;7:9.4;8:0.0;10:7.1;11:22.4;12:7.3;13:12.3;14:14.4;15:0.0;16:0.0;17:0.0;18:4.4
2022,3915486,Tyler Conklin,TE,131.5,7.74,1:11.6;2:10.0;3:16.4;4:8.2;5:0.0;6:2.7;7:6.2;8:25.9;9:1.7;11:3.5;12:8.0;13:2.9;14:7.8;15:1.9;16:7.4;17:14.0;18:3.3
2022,3043275,Austin Hooper,TE,97.4,5.73,1:1.6;2:2.9;3:3.9;4:1.4;5:1.7;7:8.6;8:1.5;9:5.4;10:9.1;11:19.6;12:6.0;13:5.2;14:11.8;15:5.3;16:4.0;17:1.6;18:7.8
2022,3059915,Kareem Hunt,RB,126.8,7.46,1:23.0;2:9.4;3:9.1;4:8.8;5:14.7;6:1.2;7:7.8;8:11.2;10:2.9;11:7.4;12:3.1;13:9.4;14:3.2;15:3.7;16:5.2;17:0.9;18:5.8
2022,3917792,Daniel Jones,QB,289.0,18.06,1:16.02;2:13.14;3:13.74;4:21.64;5:12.38;6:13.52;7:28.78;8:9.04;10:18.28;11:24.64;12:14.52;13:17.1;14:19.36;15:9.9;16:20.76;17:36.18;18:0.0
2022,3126246,Dontrell Hilliard,RB,77.2,6.43,1:21.9;2:0.0;3:5.4;4:5.8;5:12.3;7:0.4;8:10.5;9:1.8;10:1.8;11:8.8;12:4.9;13:3.6;14:0.0;15:0.0;16:0.0;17:0.0;18:0.0
2022,3918298,Josh Allen,QB,395.52,24.72,1:31.48;2:29.68;3:26.7;4:23.52;5:35.16;6:26.36;8:17.62;9:24.8;10:19.6;11:12.58;12:29.92;13:16.92;14:20.58;15:35.86;16:22.98;18:21.76
2022,3930066,Van Jefferson,WR,78.9,7.17,1:0.0;2:0.0;3:0.0;4:0.0;5:0.0;6:0.0;8:0.0;9:0.0;10:11.7;11:7.1;12:11.9;13:5.9;14:12.4;15:5.2;16:4.9;17:10.7;18:9.1
2022,3120348,JuJu Smith-Schuster,WR,185.3,11.58,1:11.9;2:4.0;3:13.9;4:9.6;5:6.3;6:22.3;7:25.4;9:18.8;10:5.3;11:0.0;12:6.8;13:6.5;14:22.4;15:16.8;16:5.7;17:4.1;18:5.5
2022,3116593,Dalvin Cook,RB,237.8,13.99,1:13.8;2:7.6;3:13.6;4:10.6;5:26.1;6:15.3;8:25.1;9:13.6;10:23.6;11:7.2;12:9.6;13:16.3;14:8.6;15:27.0;16:10.7;17:6.4;18:2.7
2022,2991662,Mack Hollins,WR,154.16,9.07,1:2.6;2:11.6;3:29.96;4:6.3;5:0.0;7:12.4;8:13.4;9:3.7;10:3.8;11:11.2;12:16.3;13:8.5;14:8.2;15:14.0;16:1.7;17:7.0;18:3.5
2022,3043116,Demarcus Robinson,WR,103.8,6.11,1:3.9;2:8.2;3:0.0;4:3.0;5:1.8;6:5.7;7:0.0;8:12.4;9:2.2;11:21.8;12:2.7;13:11.1;14:10.2;15:6.9;16:7.6;17:1.9;18:4.4
2022,3128390,Allen Lazard,WR,174.8,11.65,1:0.0;2:9.3;3:14.5;4:17.6;5:13.5;6:17.6;7:11.5;8:0.0;9:18.7;10:7.5;11:10.7;12:4.4;13:11.7;15:1.7;16:11.1;17:10.9;18:14.1
2022,3929645,Juwan Johnson,TE,134.8,8.43,1:6.3;2:8.0;3:0.0;4:6.3;5:2.3;6:8.1;7:20.2;8:3.4;9:12.2;10:15.4;11:13.7;12:0.0;13:0.0;15:22.7;16:1.9;17:11.2;18:3.1
2022,3895856,Christian Kirk,WR,241.9,14.23,1:17.7;2:25.8;3:19.2;4:8.3;5:2.1;6:10.8;7:17.1;8:7.0;9:21.6;10:31.5;12:8.1;13:16.4;14:9.5;15:15.2;16:5.6;17:4.1;18:21.9
2022,3918639,Gerald Everett,TE,139.5,8.72,1:14.4;2:13.1;3:4.5;4:17.1;5:1.2;6:7.9;7:11.3;9:8.6;10:4.3;11:0.0;12:7.8;13:13.0;14:7.8;15:8.2;16:0.0;17:10.5;18:9.8
2022,3025433,Mike Davis,RB,4.2,0.53,1:1.1;2:0.4;3:0.0;4:0.0;5:0.3;6:0.0;7:0.0;8:0.0;9:1.7;11:0.7;12:0.0;13:0.0
2022,3045144,Tyler Boyd,WR,167.12,10.45,1:13.3;2:5.7;3:20.5;4:7.62;5:6.2;6:12.6;7:29.5;8:12.8;9:9.4;11:6.2;12:3.6;13:10.0;14:0.0;15:14.5;16:5.1;18:10.1
2022,3139605,Marlon Mack,RB,38.3,4.79,3:0.0;4:0.0;5:0.0;8:0.0;10:0.0;11:0.0;12:2.2;13:1.9;14:15.7;15:16.3;16:2.2;17:0.0;18:0.0
2022,3121427,Curtis Samuel,WR,176.3,10.37,1:19.2;2:22.9;3:13.1;4:7.8;5:12.2;6:2.6;7:12.9;8:10.9;9:17.1;10:6.0;11:9.8;12:1.3;13:14.6;15:7.5;16:16.4;17:1.6;18:0.4
2022,3929630,Saquon Barkley,RB,284.0,17.75,1:33.4;2:11.8;3:22.6;4:18.2;5:19.6;6:18.5;7:17.5;8:15.2;10:23.0;11:5.5;12:15.2;13:19.1;14:6.8;15:23.0;16:27.3;17:7.3;18:0.0
2022,3045138,Mike Williams,WR,176.5,13.58,1:3.0;2:25.3;3:8.5;4:19.0;5:23.4;6:3.7;7:21.6;9:0.0;10:0.0;11:2.5;12:0.0;13:0.0;14:23.6;15:10.7;16:11.6;17:16.4;18:7.2
2022,3121422,Terry McLaurin,WR,229.0,13.47,1:13.8;2:12.2;3:16.2;4:3.5;5:12.6;6:8.2;7:18.3;8:16.6;9:10.6;10:20.8;11:9.6;12:9.3;13:24.5;15:13.0;16:17.7;17:5.7;18:16.4
2022,3115306,Josh Reynolds,WR,103.9,7.42,1:3.8;2:12.8;3:15.6;4:21.1;5:15.2;7:1.8;8:3.4;9:0.0;10:0.0;11:0.0;12:0.0;13:4.9;14:16.1;15:0.0;16:5.1;17:1.5;18:2.6
2022,3916566,K.J. Osborn,WR,155.6,9.15,1:4.4;2:4.5;3:18.3;4:1.5;5:9.1;6:4.8;8:8.8;9:0.0;10:7.7;11:3.7;12:2.3;13:3.7;14:14.8;15:31.7;16:4.7;17:18.9;18:16.7
2022,3046439,Hunter Henry,TE,103.9,6.11,1:4.0;2:0.0;3:1.8;4:3.3;5:9.4;6:16.1;7:2.2;8:3.2;9:9.0;11:3.0;12:15.3;13:3.3;14:10.0;15:2.9;16:0.0;17:10.2;18:10.2
2022,3122976,Jeff Wilson Jr.,RB,158.5,9.91,1:5.0;2:12.3;3:11.6;4:13.4;5:20.2;6:0.5;7:5.4;8:5.5;9:16.2;10:22.3;12:12.2;13:0.3;14:2.6;15:0.0;16:11.0;17:10.6;18:9.4
2022,3045147,James Conner,RB,200.2,15.4,1:16.5;2:7.1;3:8.7;4:10.7;5:7.3;6:0.0;7:0.0;8:0.0;9:11.4;10:23.6;11:13.4;12:21.0;14:23.4;15:18.1;16:25.0;17:14.0;18:0.0
2022,3055899,Harrison Butker,K,96.0,7.38,1:9.0;2:0.0;3:0.0;4:0.0;5:0.0;6:10.0;7:5.0;9:5.0;10:3.0;11:14.0;12:14.0;13:5.0;14:11.0;15:3.0;16:7.0;17:2.0;18:8.0
2022,3051381,Mike White,QB,56.58,14.14,1:0.0;2:0.0;3:0.0;4:0.0;5:0.0;6:0.0;7:0.0;8:0.0;9:0.0;11:0.0;12:24.8;13:17.46;14:10.72;15:0.0;16:0.0;17:3.6;18:0.0
2022,3116406,Tyreek Hill,WR,347.2,20.42,1:18.0;2:42.0;3:5.3;4:25.9;5:13.0;6:29.7;7:14.2;8:31.5;9:27.3;10:15.4;12:15.0;13:29.6;14:24.1;15:21.9;16:14.3;17:15.7;18:4.3
2022,3124084,Joey Slye,K,110.0,6.47,1:2.0;2:1.0;3:0.0;4:5.0;5:7.0;6:5.0;7:10.0;8:5.0;9:6.0;10:19.0;11:12.0;12:8.0;13:8.0;15:9.0;16:2.0;17:5.0;18:6.0
2022,3115378,Russell Gage,WR,123.6,9.51,1:3.3;2:7.8;3:24.7;4:4.4;5:6.0;6:4.0;7:7.9;8:0.0;9:0.0;10:0.0;12:0.0;13:2.1;14:9.2;15:25.9;16:11.5;17:6.3;18:10.5
2022,3128429,Courtland Sutton,WR,159.4,10.63,1:11.2;2:19.7;3:17.7;4:16.2;5:12.4;6:3.4;7:5.3;8:2.3;10:12.6;11:13.0;12:13.5;13:0.0;14:0.0;15:0.0;16:11.4;17:8.4;18:12.3
2022,3068267,Austin Ekeler,RB,372.7,21.92,1:11.2;2:18.4;3:13.3;4:34.9;5:35.9;6:24.3;7:36.7;9:24.1;10:13.3;11:18.0;12:25.0;13:13.2;14:24.4;15:15.0;16:23.9;17:32.1;18:9.0
2022,3123052,Michael Badgley,K,114.0,8.77,4:13.0;5:0.0;7:9.0;8:10.0;9:1.0;10:7.0;11:7.0;12:6.0;13:19.0;14:11.0;15:7.0;16:5.0;17:12.0;18:7.0
2022,3916148,Tony Pollard,RB,248.8,15.55,1:4.2;2:19.8;3:10.5;4:1.8;5:14.6;6:7.2;7:12.9;8:33.7;10:21.8;11:36.9;12:8.1;13:24.6;14:22.2;15:14.6;16:14.0;17:0.0;18:1.9
2022,3051909,Daniel Carlson,K,159.0,9.35,1:9.0;2:13.0;3:10.0;4:14.0;5:16.0;7:10.0;8:0.0;9:8.0;10:2.0;11:13.0;12:9.0;13:10.0;14:12.0;15:7.0;16:5.0;17:12.0;18:9.0
2022,3116165,Chris Godwin,WR,222.8,14.85,1:6.5;2:0.0;3:0.0;4:12.9;5:12.3;6:15.5;7:11.5;8:13.5;9:10.7;10:19.1;12:29.0;13:14.3;14:10.4;15:22.3;16:14.3;17:21.0;18:9.5
2022,3116164,Mike Gesicki,TE,98.2,5.78,1:1.1;2:14.1;3:1.6;4:4.3;5:4.0;6:24.9;7:5.7;8:12.8;9:1.3;10:5.1;12:0.0;13:0.0;14:0.0;15:1.5;16:3.4;17:9.8;18:8.6
2022,3123076,David Njoku,TE,142.0,10.14,1:1.7;2:6.2;3:23.9;4:9.7;5:14.8;6:8.8;7:14.1;8:0.0;10:0.0;11:3.7;12:13.9;13:0.0;14:18.7;15:5.8;16:3.4;17:3.1;18:14.2
2022,3115394,DJ Chark,WR,98.2,8.93,1:15.2;2:0.0;3:7.6;4:0.0;5:0.0;7:0.0;8:0.0;9:0.0;10:0.0;11:0.0;12:9.6;13:14.8;14:21.4;15:2.8;16:14.8;17:7.6;18:4.4
2022,3051392,Ezekiel Elliott,RB,185.8,12.39,1:5.9;2:5.9;3:14.5;4:10.1;5:7.8;6:15.6;7:17.7;8:0.0;10:0.0;11:17.7;12:16.5;13:18.1;14:17.1;15:15.1;16:13.1;17:9.7;18:1.0
2022,3121023,Dallas Goedert,TE,141.2,11.77,1:9.0;2:13.2;3:11.6;4:12.2;5:17.5;6:4.2;8:12.4;9:24.0;10:9.3;11:0.0;12:0.0;13:0.0;14:0.0;15:0.0;16:9.7;17:7.5;18:10.6
2022,3046779,Jared Goff,QB,284.32,16.72,1:15.5;2:26.04;3:13.88;4:33.22;5:5.86;7:1.52;8:18.64;9:11.38;10:14.84;11:6.5;12:17.6;13:21.6;14:26.1;15:14.08;16:25.7;17:22.4;18:9.46
2022,3125116,D'Onta Foreman,RB,131.0,7.71,1:0.5;2:0.9;3:0.0;4:0.2;5:0.2;6:1.9;7:16.5;8:31.8;9:4.1;10:19.0;11:2.4;12:11.3;14:8.5;15:0.9;16:22.5;17:3.5;18:6.8
2022,3128444,Matthew Wright,K,67.0,11.17,4:12.0;5:7.0;6:0.0;7:0.0;9:0.0;10:6.0;11:13.0;12:13.0;13:16.0;18:0.0
2022,3135321,Hunter Renfrow,WR,79.0,7.9,1:5.1;2:10.9;3:0.0;4:0.0;5:6.5;7:8.5;8:1.6;9:5.6;10:0.0;11:0.0;12:0.0;13:0.0;14:0.0;15:2.4;16:14.2;17:4.9;18:19.3
2022,3916387,Lamar Jackson,QB,236.08,18.16,1:20.22;2:42.62;3:39.42;4:13.06;5:14.76;6:16.1;7:10.7;8:21.82;9:17.52;11:15.46;12:23.06;13:1.34;14:0.0;15:0.0;16:0.0;17:0.0;18:0.0
2022,3925347,Damien Harris,RB,90.9,8.26,1:7.8;2:16.7;3:12.6;4:15.4;5:2.2;6:0.0;7:2.0;8:7.2;9:0.0;11:11.3;12:1.6;13:0.0;14:0.0;15:0.0;16:0.0;17:7.9;18:6.2
2022,3052117,Phillip Lindsay,RB,14.8,4.93,5:8.4;6:6.2;7:0.0;8:0.0;9:0.2
2022,3843945,Foster Moreau,TE,85.2,5.68,1:0.0;2:6.0;3:7.4;4:0.0;5:0.0;7:5.8;8:9.1;9:4.4;10:13.3;11:4.3;12:12.3;13:4.2;14:0.0;15:4.0;16:3.9;17:8.5;18:2.0
2022,3139925,Rashaad Penny,RB,52.2,10.44,1:8.7;2:1.5;3:7.9;4:28.7;5:5.4;6:0.0;7:0.0;8:0.0;9:0.0;10:0.0;12:0.0;13:0.0;14:0.0;15:0.0;16:0.0;17:0.0;18:0.0
2022,2983509,Dare Ogunbowale,RB,48.7,2.86,1:0.0;2:0.0;3:0.0;4:0.0;5:0.0;7:11.2;8:1.0;9:0.0;10:2.3;11:1.5;12:9.0;13:4.1;14:2.1;15:1.4;16:2.8;17:4.5;18:8.8
2022,3928925,JaMycal Hasty,RB,70.0,4.12,1:0.0;2:0.0;3:0.0;4:4.2;5:0.6;6:11.7;7:0.6;8:4.0;9:2.1;10:1.3;12:20.5;13:0.0;14:1.3;15:2.5;16:3.1;17:17.6;18:0.5
2022,3116365,Mark Andrews,TE,190.5,12.7,1:10.2;2:25.7;3:28.9;4:3.5;5:22.9;6:23.6;7:0.4;8:6.3;9:0.0;11:12.3;12:11.0;13:9.4;14:3.7;15:6.1;16:7.5;17:19.0;18:0.0
2022,3116389,Samaje Perine,RB,142.1,8.88,1:6.7;2:2.0;3:14.1;4:0.0;5:9.6;6:3.6;7:2.8;8:4.7;9:6.4;11:30.2;12:19.3;13:21.5;14:9.4;15:3.4;16:5.2;17:0.0;18:3.2
2022,3115364,Leonard Fournette,RB,226.1,14.13,1:15.7;2:9.4;3:12.0;4:18.4;5:35.9;6:22.1;7:4.6;8:14.8;9:11.0;10:10.8;12:0.0;13:14.1;14:10.6;15:11.4;16:25.2;17:8.7;18:1.4
2022,2980453,Jamaal Williams,RB,225.9,13.29,1:16.0;2:7.0;3:24.7;4:23.9;5:5.6;7:7.3;8:22.6;9:10.1;10:11.9;11:24.4;12:10.6;13:9.5;14:3.7;15:3.3;16:3.4;17:22.7;18:19.2
2022,3051876,Evan Engram,TE,176.9,10.41,1:6.8;2:11.6;3:3.9;4:2.6;5:12.9;6:9.0;7:10.7;8:15.5;9:1.8;10:4.4;12:1.4;13:14.0;14:39.2;15:14.2;16:18.3;17:3.9;18:6.7
2022,3116385,Joe Mixon,RB,239.5,17.11,1:21.5;2:11.3;3:6.8;4:17.4;5:11.8;6:16.8;7:18.1;8:12.9;9:55.1;11:9.2;12:0.0;13:0.0;14:12.6;15:10.4;16:17.8;18:17.8
2022,3119195,Chase Edmonds,RB,74.2,5.71,1:10.5;2:5.1;3:15.7;4:10.0;5:0.1;6:5.1;7:1.7;8:1.4;10:1.9;11:0.6;12:0.0;13:0.0;14:0.0;15:0.0;16:7.3;17:10.3;18:4.5
2022,4248528,Christian Watson,WR,164.1,11.72,1:6.1;2:3.9;3:0.0;4:9.3;5:0.8;6:0.0;7:0.0;8:2.2;9:4.4;10:32.7;11:21.1;12:21.0;13:24.4;15:8.6;16:10.9;17:2.1;18:16.6
2022,4039359,Darrell Henderson Jr.,RB,73.5,7.35,1:12.3;2:10.7;3:1.7;4:6.9;5:7.0;6:13.2;8:5.0;9:5.6;10:10.2;11:0.9;12:0.0;13:0.0
2022,4035004,Mecole Hardman,WR,93.8,11.72,1:10.6;2:7.5;3:1.2;4:1.4;5:12.0;6:13.2;7:28.0;9:19.9;10:0.0;11:0.0;12:0.0;13:0.0;14:0.0;15:0.0;16:0.0;17:0.0;18:0.0
2022,4240600,Kadarius Toney,WR,57.3,6.37,1:2.3;2:2.0;3:0.0;4:0.0;5:0.0;6:0.0;7:0.0;9:3.2;10:19.0;11:0.0;12:0.0;13:0.0;14:0.0;15:1.5;16:7.8;17:9.1;18:12.4
2022,4259545,D'Andre Swift,RB,191.1,13.65,1:26.5;2:16.7;3:7.6;4:0.0;5:0.0;7:0.0;8:14.3;9:8.0;10:8.2;11:12.2;12:10.3;13:21.1;14:6.9;15:12.5;16:3.5;17:27.7;18:15.6
2022,4361432,Romeo Doubs,WR,101.6,7.82,1:8.8;2:4.7;3:21.3;4:13.7;5:5.9;6:6.1;7:0.0;8:16.2;9:2.8;10:0.0;11:0.0;12:0.0;13:0.0;15:10.5;16:6.6;17:5.0;18:0.0
2022,4240603,Malik Davis,RB,34.4,2.87,6:0.0;7:0.0;8:6.1;10:3.8;11:5.5;12:0.0;13:8.9;14:0.0;15:0.0;16:0.0;17:8.2;18:1.9
2022,4241372,Marquise Brown,WR,156.0,13.0,1:14.3;2:12.8;3:28.0;4:20.8;5:21.8;6:11.8;7:0.0;8:0.0;9:0.0;10:0.0;11:0.0;12:10.6;14:7.4;15:5.9;16:8.8;17:12.1;18:1.7
2022,4241389,CeeDee Lamb,WR,301.6,17.74,1:4.9;2:15.1;3:22.7;4:21.7;5:10.3;6:12.7;7:10.6;8:18.8;10:38.0;11:9.5;12:17.7;13:20.4;14:8.3;15:19.7;16:34.0;17:21.0;18:16.2
2022,4360939,Rashod Bateman,WR,53.5,7.64,1:13.9;2:20.8;3:5.9;4:4.7;5:0.0;6:0.0;7:8.2;8:0.0;9:0.0;11:0.0;12:0.0;13:0.0;14:0.0;15:0.0;16:0.0;17:0.0;18:0.0
2022,4360438,Brandon Aiyuk,WR,227.8,13.4,1:6.7;2:11.3;3:12.9;4:7.7;5:8.8;6:28.3;7:15.2;8:20.1;10:12.4;11:16.0;12:11.5;13:9.6;14:13.7;15:3.9;16:13.1;17:26.7;18:9.9
2022,4240631,DeeJay Dallas,RB,46.2,3.08,1:0.0;2:-2.0;3:5.8;4:0.0;5:2.0;6:0.1;7:6.1;8:0.0;9:0.4;10:0.0;12:3.5;13:3.7;14:0.0;15:0.0;16:10.2;17:12.8;18:3.6
2022,4244732,Caleb Huntley,RB,44.9,3.74,2:0.3;3:0.0;4:11.6;5:3.4;6:5.9;7:2.2;8:9.1;9:3.4;10:3.2;11:1.6;12:2.3;13:1.7;15:0.2;16:0.0;17:0.0;18:0.0
2022,4249087,Matt Gay,K,131.0,7.71,1:6.0;2:7.0;3:9.0;4:9.0;5:3.0;6:6.0;8:2.0;9:7.0;10:5.0;11:10.0;12:5.0;13:14.0;14:6.0;15:8.0;16:19.0;17:4.0;18:11.0
2022,4242433,Joshua Palmer,WR,169.3,10.58,1:3.9;2:13.0;3:15.9;4:3.5;5:5.4;6:14.7;7:0.0;9:18.6;10:7.4;11:30.6;12:10.6;13:13.0;14:9.3;15:9.9;16:3.6;17:0.0;18:9.9
2022,4372485,Rondale Moore,WR,87.9,10.99,1:0.0;2:0.0;3:0.0;4:3.7;5:13.1;6:10.9;7:4.1;8:23.4;9:14.9;10:18.4;11:-0.6;12:0.0;14:0.0;15:0.0;16:0.0;17:0.0;18:0.0
2022,4241416,Chuba Hubbard,RB,87.7,5.85,1:0.3;2:-2.0;3:2.5;4:0.0;5:0.0;6:1.7;7:15.3;8:0.0;9:0.0;10:1.4;11:4.5;12:6.5;14:18.9;15:9.7;16:12.5;17:9.5;18:6.9
2022,4379399,James Cook,RB,105.7,6.61,1:-1.8;2:5.3;3:8.0;4:0.0;5:9.1;6:0.8;8:8.6;9:5.3;10:2.2;11:8.6;12:3.8;13:16.5;14:2.5;15:11.9;16:17.8;18:7.1
2022,4262921,Justin Jefferson,WR,368.66,21.69,1:39.4;2:10.8;3:4.4;4:31.0;5:30.32;6:16.7;8:15.8;9:25.5;10:35.3;11:6.3;12:29.34;13:18.6;14:33.3;15:30.3;16:31.3;17:2.5;18:7.8
2022,4360078,Alec Pierce,WR,112.3,7.02,1:0.0;2:0.0;3:9.1;4:12.0;5:16.1;6:13.9;7:6.7;8:9.5;9:3.3;10:0.0;11:5.8;12:0.0;13:18.6;15:0.0;16:5.6;17:4.5;18:7.2
2022,4047365,Josh Jacobs,RB,328.3,19.31,1:8.3;2:9.1;3:14.7;4:34.5;5:30.3;7:36.5;8:7.4;9:11.7;10:22.6;11:19.0;12:48.3;13:21.0;14:19.4;15:13.0;16:6.0;17:19.5;18:7.0
2022,4241555,Elijah Mitchell,RB,43.6,8.72,1:4.1;2:0.0;3:0.0;4:0.0;5:0.0;6:0.0;7:0.0;8:0.0;10:9.8;11:5.9;12:6.3;13:0.0;14:0.0;15:0.0;16:0.0;17:0.0;18:17.5
2022,4258195,Donovan Peoples-Jones,WR,167.1,9.83,1:12.0;2:0.0;3:2.0;4:12.1;5:9.0;6:11.6;7:11.1;8:12.1;10:14.9;11:17.1;12:3.6;13:13.4;14:19.4;15:13.1;16:1.2;17:8.3;18:6.2
2022,4240021,Cam Akers,RB,141.3,9.42,1:0.0;2:8.2;3:10.1;4:1.3;5:3.3;6:0.0;8:0.0;9:0.3;10:2.2;11:6.1;12:3.7;13:19.0;14:9.3;15:13.0;16:34.7;17:14.3;18:15.8
2022,4036348,Michael Gallup,WR,105.4,7.53,1:0.0;2:0.0;3:0.0;4:10.4;5:8.4;6:3.8;7:0.0;8:8.9;10:7.5;11:7.1;12:11.3;13:18.3;14:6.0;15:1.2;16:13.6;17:6.9;18:2.0
2022,4361370,Chris Olave,WR,198.2,13.21,1:9.1;2:11.0;3:23.7;4:16.7;5:15.4;6:0.0;7:17.6;8:10.2;9:13.1;10:7.0;11:21.2;12:11.2;13:10.5;15:8.3;16:0.0;17:8.2;18:15.0
2022,4242335,Jonathan Taylor,RB,146.4,13.31,1:27.5;2:7.3;3:12.1;4:3.3;5:0.0;6:0.0;7:15.5;8:5.6;9:0.0;10:24.3;11:16.4;12:18.8;13:13.3;15:2.3;16:0.0;17:0.0;18:0.0
2022,4362921,Tyquan Thornton,WR,66.3,5.1,1:0.0;2:0.0;3:0.0;4:0.0;5:2.7;6:21.3;7:2.9;8:2.3;9:1.5;11:1.5;12:0.0;13:5.1;14:6.8;15:3.1;16:1.8;17:15.0;18:2.3
2022,4243371,Riley Patterson,K,135.0,7.94,1:11.0;2:8.0;3:12.0;4:3.0;5:7.0;6:3.0;7:3.0;8:5.0;9:10.0;10:3.0;12:8.0;13:7.0;14:13.0;15:11.0;16:14.0;17:9.0;18:8.0
2022,4242873,Eno Benjamin,RB,89.6,5.97,2:8.1;3:4.3;4:5.5;5:14.3;6:9.5;7:23.3;8:8.5;9:3.7;10:0.0;11:0.0;12:0.0;13:0.0;14:0.1;15:0.0;16:0.0;17:2.9;18:0.3
2022,4372414,Elijah Moore,WR,88.1,5.51,1:9.9;2:6.5;3:8.9;4:8.5;5:2.1;6:0.0;7:0.0;8:0.0;9:0.0;11:3.7;12:14.0;13:3.7;14:12.0;15:9.4;16:3.5;17:3.8;18:2.1
2022,4360635,Chigoziem Okonkwo,TE,97.2,5.72,1:1.7;2:0.0;3:0.0;4:12.8;5:0.0;7:0.0;8:1.3;9:5.8;10:5.1;11:4.1;12:6.5;13:10.8;14:18.5;15:10.0;16:2.0;17:5.4;18:13.2
2022,4361409,Jahan Dotson,WR,130.6,10.05,1:18.0;2:17.9;3:3.0;4:13.3;5:0.0;6:0.0;7:0.0;8:0.0;9:0.0;10:2.4;11:2.6;12:0.0;13:16.4;15:20.5;16:19.6;17:6.7;18:10.2
2022,4040655,Darnell Mooney,WR,101.5,8.46,1:1.8;2:0.6;3:4.3;4:13.4;5:7.2;6:13.8;7:8.3;8:12.0;9:17.5;10:9.7;11:12.9;12:0.0;13:0.0;15:0.0;16:0.0;17:0.0;18:0.0
2022,4035538,David Montgomery,RB,177.7,11.11,1:8.0;2:15.6;3:1.1;4:0.0;5:18.2;6:9.0;7:12.2;8:8.5;9:5.4;10:5.4;11:21.1;12:14.3;13:16.7;15:24.1;16:10.4;17:5.6;18:2.1
2022,4361411,Pat Freiermuth,TE,148.2,9.26,1:12.5;2:12.2;3:6.1;4:15.5;5:3.2;6:0.0;7:15.5;8:9.7;10:7.6;11:15.9;12:6.9;13:10.6;14:12.3;15:0.0;16:13.6;17:6.6;18:0.0
2022,4035656,Ben Skowronek,WR,84.3,6.02,1:6.5;2:3.6;3:10.6;4:5.3;5:10.1;6:16.7;8:2.0;9:0.0;10:3.4;11:1.4;12:2.5;13:5.0;14:15.9;15:1.3;16:0.0;17:0.0;18:0.0
2022,4052042,James Robinson,RB,88.6,8.05,1:19.9;2:15.8;3:20.6;4:2.9;5:5.9;6:6.5;7:0.0;8:1.7;9:13.3;11:1.0;12:0.0;13:1.0;14:0.0;15:0.0;16:0.0;17:0.0;18:0.0
2022,4243537,Gabe Davis,WR,171.6,11.44,1:18.8;2:0.0;3:6.7;4:2.3;5:32.1;6:16.4;8:5.5;9:5.3;10:21.3;11:11.8;12:7.8;13:9.5;14:6.1;15:9.6;16:11.5;17:0.0;18:6.9
2022,4361050,Isaiah Likely,TE,91.3,5.71,1:0.0;2:8.3;3:1.8;4:0.0;5:2.7;6:5.0;7:2.6;8:19.7;9:9.4;11:1.1;12:0.0;13:7.0;14:0.0;15:3.8;16:1.4;17:10.2;18:18.3
2022,4040761,Devin Singletary,RB,177.9,11.12,1:8.2;2:4.1;3:24.1;4:11.6;5:5.6;6:14.7;8:9.3;9:8.8;10:15.7;11:17.7;12:9.0;13:11.1;14:5.3;15:10.0;16:20.5;18:2.2
2022,4362081,Cameron Dicker,K,93.0,8.45,5:9.0;6:0.0;9:8.0;10:12.0;11:10.0;12:5.0;13:7.0;14:11.0;15:6.0;16:8.0;17:8.0;18:9.0
2022,4360294,Antonio Gibson,RB,165.9,11.06,1:20.0;2:12.1;3:11.0;4:9.3;5:6.9;6:8.3;7:16.7;8:20.7;9:6.7;10:14.8;11:13.3;12:8.4;13:7.9;15:4.7;16:5.1;17:0.0;18:0.0
2022,4367209,Greg Dulcich,TE,86.1,8.61,1:0.0;2:0.0;3:0.0;4:0.0;5:0.0;6:12.4;7:11.1;8:12.7;10:2.1;11:7.0;12:3.1;13:14.5;14:7.2;15:2.1;16:13.9;17:0.0;18:0.0
2022,4035886,Khalil Herbert,RB,117.8,9.06,1:11.3;2:5.1;3:30.9;4:11.1;5:1.1;6:7.4;7:15.7;8:15.9;9:2.3;10:5.7;11:0.0;12:0.0;13:0.0;15:0.0;16:2.3;17:3.1;18:5.9
2022,4362087,Keaontay Ingram,RB,18.1,1.51,1:0.0;2:0.0;3:0.0;4:0.0;5:0.0;6:0.7;7:11.7;8:0.0;9:0.2;10:0.5;11:1.9;12:0.5;14:0.1;15:0.0;16:0.2;17:0.0;18:2.3
2022,4372071,Hassan Haskins,RB,26.0,1.73,1:0.0;2:4.7;3:0.0;4:0.0;5:0.0;7:1.5;8:0.0;9:1.7;10:0.0;11:0.0;12:0.0;13:0.0;14:0.0;15:3.5;16:3.7;17:7.3;18:3.6
2022,4361579,Javonte Williams,RB,42.0,10.5,1:19.8;2:9.5;3:9.0;4:3.7;5:0.0;6:0.0;7:0.0;8:0.0;10:0.0;11:0.0;12:0.0;13:0.0;14:0.0;15:0.0;16:0.0;17:0.0;18:0.0
2022,4038441,Justice Hill,RB,42.0,2.8,1:3.1;2:1.6;3:6.0;4:7.7;5:0.0;6:0.0;7:0.6;8:2.8;9:2.9;11:6.8;12:0.3;13:2.6;14:0.0;15:2.8;16:1.4;17:0.0;18:3.4
2022,4036131,Noah Fant,TE,122.6,7.21,1:4.6;2:3.1;3:6.7;4:7.2;5:7.9;6:10.5;7:1.7;8:3.9;9:14.6;10:6.4;12:6.4;13:14.2;14:0.0;15:14.2;16:9.2;17:6.0;18:6.0
2022,4036133,T.J. Hockenson,TE,215.4,12.67,1:7.8;2:5.6;3:10.8;4:39.9;5:1.6;7:8.8;8:11.0;9:16.0;10:11.5;11:8.4;12:15.3;13:7.3;14:11.7;15:8.3;16:35.9;17:12.9;18:2.6
2022,4360310,Trevor Lawrence,QB,295.62,17.39,1:13.4;2:18.5;3:25.18;4:5.66;5:10.34;6:24.9;7:18.7;8:6.82;9:16.7;10:20.96;12:24.94;13:16.36;14:33.42;15:26.82;16:18.26;17:4.48;18:10.18
2022,4047650,DK Metcalf,WR,226.8,13.34,1:8.6;2:7.5;3:17.4;4:21.9;5:17.8;6:5.4;7:2.2;8:17.5;9:14.7;10:13.1;12:20.0;13:26.7;14:18.1;15:12.5;16:15.1;17:1.3;18:7.0
2022,4360569,Jordan Mason,RB,31.8,1.99,1:0.0;2:0.0;3:0.7;4:0.0;5:0.0;6:0.0;7:0.0;8:0.0;10:0.0;11:1.4;12:2.5;13:5.1;14:5.6;15:6.4;16:0.0;17:7.3;18:2.8
2022,4373626,Tyler Allgeier,RB,159.4,9.96,1:0.0;2:3.0;3:4.0;4:11.4;5:4.5;6:5.1;7:11.0;8:17.5;9:13.3;10:3.3;11:7.4;12:5.4;13:5.2;15:22.6;16:15.7;17:16.5;18:13.5
2022,4047646,A.J. Brown,WR,299.6,17.62,1:25.5;2:11.9;3:19.5;4:14.5;5:6.2;6:17.7;8:39.6;9:15.9;10:1.7;11:9.0;12:12.6;13:31.9;14:17.0;15:27.1;16:16.3;17:19.7;18:13.5
2022,4239993,Tee Higgins,WR,220.9,13.81,1:4.7;2:19.1;3:14.3;4:25.4;5:0.0;6:10.7;7:14.3;8:13.9;9:13.0;11:23.8;12:24.4;13:12.5;14:0.0;15:16.3;16:26.8;18:1.7
2022,4038941,Justin Herbert,QB,281.26,16.54,1:23.26;2:23.46;3:12.58;4:21.1;5:14.42;6:8.42;7:18.12;9:12.1;10:12.04;11:19.7;12:28.76;13:18.1;14:19.48;15:8.72;16:5.5;17:16.68;18:18.82
2022,4239996,Travis Etienne Jr.,RB,205.1,12.06,1:8.5;2:8.3;3:10.5;4:3.2;5:14.4;6:12.8;7:18.9;8:25.2;9:26.6;10:10.3;12:0.3;13:7.6;14:3.2;15:12.7;16:14.2;17:23.0;18:5.4
2022,4258173,Nico Collins,WR,97.1,9.71,1:4.6;2:9.8;3:6.1;4:11.2;5:10.5;7:6.3;8:0.0;9:0.0;10:15.9;11:9.8;12:10.4;13:12.5;14:0.0;15:0.0;16:0.0;17:0.0;18:0.0
2022,4040980,Irv Smith Jr.,TE,55.2,6.9,1:0.0;2:14.6;3:5.2;4:5.3;5:8.2;6:10.7;8:6.8;9:0.0;10:0.0;11:0.0;12:0.0;13:0.0;14:0.0;15:0.0;16:0.0;17:0.0;18:4.4
2022,4362628,Ja'Marr Chase,WR,242.4,20.2,1:28.9;2:10.8;3:12.7;4:12.1;5:12.0;6:32.2;7:33.0;8:0.0;9:0.0;11:0.0;12:0.0;13:16.7;14:28.5;15:19.0;16:13.9;17:0.0;18:22.6
2022,4040715,Jalen Hurts,QB,378.04,25.2,1:24.72;2:33.02;3:27.6;4:15.96;5:27.66;6:16.9;8:28.4;9:20.02;10:21.8;11:24.2;12:29.82;13:34.4;14:30.38;15:34.7;16:0.0;17:0.0;18:8.46
2022,4362887,Justin Fields,QB,295.98,19.73,1:13.64;2:8.8;3:4.94;4:10.16;5:17.02;6:18.4;7:23.36;8:26.04;9:42.72;10:39.38;11:22.62;12:0.0;13:19.26;15:23.58;16:9.86;17:16.2;18:0.0
2022,4361741,Brock Purdy,QB,106.26,11.81,1:0.0;2:0.0;3:0.0;4:0.0;5:-0.1;6:0.0;7:0.74;8:0.0;10:0.0;11:0.3;12:0.0;13:14.3;14:21.7;15:16.48;16:15.96;17:17.06;18:19.82
2022,4039050,Devin Duvernay,WR,116.1,8.29,1:21.4;2:12.2;3:10.3;4:9.1;5:12.8;6:2.4;7:6.2;8:16.4;9:1.5;11:1.7;12:6.9;13:10.3;14:0.0;15:4.9;16:0.0;17:0.0;18:0.0
2022,4240657,Michael Carter,RB,126.0,7.88,1:17.0;2:10.0;3:5.6;4:4.9;5:17.3;6:5.7;7:9.4;8:10.1;9:15.6;11:2.7;12:5.6;13:0.0;14:3.0;15:4.1;16:10.0;17:2.5;18:2.5
2022,4034949,Eddy Pineiro,K,144.0,8.47,1:6.0;2:10.0;3:12.0;4:6.0;5:9.0;6:5.0;7:3.0;8:8.0;9:3.0;10:16.0;11:3.0;12:12.0;14:13.0;15:12.0;16:14.0;17:7.0;18:5.0
2022,4371733,Kenneth Gainwell,RB,87.9,5.17,1:11.2;2:2.8;3:0.6;4:8.7;5:2.0;6:2.5;8:2.1;9:12.8;10:2.2;11:0.0;12:11.6;13:8.3;14:1.0;15:3.4;16:9.8;17:3.7;18:5.2
2022,4038524,Gardner Minshew,QB,36.82,7.36,1:0.0;2:0.0;3:0.0;4:0.0;5:0.0;6:0.0;8:0.82;9:0.0;10:0.0;11:0.0;12:0.0;13:0.44;14:-0.1;15:0.0;16:22.7;17:12.96;18:0.0
2022,4374302,Amon-Ra St. Brown,WR,267.6,16.73,1:20.4;2:39.4;3:13.3;4:0.0;5:5.8;7:1.4;8:13.9;9:9.5;10:22.1;11:15.0;12:27.9;13:34.6;14:13.4;15:15.2;16:14.6;17:10.2;18:10.9
2022,4048244,Alexander Mattison,RB,88.4,5.2,1:3.6;2:4.4;3:11.4;4:8.8;5:7.0;6:0.3;8:10.0;9:1.1;10:2.9;11:1.8;12:1.1;13:9.8;14:-0.1;15:0.1;16:1.7;17:5.5;18:19.0
2022,4037235,Greg Dortch,WR,113.1,7.07,1:13.3;2:15.5;3:17.0;4:1.6;5:0.0;6:0.0;7:7.6;8:1.2;9:1.3;10:0.0;11:19.3;12:0.0;14:0.0;15:0.0;16:22.3;17:5.5;18:8.5
2022,4258595,Cole Kmet,TE,147.3,8.66,1:0.0;2:0.0;3:6.0;4:4.6;5:8.5;6:2.5;7:5.2;8:9.1;9:22.0;10:23.4;11:6.5;12:5.7;13:13.2;15:6.5;16:7.7;17:10.7;18:15.7
2022,4242214,Clyde Edwards-Helaire,RB,98.3,9.83,1:22.4;2:15.8;3:14.9;4:22.4;5:6.5;6:3.3;7:9.2;9:2.9;10:0.0;11:0.9;12:0.0;13:0.0;14:0.0;15:0.0;16:0.0;17:0.0;18:0.0
2022,4045163,Miles Sanders,RB,216.7,12.75,1:18.5;2:11.6;3:5.4;4:29.6;5:8.4;6:14.2;8:13.8;9:15.3;10:5.4;11:5.8;12:31.0;13:11.8;14:28.5;15:1.9;16:6.1;17:6.1;18:3.3
2022,4360234,Evan McPherson,K,126.0,7.88,1:7.0;2:13.0;3:9.0;4:11.0;5:6.0;6:8.0;7:5.0;8:0.0;9:5.0;11:17.0;12:9.0;13:10.0;14:5.0;15:9.0;16:3.0;18:9.0
2022,4035687,Michael Pittman Jr.,WR,216.5,13.53,1:27.1;2:0.0;3:15.2;4:6.1;5:10.9;6:26.4;7:9.8;8:12.3;9:5.2;10:12.3;11:13.5;12:19.1;13:3.6;15:19.0;16:7.9;17:16.1;18:12.0
2022,4360238,Dameon Pierce,RB,166.4,12.8,1:4.9;2:8.7;3:18.1;4:25.9;5:20.3;7:15.7;8:14.1;9:13.9;10:12.2;11:3.7;12:4.6;13:12.5;14:11.8;15:0.0;16:0.0;17:0.0;18:0.0
2022,4361259,Zach Wilson,QB,98.92,10.99,1:0.0;2:0.0;3:0.0;4:18.78;5:14.6;6:4.5;7:7.24;8:16.4;9:10.56;11:5.68;12:0.0;13:0.0;14:0.0;15:19.38;16:1.78;17:0.0;18:0.0
2022,4046692,Chase Claypool,WR,105.04,7.0,1:9.4;2:6.6;3:7.6;4:0.0;5:10.0;6:23.4;7:9.1;8:12.54;9:3.7;10:1.8;11:3.1;12:7.1;13:5.8;15:0.0;16:0.0;17:0.0;18:4.9
2022,4241457,Najee Harris,RB,223.46,13.14,1:10.6;2:13.9;3:13.1;4:7.4;5:6.6;6:12.9;7:11.0;8:11.96;10:9.9;11:27.6;12:10.9;13:10.2;14:13.0;15:14.6;16:15.5;17:20.3;18:14.0
2022,4372016,Jaylen Waddle,WR,259.2,15.25,1:17.7;2:40.1;3:15.1;4:5.9;5:5.3;6:16.9;7:12.8;8:30.6;9:19.5;10:10.6;12:13.5;13:1.9;14:5.1;15:20.4;16:25.3;17:8.2;18:10.3
2022,4035676,Zack Moss,RB,64.5,4.96,1:7.6;2:1.7;3:6.2;4:0.6;5:0.7;6:0.0;8:0.0;9:0.0;10:0.4;11:0.7;12:0.2;13:1.8;15:8.1;16:8.0;17:7.4;18:21.1
2022,4241463,Jerry Jeudy,WR,204.2,13.61,1:20.2;2:2.2;3:3.7;4:15.3;5:8.3;6:8.4;7:16.6;8:18.3;10:0.0;11:0.0;12:0.0;13:10.5;14:33.3;15:14.6;16:17.7;17:10.8;18:24.3
2022,4361529,Isiah Pacheco,RB,135.0,7.94,1:12.2;2:0.6;3:0.9;4:6.3;5:0.0;6:3.8;7:4.3;9:1.9;10:6.2;11:10.7;12:15.6;13:16.2;14:12.3;15:8.7;16:10.0;17:12.9;18:12.4
2022,4241464,Mac Jones,QB,170.08,12.15,1:8.52;2:12.68;3:15.94;4:0.0;5:0.0;6:0.0;7:0.92;8:11.66;9:9.68;11:10.14;12:23.28;13:12.5;14:7.3;15:7.48;16:17.5;17:16.26;18:16.22
2022,4360248,Kyle Pitts,TE,75.6,7.56,1:3.9;2:3.9;3:13.7;4:3.5;5:0.0;6:10.9;7:3.9;8:19.0;9:4.7;10:4.8;11:7.3;12:0.0;13:0.0;15:0.0;16:0.0;17:0.0;18:0.0
2022,4243003,Ronnie Rivers,RB,10.0,1.25,6:2.4;8:7.6;9:0.0;10:0.0;11:0.0;12:0.0;13:0.0;14:0.0;15:0.0;16:0.0;17:0.0;18:0.0
2022,4035671,Tyler Huntley,QB,50.02,8.34,1:0.0;2:0.0;3:0.0;4:0.0;5:0.0;6:0.0;7:0.0;8:0.0;9:0.0;11:0.0;12:0.0;13:15.58;14:6.62;15:5.02;16:13.2;17:9.6;18:0.0
2022,4239934,AJ Dillon,RB,167.6,9.86,1:20.1;2:7.7;3:5.8;4:9.4;5:3.4;6:9.2;7:1.5;8:7.3;9:6.4;10:6.5;11:3.3;12:17.8;13:20.9;15:22.1;16:12.8;17:10.1;18:3.3
2022,3975763,Greg Joseph,K,126.0,7.41,1:13.0;2:1.0;3:2.0;4:18.0;5:1.0;6:4.0;8:3.0;9:8.0;10:9.0;11:3.0;12:9.0;13:12.0;14:6.0;15:8.0;16:12.0;17:3.0;18:14.0
2022,4046676,Tony Jones Jr.,RB,10.4,1.73,1:0.0;2:4.0;3:0.0;4:0.0;6:0.0;7:0.0;8:0.0;9:0.0;10:0.0;12:0.0;13:5.2;14:1.2;15:0.0
2022,4241985,J.K. Dobbins,RB,81.2,10.15,1:0.0;2:0.0;3:6.0;4:22.3;5:4.4;6:1.5;7:0.0;8:0.0;9:0.0;11:0.0;12:0.0;13:0.0;14:18.0;15:13.8;16:5.9;17:9.3;18:0.0
2022,4241474,Brian Robinson Jr.,RB,112.7,9.39,1:0.0;2:0.0;3:0.0;4:0.0;5:2.2;6:12.0;7:10.6;8:2.0;9:5.8;10:14.6;11:5.7;12:20.5;13:13.1;15:11.7;16:5.8;17:8.7;18:0.0
2022,4037457,Travis Homer,RB,43.1,4.31,1:0.2;2:8.2;3:0.7;4:0.0;5:0.0;6:0.0;7:0.0;8:4.1;9:6.2;10:0.0;12:13.3;13:0.0;14:5.4;15:5.0;16:0.0;17:0.0;18:0.0
2022,4241478,DeVonta Smith,WR,254.6,14.98,1:0.0;2:15.0;3:30.9;4:4.7;5:18.7;6:15.4;8:7.3;9:4.2;10:13.9;11:13.8;12:9.0;13:21.2;14:17.4;15:17.6;16:31.3;17:20.5;18:13.7
2022,4240455,Deon Jackson,RB,84.5,5.28,1:0.0;2:-0.3;3:0.0;4:0.0;5:13.1;6:28.1;7:0.3;8:-0.4;9:5.6;10:0.0;11:5.0;12:0.0;13:0.6;15:10.6;16:3.9;17:1.0;18:17.0
2022,4241479,Tua Tagovailoa,QB,230.92,17.76,1:14.8;2:38.86;3:11.44;4:2.4;5:0.0;6:0.0;7:15.94;8:29.18;9:24.08;10:23.4;12:15.96;13:13.8;14:12.6;15:18.06;16:10.4;17:0.0;18:0.0
2022,4249417,Jalen Tolbert,WR,3.2,0.4,1:0.0;2:0.0;3:1.4;4:0.0;5:0.0;6:0.0;7:0.0;8:0.0;10:0.0;11:1.8;12:0.0;13:0.0;14:0.0;15:0.0;16:0.0;17:0.0;18:0.0
2022,4569618,Garrett Wilson,WR,215.7,12.69,1:9.2;2:30.0;3:12.0;4:6.1;5:5.7;6:1.8;7:6.4;8:17.5;9:17.9;11:3.2;12:26.4;13:24.2;14:13.8;15:13.8;16:5.0;17:4.8;18:17.9
2022,4426354,George Pickens,WR,166.5,9.79,1:1.3;2:3.3;3:6.9;4:16.2;5:14.3;6:5.8;7:18.1;8:0.0;10:14.5;11:18.3;12:10.7;13:1.2;14:10.8;15:7.3;16:16.7;17:4.9;18:16.2
2022,4430737,Kyren Williams,RB,30.5,3.05,1:0.0;2:0.0;3:0.0;4:0.0;5:0.0;6:0.0;8:0.0;9:0.0;10:6.9;11:5.4;12:9.0;13:0.9;14:3.9;15:0.7;16:3.1;17:0.6;18:0.0
2022,4427728,Zonovan Knight,RB,59.0,7.38,8:0.0;9:0.0;11:0.0;12:13.3;13:16.8;14:15.7;15:2.3;16:2.3;17:6.4;18:2.2
2022,4430191,Skyy Moore,WR,43.4,2.71,1:4.0;2:0.0;3:-2.0;4:5.1;5:3.5;6:3.4;7:-2.0;9:0.0;10:1.6;11:11.3;12:6.6;13:1.2;14:1.7;15:1.2;16:1.5;17:6.3;18:0.0
2022,4426388,Jameson Williams,WR,15.1,2.52,1:0.0;2:0.0;3:0.0;4:0.0;5:0.0;7:0.0;8:0.0;9:0.0;10:0.0;11:0.0;12:0.0;13:0.0;14:11.1;15:0.0;16:0.0;17:4.0;18:0.0
2022,4697815,Rachaad White,RB,139.1,8.18,1:4.1;2:0.1;3:0.0;4:14.6;5:7.2;6:5.3;7:4.2;8:7.3;9:6.4;10:10.5;12:19.9;13:16.9;14:10.7;15:5.3;16:15.3;17:9.8;18:1.5
2022,4567156,Treylon Burks,WR,94.1,8.55,1:8.5;2:8.7;3:3.1;4:3.8;5:0.0;7:0.0;8:0.0;9:0.0;10:5.4;11:18.1;12:17.0;13:9.5;14:0.0;15:0.0;16:1.5;17:12.6;18:5.9
2022,4569587,Wan'Dale Robinson,WR,51.6,8.6,1:1.5;2:0.0;3:0.0;4:0.0;5:0.0;6:12.7;7:11.0;8:3.5;10:3.5;11:19.4;12:0.0;13:0.0;14:0.0;15:0.0;16:0.0;17:0.0;18:0.0
2022,4383351,Trey Lance,QB,12.46,6.23,1:9.96;2:2.5;3:0.0;4:0.0;5:0.0;6:0.0;7:0.0;8:0.0;10:0.0;11:0.0;12:0.0;13:0.0;14:0.0;15:0.0;16:0.0;17:0.0;18:0.0
2022,4569173,Rhamondre Stevenson,RB,249.1,14.65,1:4.7;2:6.1;3:20.1;4:12.9;5:19.5;6:25.1;7:23.8;8:21.3;9:16.0;11:14.2;12:20.2;13:13.8;14:3.0;15:24.8;16:3.3;17:7.1;18:13.2
2022,4421446,Craig Reynolds,RB,30.8,3.42,1:0.0;2:3.9;3:2.8;4:5.2;5:12.2;7:6.0;8:0.7;9:0.0;10:0.0;11:0.0;12:0.0;13:0.0;14:0.0;15:0.0;16:0.0;17:0.0;18:0.0
2022,4426502,Drake London,WR,178.6,10.51,1:12.4;2:24.6;3:14.4;4:3.7;5:7.5;6:7.0;7:1.9;8:7.1;9:3.3;10:14.8;11:7.2;12:4.9;13:15.5;15:12.0;16:14.6;17:9.7;18:18.0
2022,4427366,Breece Hall,RB,115.1,16.44,1:10.1;2:13.0;3:15.2;4:15.8;5:27.7;6:20.1;7:13.2;8:0.0;9:0.0;11:0.0;12:0.0;13:0.0;14:0.0;15:0.0;16:0.0;17:0.0;18:0.0
2022,4567048,Kenneth Walker III,RB,202.5,13.5,1:0.0;2:3.5;3:6.3;4:3.4;5:14.8;6:19.0;7:28.7;8:12.2;9:27.9;10:13.2;12:16.9;13:3.6;14:0.0;15:11.9;16:12.5;17:15.2;18:13.4
2022,4428963,Cade York,K,113.0,6.65,1:16.0;2:6.0;3:5.0;4:9.0;5:2.0;6:12.0;7:8.0;8:7.0;10:5.0;11:4.0;12:6.0;13:11.0;14:4.0;15:6.0;16:4.0;17:6.0;18:2.0
2022,4569987,Jaylen Warren,RB,93.3,5.83,1:0.7;2:2.5;3:4.3;4:3.2;5:10.3;6:0.2;7:4.4;8:10.5;10:10.7;11:1.9;12:0.0;13:3.9;14:4.7;15:11.9;16:4.0;17:12.8;18:7.3
2023,16782,Jerick McKinnon,RB,84.36,7.03,1:2.0;2:5.2;3:17.8;4:0.7;5:4.5;6:5.0;7:4.6;8:1.8;9:10.4;11:3.5;12:0.0;13:0.0;14:12.7;15:16.16;16:0.0;17:0.0;18:0.0
2023,2577327,Tyler Lockett,WR,202.4,11.91,1:3.0;2:25.9;3:8.4;4:9.4;6:15.4;7:7.8;8:22.1;9:6.2;10:23.2;11:10.1;12:6.0;13:9.7;14:14.9;15:5.1;16:16.1;17:2.0;18:17.1
2023,2971573,Ka'imi Fairbairn,K,113.0,9.42,1:9.0;2:7.0;3:13.0;4:12.0;5:15.0;6:8.0;8:1.0;9:6.0;10:0.0;11:0.0;12:0.0;13:0.0;14:0.0;15:17.0;16:2.0;17:16.0;18:7.0
2023,-16001,Falcons D/ST,D/ST,92.0,5.41,1:13.0;2:3.0;3:1.0;4:3.0;5:0.0;6:8.0;7:10.0;8:2.0;9:8.0;10:3.0;12:9.0;13:16.0;14:3.0;15:8.0;16:13.0;17:-3.0;18:-5.0
2023,-16002,Bills D/ST,D/ST,158.0,9.29,1:7.0;2:11.0;3:31.0;4:7.0;5:4.0;6:6.0;7:1.0;8:5.0;9:0.0;10:6.0;11:21.0;12:2.0;14:6.0;15:11.0;16:7.0;17:19.0;18:14.0
2023,-16003,Bears D/ST,D/ST,110.0,6.47,1:0.0;2:-1.0;3:-4.0;4:1.0;5:8.0;6:11.0;7:18.0;8:0.0;9:0.0;10:8.0;11:9.0;12:15.0;14:15.0;15:15.0;16:3.0;17:11.0;18:1.0
2023,-16004,Bengals D/ST,D/ST,91.0,5.35,1:6.0;2:3.0;3:13.0;4:2.0;5:17.0;6:10.0;8:4.0;9:5.0;10:0.0;11:-1.0;12:2.0;13:2.0;14:12.0;15:4.0;16:-1.0;17:3.0;18:10.0
2023,3049899,Younghoe Koo,K,133.0,7.82,1:7.0;2:13.0;3:6.0;4:1.0;5:7.0;6:5.0;7:13.0;8:12.0;9:19.0;10:5.0;12:6.0;13:8.0;14:3.0;15:1.0;16:19.0;17:3.0;18:5.0
2023,-16005,Browns D/ST,D/ST,166.0,9.76,1:9.0;2:9.0;3:14.0;4:6.0;6:8.0;7:12.0;8:4.0;9:23.0;10:15.0;11:8.0;12:5.0;13:-2.0;14:14.0;15:14.0;16:9.0;17:14.0;18:4.0
2023,-16006,Cowboys D/ST,D/ST,172.0,10.12,1:35.0;2:16.0;3:-2.0;4:26.0;5:-3.0;6:6.0;8:16.0;9:4.0;10:11.0;11:23.0;12:14.0;13:-3.0;14:10.0;15:-1.0;16:0.0;17:2.0;18:18.0
2023,-16007,Broncos D/ST,D/ST,98.0,5.76,1:5.0;2:0.0;3:-6.0;4:8.0;5:5.0;6:3.0;7:3.0;8:18.0;10:7.0;11:7.0;12:17.0;13:4.0;14:15.0;15:-4.0;16:6.0;17:8.0;18:2.0
2023,-16008,Lions D/ST,D/ST,93.0,5.47,1:8.0;2:-1.0;3:16.0;4:11.0;5:7.0;6:9.0;7:-7.0;8:14.0;10:-4.0;11:6.0;12:-1.0;13:4.0;14:4.0;15:7.0;16:11.0;17:4.0;18:5.0
2023,-16009,Packers D/ST,D/ST,99.0,5.82,1:14.0;2:0.0;3:7.0;4:0.0;5:11.0;7:1.0;8:7.0;9:12.0;10:1.0;11:3.0;12:10.0;13:5.0;14:3.0;15:1.0;16:0.0;17:13.0;18:11.0
2023,-16010,Titans D/ST,D/ST,88.0,5.18,1:8.0;2:3.0;3:5.0;4:11.0;5:-2.0;6:4.0;8:8.0;9:0.0;10:5.0;11:-1.0;12:11.0;13:7.0;14:8.0;15:12.0;16:5.0;17:1.0;18:3.0
2023,-16011,Colts D/ST,D/ST,123.0,7.24,1:11.0;2:7.0;3:8.0;4:-2.0;5:4.0;6:4.0;7:5.0;8:-6.0;9:27.0;10:13.0;12:12.0;13:17.0;14:6.0;15:15.0;16:-3.0;17:1.0;18:4.0
2023,16800,Davante Adams,WR,265.4,15.61,1:12.6;2:20.4;3:42.2;4:15.5;5:8.5;6:4.9;7:12.7;8:2.1;9:7.4;10:14.6;11:21.2;12:12.3;14:12.3;15:24.1;16:1.4;17:37.6;18:15.6
2023,-16012,Chiefs D/ST,D/ST,140.0,8.24,1:3.0;2:11.0;3:12.0;4:4.0;5:5.0;6:16.0;7:9.0;8:12.0;9:14.0;11:9.0;12:1.0;13:1.0;14:5.0;15:9.0;16:7.0;17:9.0;18:13.0
2023,-16013,Raiders D/ST,D/ST,135.0,7.94,1:5.0;2:-6.0;3:1.0;4:4.0;5:13.0;6:11.0;7:4.0;8:8.0;9:18.0;10:6.0;11:4.0;12:-1.0;14:11.0;15:25.0;16:21.0;17:1.0;18:10.0
2023,-16014,Rams D/ST,D/ST,75.0,4.41,1:8.0;2:-1.0;3:4.0;4:4.0;5:-2.0;6:9.0;7:2.0;8:1.0;9:7.0;11:7.0;12:7.0;13:6.0;14:0.0;15:7.0;16:4.0;17:7.0;18:5.0
2023,-16015,Dolphins D/ST,D/ST,139.0,8.18,1:-1.0;2:11.0;3:6.0;4:-6.0;5:12.0;6:7.0;7:11.0;8:8.0;9:7.0;11:13.0;12:23.0;13:14.0;14:9.0;15:22.0;16:6.0;17:-7.0;18:4.0
2023,-16016,Vikings D/ST,D/ST,111.0,6.53,1:3.0;2:2.0;3:-3.0;4:18.0;5:2.0;6:22.0;7:8.0;8:11.0;9:4.0;10:9.0;11:4.0;12:10.0;14:17.0;15:6.0;16:3.0;17:-4.0;18:-1.0
2023,-16017,Patriots D/ST,D/ST,111.0,6.53,1:7.0;2:4.0;3:11.0;4:2.0;5:1.0;6:2.0;7:5.0;8:4.0;9:4.0;10:7.0;12:13.0;13:6.0;14:6.0;15:7.0;16:17.0;17:11.0;18:4.0
2023,-16018,Saints D/ST,D/ST,129.0,7.59,1:12.0;2:9.0;3:9.0;4:2.0;5:22.0;6:6.0;7:4.0;8:3.0;9:12.0;10:0.0;12:3.0;13:0.0;14:18.0;15:14.0;16:-5.0;17:13.0;18:7.0
2023,-16019,Giants D/ST,D/ST,114.0,6.71,1:1.0;2:-2.0;3:-2.0;4:4.0;5:6.0;6:7.0;7:15.0;8:13.0;9:-1.0;10:-8.0;11:19.0;12:13.0;14:8.0;15:3.0;16:5.0;17:15.0;18:18.0
2023,-16020,Jets D/ST,D/ST,159.0,9.35,1:20.0;2:-1.0;3:2.0;4:4.0;5:18.0;6:11.0;8:10.0;9:8.0;10:10.0;11:1.0;12:12.0;13:11.0;14:12.0;15:4.0;16:10.0;17:9.0;18:18.0
2023,-16021,Eagles D/ST,D/ST,80.0,4.71,1:11.0;2:6.0;3:14.0;4:3.0;5:7.0;6:7.0;7:11.0;8:-3.0;9:4.0;11:6.0;12:-2.0;13:-6.0;14:9.0;15:4.0;16:5.0;17:3.0;18:1.0
2023,3049916,Matt Breida,RB,46.9,2.76,1:1.6;2:0.5;3:10.8;4:12.8;5:3.4;6:1.3;7:1.9;8:2.7;9:2.1;10:0.3;11:-0.1;12:2.6;14:1.6;15:4.1;16:1.3;17:0.0;18:0.0
2023,-16023,Steelers D/ST,D/ST,127.0,7.47,1:3.0;2:23.0;3:9.0;4:-6.0;5:17.0;7:4.0;8:8.0;9:7.0;10:6.0;11:8.0;12:11.0;13:4.0;14:4.0;15:3.0;16:11.0;17:2.0;18:13.0
2023,12460,Graham Gano,K,44.0,5.5,1:-2.0;2:7.0;3:9.0;4:5.0;5:12.0;6:10.0;7:1.0;8:2.0;9:0.0;10:0.0;11:0.0;12:0.0;14:0.0;15:0.0;16:0.0;17:0.0;18:0.0
2023,-16024,Chargers D/ST,D/ST,86.0,5.06,1:-5.0;2:5.0;3:3.0;4:16.0;6:7.0;7:-1.0;8:10.0;9:26.0;10:-9.0;11:2.0;12:1.0;13:14.0;14:4.0;15:-5.0;16:7.0;17:3.0;18:8.0
2023,16813,Logan Thomas,TE,126.8,7.93,1:8.3;2:10.2;3:0.0;4:7.3;5:20.7;6:1.2;7:9.1;8:16.4;9:7.1;10:9.0;11:8.8;12:3.5;13:2.0;15:1.7;16:14.6;17:5.0;18:1.9
2023,3040151,George Kittle,TE,203.2,12.7,1:4.9;2:6.0;3:16.0;4:1.9;5:27.7;6:1.1;7:13.0;8:23.9;10:20.6;11:22.9;12:4.9;13:10.8;14:16.6;15:7.4;16:19.6;17:5.9;18:0.0
2023,-16025,49ers D/ST,D/ST,136.0,8.0,1:14.0;2:4.0;3:10.0;4:1.0;5:18.0;6:6.0;7:-3.0;8:1.0;10:19.0;11:11.0;12:15.0;13:3.0;14:9.0;15:9.0;16:3.0;17:10.0;18:6.0
2023,-16026,Seahawks D/ST,D/ST,80.0,4.71,1:-2.0;2:10.0;3:2.0;4:29.0;6:8.0;7:9.0;8:8.0;9:-4.0;10:4.0;11:6.0;12:7.0;13:-2.0;14:0.0;15:5.0;16:9.0;17:-5.0;18:-4.0
2023,-16027,Buccaneers D/ST,D/ST,108.0,6.35,1:8.0;2:19.0;3:0.0;4:15.0;6:2.0;7:3.0;8:1.0;9:-3.0;10:12.0;11:1.0;12:3.0;13:8.0;14:4.0;15:4.0;16:15.0;17:1.0;18:15.0
2023,3051926,Gus Edwards,RB,187.0,11.0,1:5.2;2:12.2;3:5.1;4:6.9;5:4.8;6:6.3;7:21.4;8:29.4;9:17.2;10:9.8;11:21.0;12:4.7;14:1.5;15:13.9;16:14.0;17:10.8;18:2.8
2023,-16028,Commanders D/ST,D/ST,30.0,1.76,1:12.0;2:9.0;3:0.0;4:-1.0;5:-5.0;6:7.0;7:8.0;8:2.0;9:3.0;10:-5.0;11:11.0;12:-6.0;13:-6.0;15:3.0;16:2.0;17:-2.0;18:-2.0
2023,3045523,Kendrick Bourne,WR,100.0,12.5,1:24.4;2:6.9;3:8.6;4:5.6;5:6.3;6:19.3;7:16.3;8:12.6;9:0.0;10:0.0;12:0.0;13:0.0;14:0.0;15:0.0;16:0.0;17:0.0;18:0.0
2023,-16030,Jaguars D/ST,D/ST,105.0,6.18,1:13.0;2:7.0;3:-4.0;4:21.0;5:3.0;6:10.0;7:6.0;8:12.0;10:-2.0;11:9.0;12:3.0;13:-2.0;14:5.0;15:4.0;16:1.0;17:16.0;18:3.0
2023,15795,DeAndre Hopkins,WR,223.6,13.15,1:13.5;2:8.0;3:7.8;4:10.3;5:22.0;6:3.0;8:34.8;9:10.5;10:5.7;11:15.9;12:7.9;13:18.9;14:25.4;15:4.1;16:4.0;17:14.2;18:17.6
2023,-16033,Ravens D/ST,D/ST,172.0,10.12,1:12.0;2:5.0;3:7.0;4:17.0;5:8.0;6:13.0;7:11.0;8:6.0;9:15.0;10:13.0;11:7.0;12:16.0;14:4.0;15:8.0;16:12.0;17:8.0;18:10.0
2023,-16034,Texans D/ST,D/ST,118.0,6.94,1:10.0;2:-2.0;3:10.0;4:11.0;5:1.0;6:4.0;8:9.0;9:1.0;10:7.0;11:8.0;12:-1.0;13:12.0;14:5.0;15:14.0;16:5.0;17:21.0;18:3.0
2023,15807,Cordarrelle Patterson,RB,36.9,2.64,1:0.0;2:0.0;3:0.0;4:0.0;5:1.7;6:1.6;7:5.6;8:0.7;9:1.3;10:4.0;12:4.3;13:2.7;14:0.7;15:7.0;16:5.3;17:0.0;18:2.0
2023,2977187,Cooper Kupp,WR,164.4,13.7,1:0.0;2:0.0;3:0.0;4:0.0;5:19.8;6:27.8;7:6.9;8:6.1;9:6.8;11:2.1;12:4.8;13:15.9;14:25.5;15:25.1;16:10.9;17:12.7;18:0.0
2023,12483,Matthew Stafford,QB,243.1,16.21,1:14.46;2:13.98;3:11.46;4:16.16;5:16.88;6:13.24;7:14.04;8:11.38;9:0.0;11:9.7;12:23.36;13:22.96;14:23.66;15:18.52;16:20.72;17:12.58;18:0.0
2023,15818,Keenan Allen,WR,278.86,21.45,1:14.2;2:31.1;3:45.46;4:12.2;6:21.5;7:9.5;8:14.9;9:15.7;10:40.5;11:27.6;12:22.6;13:10.8;14:12.8;15:0.0;16:0.0;17:0.0;18:0.0
2023,2576623,DeVante Parker,WR,72.4,5.57,1:0.0;2:11.7;3:3.9;4:5.3;5:4.0;6:1.7;7:1.8;8:2.4;9:0.0;10:0.0;12:7.2;13:10.4;14:0.0;15:9.4;16:10.5;17:2.5;18:1.6
2023,2976499,Amari Cooper,WR,227.0,15.13,1:6.7;2:16.0;3:24.6;4:2.6;6:14.8;7:4.2;8:14.9;9:24.9;10:15.8;11:7.4;12:3.6;13:6.4;14:12.7;15:20.9;16:51.5;17:0.0;18:0.0
2023,16339,Brandon McManus,K,139.0,8.18,1:8.0;2:10.0;3:3.0;4:14.0;5:6.0;6:17.0;7:8.0;8:16.0;10:3.0;11:10.0;12:13.0;13:7.0;14:3.0;15:-1.0;16:-1.0;17:14.0;18:9.0
2023,3050481,Tanner Hudson,TE,80.2,6.68,3:5.0;4:3.8;5:0.0;6:0.0;8:0.0;9:8.5;10:9.3;11:8.9;12:5.8;13:7.5;14:10.1;15:9.9;16:1.5;17:6.8;18:3.1
2023,3050478,Jake Elliott,K,154.0,9.06,1:18.0;2:11.0;3:11.0;4:18.0;5:11.0;6:1.0;7:7.0;8:10.0;9:4.0;11:3.0;12:9.0;13:7.0;14:10.0;15:5.0;16:17.0;17:8.0;18:4.0
2023,15835,Zach Ertz,TE,51.7,7.39,1:8.1;2:11.6;3:2.6;4:11.3;5:9.0;6:4.2;7:4.9;8:0.0;9:0.0;10:0.0;11:0.0;12:0.0
2023,17372,Chris Boswell,K,131.0,7.71,1:1.0;2:12.0;3:15.0;4:6.0;5:11.0;7:8.0;8:3.0;9:8.0;10:13.0;11:4.0;12:11.0;13:3.0;14:6.0;15:1.0;16:12.0;17:12.0;18:5.0
2023,3059722,Zay Jones,WR,78.1,8.68,1:16.5;2:0.0;3:0.0;4:0.0;5:11.3;6:0.0;7:0.0;8:0.0;10:0.0;11:6.0;12:2.0;13:12.8;14:7.9;15:10.9;16:0.0;17:0.0;18:10.7
2023,2468609,Taysom Hill,TE,143.52,8.97,1:0.4;2:8.72;3:3.1;4:3.22;5:3.0;6:12.26;7:16.8;8:22.46;9:20.62;10:4.3;12:8.1;13:15.4;14:0.0;15:1.5;16:0.2;17:11.54;18:11.9
2023,3043078,Derrick Henry,RB,246.66,14.51,1:13.9;2:18.5;3:2.0;4:24.38;5:9.2;6:19.3;8:16.2;9:19.2;10:3.0;11:5.4;12:20.6;13:25.0;14:18.1;15:5.0;16:21.38;17:4.2;18:21.3
2023,2577417,Dak Prescott,QB,342.84,20.17,1:6.32;2:19.6;3:14.36;4:14.34;5:4.32;6:24.88;8:28.06;9:28.36;10:37.86;11:16.16;12:32.24;13:28.26;14:17.94;15:6.06;16:18.62;17:20.3;18:25.16
2023,3054850,Alvin Kamara,RB,233.0,17.92,1:0.0;2:0.0;3:0.0;4:21.4;5:18.7;6:17.4;7:29.3;8:27.0;9:11.0;10:18.5;12:15.9;13:28.9;14:13.5;15:16.0;16:8.5;17:6.9;18:0.0
2023,15847,Travis Kelce,TE,219.4,14.63,1:0.0;2:12.6;3:19.9;4:12.0;5:22.7;6:21.4;7:35.9;8:11.8;9:4.4;11:15.4;12:15.1;13:12.1;14:14.3;15:7.8;16:9.4;17:4.6;18:0.0
2023,2576336,Ameer Abdullah,RB,41.0,2.41,1:0.0;2:1.5;3:3.6;4:3.4;5:2.5;6:0.0;7:0.0;8:2.9;9:4.5;10:1.4;11:1.4;12:2.3;14:3.9;15:6.5;16:2.2;17:3.2;18:1.7
2023,3042519,Aaron Jones,RB,134.9,12.26,1:26.7;2:0.0;3:0.0;4:2.4;5:0.0;7:8.7;8:8.6;9:17.9;10:9.4;11:2.7;12:0.0;13:0.0;14:0.0;15:10.9;16:14.5;17:14.0;18:19.1
2023,2976212,Stefon Diggs,WR,273.8,16.11,1:26.2;2:13.6;3:19.1;4:36.0;5:24.1;6:20.0;7:17.8;8:16.0;9:22.6;10:6.4;11:6.7;12:19.4;14:6.4;15:8.8;16:7.9;17:7.1;18:15.7
2023,11252,Joe Flacco,QB,100.84,20.17,13:16.16;14:20.34;15:16.86;16:24.82;17:22.66;18:0.0
2023,8439,Aaron Rodgers,QB,0.0,0.0,1:0.0;2:0.0;3:0.0;4:0.0;5:0.0;6:0.0;8:0.0;9:0.0;10:0.0;11:0.0;12:0.0;13:0.0;14:0.0;15:0.0;16:0.0;17:0.0;18:0.0
2023,15864,Geno Smith,QB,227.26,15.15,1:9.08;2:23.12;3:15.44;4:9.2;6:11.04;7:13.76;8:13.86;9:2.68;10:24.06;11:13.22;12:7.3;13:29.96;14:0.0;15:0.0;16:17.28;17:16.9;18:20.36
2023,3059915,Kareem Hunt,RB,118.5,7.9,3:5.5;4:1.2;6:16.1;7:15.1;8:13.7;9:9.8;10:9.2;11:6.7;12:2.2;13:5.8;14:10.0;15:3.0;16:9.6;17:9.1;18:1.5
2023,15880,Robert Woods,WR,89.3,6.38,1:11.7;2:13.4;3:6.4;4:5.6;5:6.0;6:7.6;8:0.0;9:0.0;10:2.5;11:9.4;12:6.0;13:0.0;14:0.8;15:6.0;16:4.1;17:9.8;18:0.0
2023,17427,Cairo Santos,K,155.0,9.12,1:7.0;2:7.0;3:4.0;4:4.0;5:17.0;6:9.0;7:8.0;8:1.0;9:4.0;10:12.0;11:17.0;12:13.0;14:11.0;15:6.0;16:10.0;17:14.0;18:11.0
2023,3052587,Baker Mayfield,QB,274.06,16.12,1:16.02;2:18.38;3:10.04;4:22.94;6:6.84;7:16.2;8:21.38;9:19.0;10:18.32;11:10.34;12:13.36;13:9.88;14:20.06;15:29.04;16:19.82;17:16.26;18:6.18
2023,2330,Tom Brady,QB,0.0,0.0,1:0.0;2:0.0;3:0.0;4:0.0;6:0.0;7:0.0;8:0.0;9:0.0;10:0.0;11:0.0;12:0.0;13:0.0;14:0.0;15:0.0;16:0.0;17:0.0;18:0.0
2023,14880,Kirk Cousins,QB,149.74,18.72,1:16.46;2:28.56;3:25.68;4:9.56;5:19.86;6:8.74;7:21.02;8:19.86;9:0.0;10:0.0;11:0.0;12:0.0;14:0.0;15:0.0;16:0.0;17:0.0;18:0.0
2023,14881,Russell Wilson,QB,256.9,17.13,1:15.18;2:25.92;3:14.24;4:22.22;5:18.74;6:6.9;7:13.86;8:17.56;10:18.72;11:14.46;12:16.76;13:15.84;14:15.46;15:17.52;16:23.52;17:0.0;18:0.0
2023,2976316,Michael Thomas,WR,89.8,8.98,1:11.1;2:12.5;3:11.0;4:9.3;5:10.5;6:9.5;7:13.2;8:10.8;9:0.0;10:1.9;12:0.0;13:0.0;14:0.0;15:0.0;16:0.0;17:0.0;18:0.0
2023,3045144,Tyler Boyd,WR,144.8,8.52,1:3.0;2:11.2;3:8.9;4:6.6;5:9.9;6:16.8;8:13.6;9:8.6;10:19.7;11:5.2;12:5.3;13:7.2;14:4.3;15:7.3;16:10.9;17:4.9;18:1.4
2023,15920,Latavius Murray,RB,82.9,5.18,1:2.7;2:11.1;3:9.1;4:7.6;5:1.7;6:4.5;7:4.8;8:2.1;9:2.0;10:14.9;11:3.5;12:7.8;14:4.0;15:7.1;16:0.0;17:0.0;18:0.0
2023,3045138,Mike Williams,WR,50.2,16.73,1:8.5;2:16.6;3:25.1;4:0.0;6:0.0;7:0.0;8:0.0;9:0.0;10:0.0;11:0.0;12:0.0;13:0.0;14:0.0;15:0.0;16:0.0;17:0.0;18:0.0
2023,3046439,Hunter Henry,TE,119.9,8.56,1:16.6;2:17.2;3:3.7;4:9.1;5:0.0;6:1.7;7:4.7;8:5.8;9:13.9;10:5.1;12:0.0;13:3.5;14:19.0;15:19.6;16:0.0;17:0.0;18:0.0
2023,2576414,Raheem Mostert,RB,267.7,17.85,1:13.0;2:25.7;3:45.2;4:5.5;5:15.8;6:34.2;7:6.1;8:10.6;9:14.5;11:10.3;12:21.4;13:12.1;14:23.0;15:18.3;16:12.0;17:0.0;18:0.0
2023,2576925,Darren Waller,TE,113.2,9.43,1:6.6;2:13.6;3:5.0;4:5.1;5:16.6;6:9.3;7:22.8;8:1.4;9:0.0;10:0.0;11:0.0;12:0.0;14:0.0;15:8.0;16:5.2;17:10.1;18:9.5
2023,15683,Justin Tucker,K,155.0,9.12,1:5.0;2:10.0;3:6.0;4:4.0;5:4.0;6:19.0;7:8.0;8:7.0;9:14.0;10:6.0;11:11.0;12:9.0;14:12.0;15:12.0;16:16.0;17:8.0;18:4.0
2023,3045147,James Conner,RB,201.5,15.5,1:12.0;2:16.6;3:19.6;4:6.6;5:4.6;6:0.0;7:0.0;8:0.0;9:0.0;10:7.3;11:8.3;12:7.2;13:22.5;15:17.9;16:22.2;17:26.3;18:30.4
2023,3055899,Harrison Butker,K,152.0,8.94,1:8.0;2:5.0;3:12.0;4:11.0;5:10.0;6:17.0;7:7.0;8:11.0;9:3.0;11:6.0;12:7.0;13:7.0;14:5.0;15:10.0;16:1.0;17:24.0;18:8.0
2023,16460,Adam Thielen,WR,231.0,13.59,1:3.2;2:20.4;3:31.5;4:15.2;5:27.7;6:28.5;8:15.2;9:7.9;10:10.2;11:15.4;12:1.2;13:5.5;14:12.4;15:8.3;16:15.4;17:9.8;18:3.2
2023,3044720,Joshua Dobbs,QB,200.66,15.44,1:0.98;2:25.22;3:17.06;4:23.4;5:8.74;6:10.1;7:16.14;8:22.92;9:24.92;10:25.12;11:16.94;12:4.5;14:4.62;15:0.0;16:0.0;17:0.0;18:0.0
2023,16731,Brandin Cooks,WR,173.2,10.82,1:4.2;2:0.0;3:3.7;4:6.7;5:2.3;6:15.0;8:14.2;9:1.7;10:32.3;11:7.2;12:17.2;13:16.5;14:5.7;15:3.0;16:10.3;17:17.0;18:16.2
2023,15965,Dustin Hopkins,K,146.0,9.73,1:12.0;2:8.0;3:12.0;4:5.0;6:16.0;7:22.0;8:8.0;9:9.0;10:14.0;11:7.0;12:6.0;13:8.0;14:9.0;15:8.0;16:2.0;17:0.0;18:0.0
2023,16733,Odell Beckham Jr.,WR,107.5,7.68,1:5.7;2:5.9;3:0.0;4:0.0;5:3.3;6:5.4;7:9.9;8:0.0;9:14.6;10:11.0;11:15.6;12:6.4;14:19.7;15:2.4;16:3.3;17:4.3;18:0.0
2023,3051909,Daniel Carlson,K,117.0,6.88,1:5.0;2:5.0;3:4.0;4:5.0;5:3.0;6:13.0;7:6.0;8:2.0;9:14.0;10:14.0;11:8.0;12:4.0;14:0.0;15:9.0;16:6.0;17:9.0;18:10.0
2023,16737,Mike Evans,WR,282.5,16.62,1:18.6;2:29.1;3:17.0;4:7.0;6:8.9;7:20.2;8:12.9;9:12.7;10:26.3;11:15.3;12:25.0;13:29.2;14:1.8;15:15.7;16:27.6;17:10.0;18:5.2
2023,3054212,Jonnu Smith,TE,124.2,7.31,1:0.0;2:8.7;3:8.7;4:15.5;5:10.7;6:13.6;7:5.7;8:2.3;9:21.0;10:1.1;12:0.0;13:3.0;14:6.7;15:8.1;16:7.2;17:0.0;18:11.9
2023,16486,Brett Maher,K,71.0,8.88,1:13.0;2:13.0;3:11.0;4:14.0;5:2.0;6:15.0;7:2.0;18:1.0
2023,3051392,Ezekiel Elliott,RB,174.5,10.26,1:7.3;2:1.3;3:9.7;4:4.2;5:7.8;6:11.9;7:9.1;8:3.6;9:6.2;10:10.8;12:7.2;13:13.2;14:27.0;15:9.6;16:21.0;17:11.5;18:13.1
2023,3046779,Jared Goff,QB,289.1,17.01,1:14.02;2:22.92;3:18.02;4:11.4;5:27.44;6:22.42;7:9.36;8:12.68;10:21.12;11:13.74;12:18.18;13:16.32;14:4.44;15:31.12;16:14.28;17:10.84;18:20.8
2023,11122,Matt Prater,K,125.0,7.35,1:12.0;2:8.0;3:13.0;4:4.0;5:2.0;6:11.0;7:4.0;8:5.0;9:0.0;10:18.0;11:6.0;12:-1.0;13:8.0;15:14.0;16:6.0;17:9.0;18:6.0
2023,2473037,Jason Myers,K,151.0,8.88,1:7.0;2:5.0;3:18.0;4:5.0;6:9.0;7:9.0;8:6.0;9:3.0;10:21.0;11:14.0;12:8.0;13:4.0;14:5.0;15:9.0;16:8.0;17:13.0;18:7.0
2023,2573401,Tyler Higbee,TE,108.5,7.23,1:7.9;2:4.2;3:12.1;4:11.4;5:4.0;6:3.8;7:1.7;8:9.5;9:0.0;11:2.7;12:19.9;13:5.5;14:0.0;15:7.6;16:6.0;17:12.2;18:0.0
2023,16757,Derek Carr,QB,241.12,14.18,1:14.6;2:6.72;3:8.12;4:3.18;5:15.72;6:16.32;7:17.44;8:18.3;9:16.74;10:5.4;12:10.86;13:8.94;14:10.76;15:20.32;16:24.96;17:15.58;18:27.16
2023,10621,Nick Folk,K,130.0,7.65,1:18.0;2:10.0;3:4.0;4:11.0;5:12.0;6:10.0;8:4.0;9:11.0;10:5.0;11:2.0;12:7.0;13:9.0;14:8.0;15:5.0;16:5.0;17:5.0;18:4.0
2023,2980453,Jamaal Williams,RB,60.8,4.68,1:7.2;2:2.9;3:0.0;4:0.0;5:0.0;6:0.0;7:1.4;8:4.8;9:3.2;10:2.0;12:3.0;13:2.6;14:4.3;15:3.6;16:2.3;17:11.1;18:12.4
2023,3051876,Evan Engram,TE,230.3,13.55,1:9.9;2:11.7;3:13.7;4:12.9;5:6.8;6:11.1;7:9.5;8:16.8;10:5.2;11:6.9;12:9.9;13:23.2;14:32.5;15:6.8;16:17.5;17:12.0;18:23.9
2023,4039359,Darrell Henderson Jr.,RB,43.5,10.88,7:13.6;8:11.5;9:5.5;11:12.9
2023,4035004,Mecole Hardman,WR,25.7,2.34,1:0.0;2:1.6;3:0.0;4:0.0;5:0.0;6:0.0;7:1.6;8:1.6;9:4.0;11:3.2;12:0.0;13:0.0;14:0.0;15:0.0;16:0.0;17:0.0;18:13.7
2023,4240600,Kadarius Toney,WR,53.0,4.08,1:1.0;2:8.8;3:0.9;4:4.2;5:7.7;6:9.4;7:2.3;8:1.1;9:2.8;11:4.6;12:0.0;13:0.6;14:7.1;15:2.5;16:0.0;17:0.0;18:0.0
2023,4241372,Marquise Brown,WR,134.7,9.62,1:8.7;2:17.4;3:17.1;4:16.6;5:16.1;6:7.4;7:7.9;8:15.3;9:6.4;10:3.8;11:3.2;12:14.8;13:0.0;15:0.0;16:0.0;17:0.0;18:0.0
2023,3117256,Dalton Schultz,TE,150.5,10.03,1:2.4;2:7.4;3:1.9;4:13.2;5:19.5;6:16.1;8:2.5;9:27.0;10:11.1;11:11.2;12:1.2;13:0.0;14:0.0;15:9.8;16:14.1;17:3.9;18:9.2
2023,3124679,Jason Sanders,K,142.0,8.35,1:14.0;2:4.0;3:10.0;4:2.0;5:8.0;6:6.0;7:6.0;8:7.0;9:2.0;11:10.0;12:12.0;13:10.0;14:8.0;15:12.0;16:22.0;17:7.0;18:2.0
2023,3117251,Christian McCaffrey,RB,391.3,24.46,1:25.9;2:22.5;3:22.9;4:48.7;5:13.8;6:14.2;7:22.6;8:29.8;10:20.2;11:21.3;12:30.9;13:22.3;14:16.3;15:41.7;16:25.1;17:13.1;18:0.0
2023,3917232,Tyler Bass,K,128.0,7.53,1:13.0;2:8.0;3:15.0;4:14.0;5:2.0;6:0.0;7:4.0;8:6.0;9:4.0;10:2.0;11:17.0;12:10.0;14:8.0;15:7.0;16:6.0;17:9.0;18:3.0
2023,3122840,Deshaun Watson,QB,86.8,14.47,1:20.66;2:11.6;3:21.16;4:0.0;6:0.0;7:-1.8;8:0.0;9:18.96;10:16.22;11:0.0;12:0.0;13:0.0;14:0.0;15:0.0;16:0.0;17:0.0;18:0.0
2023,4241389,CeeDee Lamb,WR,403.2,23.72,1:11.7;2:25.3;3:10.2;4:14.8;5:8.9;6:18.7;8:41.0;9:28.1;10:39.5;11:16.5;12:17.3;13:32.6;14:19.1;15:18.6;16:25.2;17:40.2;18:35.5
2023,3139477,Patrick Mahomes,QB,280.22,17.51,1:19.54;2:21.2;3:25.68;4:13.22;5:19.24;6:17.34;7:33.86;8:5.6;9:15.8;11:16.88;12:20.82;13:13.0;14:13.64;15:15.7;16:16.7;17:12.0;18:0.0
2023,4038815,Rico Dowdle,RB,91.5,5.72,1:2.4;2:5.3;3:13.6;4:2.7;5:1.5;6:1.2;8:4.5;9:0.8;10:13.9;11:4.0;12:9.6;13:3.2;14:12.2;15:3.2;16:0.4;17:0.0;18:13.0
2023,3128720,Nick Chubb,RB,23.1,11.55,1:16.7;2:6.4;3:0.0;4:0.0;6:0.0;7:0.0;8:0.0;9:0.0;10:0.0;11:0.0;12:0.0;13:0.0;14:0.0;15:0.0;16:0.0;17:0.0;18:0.0
2023,4242431,Ty Chandler,RB,101.0,5.94,1:2.8;2:2.9;3:4.1;4:0.0;5:1.5;6:0.0;7:2.2;8:0.0;9:0.0;10:10.5;11:15.0;12:2.1;14:7.2;15:24.7;16:7.7;17:9.4;18:10.9
2023,3915416,DJ Moore,WR,286.5,16.85,1:4.5;2:16.4;3:13.1;4:27.1;5:49.0;6:10.1;7:13.4;8:9.5;9:5.4;10:10.9;11:22.6;12:22.4;14:26.8;15:9.2;16:4.8;17:30.9;18:10.4
2023,4242433,Joshua Palmer,WR,106.7,9.7,1:1.4;2:4.3;3:14.6;4:10.7;6:10.0;7:18.3;8:5.4;9:0.0;10:0.0;11:0.0;12:0.0;13:0.0;14:0.0;15:21.3;16:9.7;17:0.0;18:11.0
2023,4240391,Tommy DeVito,QB,93.54,10.39,8:7.16;9:8.7;10:13.54;11:22.54;12:10.24;14:17.42;15:10.68;16:2.7;17:0.0;18:0.56
2023,3150744,Chase McLaughlin,K,134.0,7.88,1:10.0;2:8.0;3:3.0;4:10.0;6:6.0;7:7.0;8:5.0;9:16.0;10:8.0;11:2.0;12:8.0;13:3.0;14:11.0;15:11.0;16:14.0;17:1.0;18:11.0
2023,3916433,Jakobi Meyers,WR,218.58,13.66,1:29.1;2:0.0;3:15.5;4:5.3;5:20.5;6:17.1;7:18.0;8:2.9;9:13.5;10:4.1;11:8.9;12:20.1;14:7.5;15:15.68;16:7.2;17:11.6;18:21.6
2023,4241416,Chuba Hubbard,RB,182.5,10.74,1:8.9;2:10.0;3:2.4;4:7.3;5:4.5;6:16.0;8:7.4;9:10.7;10:5.9;11:8.5;12:20.2;13:22.4;14:11.6;15:12.3;16:12.1;17:11.1;18:11.2
2023,3910544,Joshua Kelley,RB,61.7,3.63,1:15.1;2:3.9;3:2.7;4:6.5;6:1.4;7:13.5;8:2.1;9:3.2;10:1.6;11:1.3;12:3.4;13:4.5;14:0.6;15:1.8;16:-0.2;17:0.2;18:0.1
2023,3917315,Kyler Murray,QB,146.36,18.3,1:0.0;2:0.0;3:0.0;4:0.0;5:0.0;6:0.0;7:0.0;8:0.0;9:0.0;10:17.26;11:21.66;12:20.44;13:11.8;15:13.34;16:20.4;17:23.68;18:17.78
2023,4047365,Josh Jacobs,RB,181.1,13.93,1:9.1;2:9.9;3:11.0;4:27.9;5:19.9;6:11.3;7:5.1;8:16.8;9:21.8;10:12.7;11:6.1;12:22.5;14:7.0;15:0.0;16:0.0;17:0.0;18:0.0
2023,4241555,Elijah Mitchell,RB,47.5,4.32,1:1.0;2:0.0;3:7.4;4:0.0;5:0.0;6:-0.3;7:-0.1;8:0.2;10:2.3;11:2.4;12:4.6;13:1.3;14:0.0;15:0.0;16:0.0;17:14.0;18:14.7
2023,3122672,Royce Freeman,RB,46.2,3.3,2:0.0;3:0.0;4:0.0;5:0.0;6:0.0;7:6.6;8:10.4;9:3.2;11:7.3;12:13.7;13:0.0;14:0.9;15:1.6;16:0.0;17:0.0;18:2.5
2023,4240021,Cam Akers,RB,46.7,6.67,1:8.9;2:0.0;3:0.0;4:7.1;5:3.8;6:2.5;7:8.1;8:9.5;9:6.8;10:0.0;11:0.0;12:0.0;14:0.0;15:0.0;16:0.0;17:0.0;18:0.0
2023,4036348,Michael Gallup,WR,87.8,5.16,1:2.0;2:1.3;3:15.2;4:11.0;5:3.5;6:5.4;8:4.0;9:3.9;10:15.0;11:6.1;12:2.3;13:0.0;14:13.8;15:1.9;16:2.4;17:0.0;18:0.0
2023,4242335,Jonathan Taylor,RB,156.4,15.64,1:0.0;2:0.0;3:0.0;4:0.0;5:4.4;6:11.5;7:21.0;8:10.7;9:17.9;10:14.5;12:21.1;13:0.0;14:0.0;15:0.0;16:10.3;17:17.4;18:27.6
2023,3915511,Joe Burrow,QB,147.16,14.72,1:3.18;2:15.38;3:8.16;4:4.7;5:23.38;6:13.8;8:27.62;9:22.32;10:19.88;11:8.74;12:0.0;13:0.0;14:0.0;15:0.0;16:0.0;17:0.0;18:0.0
2023,3121409,Noah Brown,WR,101.6,10.16,1:4.9;2:0.0;3:0.0;4:0.0;5:0.0;6:5.7;8:8.7;9:27.3;10:24.2;11:0.0;12:0.0;13:0.0;14:0.0;15:22.2;16:6.8;17:1.8;18:0.0
2023,3919602,Matt Ammendola,K,26.0,5.2,10:13.0;11:2.0;12:1.0;13:10.0;14:0.0
2023,3932905,Diontae Johnson,WR,152.7,10.91,1:7.8;2:0.0;3:0.0;4:0.0;5:0.0;7:12.9;8:16.5;9:22.0;10:2.7;11:3.6;12:9.0;13:13.3;14:14.7;15:16.2;16:3.5;17:11.6;18:18.9
2023,3126486,Deebo Samuel,WR,243.7,16.25,1:11.3;2:22.1;3:25.1;4:0.6;5:11.5;6:1.1;7:0.0;8:0.0;10:15.9;11:9.2;12:22.4;13:35.8;14:34.0;15:21.9;16:9.4;17:18.2;18:5.2
2023,3915486,Tyler Conklin,TE,123.1,7.24,1:1.2;2:10.0;3:5.6;4:9.8;5:10.7;6:5.4;8:0.0;9:12.6;10:14.0;11:3.8;12:7.3;13:6.5;14:9.7;15:5.8;16:7.6;17:9.5;18:3.6
2023,4242355,Jake Ferguson,TE,177.1,10.42,1:3.1;2:10.1;3:9.8;4:14.7;5:5.8;6:2.5;8:14.7;9:22.1;10:12.6;11:6.2;12:4.5;13:19.7;14:12.2;15:10.4;16:8.5;17:7.3;18:12.9
2023,3886812,Jake Browning,QB,144.44,16.05,1:-0.1;2:0.0;3:0.0;4:0.0;5:0.0;6:0.0;8:0.0;9:0.0;10:0.0;11:10.72;12:11.98;13:26.66;14:23.7;15:18.96;16:13.4;17:21.08;18:18.04
2023,4032473,Rashid Shaheed,WR,155.6,10.37,1:19.0;2:10.3;3:6.0;4:6.3;5:4.8;6:18.3;7:7.2;8:24.3;9:5.2;10:7.4;12:2.9;13:0.0;14:0.0;15:6.6;16:18.4;17:3.4;18:15.5
2023,3918298,Josh Allen,QB,392.64,23.1,1:9.04;2:23.66;3:21.32;4:36.5;5:27.76;6:13.86;7:24.3;8:29.06;9:24.72;10:14.38;11:22.5;12:39.66;14:20.52;15:16.16;16:24.98;17:21.16;18:23.06
2023,4040655,Darnell Mooney,WR,78.9,5.26,1:15.3;2:0.0;3:0.0;4:9.1;5:0.0;6:6.8;7:7.4;8:5.4;9:13.2;10:3.4;11:3.4;12:2.6;14:6.4;15:3.4;16:2.5;17:0.0;18:0.0
2023,4035538,David Montgomery,RB,207.2,14.8,1:13.4;2:12.4;3:0.0;4:34.1;5:20.9;6:4.3;7:0.0;8:0.0;10:17.6;11:17.8;12:15.1;13:12.5;14:11.5;15:10.2;16:14.9;17:12.5;18:10.0
2023,3930066,Van Jefferson,WR,41.3,2.43,1:6.4;2:1.9;3:6.0;4:4.9;5:0.0;6:0.0;7:1.5;8:5.4;9:2.4;10:0.0;12:2.3;13:0.0;14:0.0;15:0.0;16:2.3;17:4.9;18:3.3
2023,3120348,JuJu Smith-Schuster,WR,61.0,5.55,1:7.3;2:7.8;3:1.5;4:2.4;5:3.6;6:0.0;7:0.0;8:7.3;9:11.1;10:1.9;12:3.0;13:2.1;14:13.0;15:0.0;16:0.0;17:0.0;18:0.0
2023,3116593,Dalvin Cook,RB,40.2,2.68,1:8.9;2:0.2;3:5.9;4:2.8;5:2.3;6:2.4;8:0.5;9:1.8;10:2.6;11:1.3;12:4.1;13:3.6;14:1.8;15:2.0;16:0.0;17:0.0
2023,4242519,Anders Carlson,K,119.0,7.0,1:10.0;2:6.0;3:4.0;4:8.0;5:7.0;7:4.0;8:4.0;9:7.0;10:7.0;11:4.0;12:5.0;13:11.0;14:10.0;15:8.0;16:11.0;17:9.0;18:4.0
2023,4040761,Devin Singletary,RB,167.34,9.84,1:1.5;2:3.4;3:6.5;4:8.84;5:0.0;6:7.2;8:6.3;9:4.6;10:23.1;11:19.8;12:13.2;13:5.0;14:12.5;15:21.0;16:9.3;17:11.6;18:13.5
2023,3128390,Allen Lazard,WR,60.1,4.29,1:6.6;2:4.3;3:6.9;4:15.1;5:6.3;6:1.8;8:7.5;9:3.8;10:2.7;11:0.0;12:0.0;13:0.0;14:0.0;15:5.1;16:0.0;17:0.0;18:0.0
2023,3929645,Juwan Johnson,TE,97.8,7.52,1:6.6;2:3.3;3:3.2;4:0.0;5:0.0;6:0.0;7:0.0;8:1.5;9:13.9;10:1.2;12:8.5;13:0.0;14:3.0;15:11.8;16:14.8;17:23.0;18:7.0
2023,3895856,Christian Kirk,WR,150.26,12.52,1:1.9;2:21.96;3:15.4;4:16.4;5:14.4;6:13.9;7:19.0;8:8.6;10:14.4;11:7.8;12:12.9;13:3.6;14:0.0;15:0.0;16:0.0;17:0.0;18:0.0
2023,4035886,Khalil Herbert,RB,112.5,9.38,1:11.4;2:6.8;3:3.5;4:22.2;5:7.6;6:0.0;7:0.0;8:0.0;9:0.0;10:0.0;11:6.1;12:5.8;14:0.8;15:2.2;16:19.1;17:20.9;18:6.1
2023,3918639,Gerald Everett,TE,111.1,7.41,1:4.3;2:7.7;3:9.0;4:2.9;6:10.8;7:11.6;8:0.0;9:3.8;10:0.0;11:0.0;12:14.3;13:8.4;14:8.9;15:9.1;16:11.2;17:7.7;18:1.4
2023,4038441,Justice Hill,RB,109.3,6.83,1:12.9;2:8.3;3:0.0;4:3.3;5:12.5;6:6.5;7:5.8;8:9.5;9:4.0;10:0.7;11:1.7;12:3.1;14:2.2;15:2.3;16:8.7;17:22.2;18:5.6
2023,3059989,Nick Mullens,QB,66.74,13.35,1:0.0;2:0.0;3:0.0;4:0.0;5:0.0;6:0.0;7:0.0;8:0.0;9:0.0;10:0.0;11:0.0;12:0.0;14:3.32;15:17.12;16:16.54;17:9.12;18:20.64
2023,3121427,Curtis Samuel,WR,157.2,9.83,1:11.0;2:6.2;3:7.4;4:18.2;5:18.5;6:14.2;7:6.5;8:6.2;9:0.0;10:2.6;11:1.5;12:19.0;13:10.5;15:21.1;16:3.0;17:6.3;18:5.0
2023,4036133,T.J. Hockenson,TE,219.0,14.6,1:11.5;2:25.6;3:13.8;4:4.4;5:10.1;6:11.0;7:19.6;8:20.8;9:13.9;10:30.4;11:9.5;12:16.0;14:10.3;15:12.3;16:9.8;17:0.0;18:0.0
2023,3929630,Saquon Barkley,RB,223.2,15.94,1:9.3;2:27.2;3:0.0;4:0.0;5:0.0;6:13.8;7:18.8;8:15.8;9:14.3;10:7.1;11:30.0;12:6.2;14:23.1;15:5.7;16:19.4;17:8.8;18:23.7
2023,4047650,DK Metcalf,WR,225.4,14.09,1:13.7;2:13.5;3:17.2;4:12.4;6:10.9;7:0.0;8:11.7;9:6.0;10:16.8;11:20.4;12:6.2;13:37.4;14:13.2;15:12.8;16:15.6;17:15.6;18:2.0
2023,3121422,Terry McLaurin,WR,209.2,12.31,1:5.1;2:16.4;3:10.1;4:22.6;5:8.9;6:14.1;7:15.0;8:17.3;9:12.3;10:7.3;11:9.3;12:9.0;13:0.0;15:26.1;16:8.0;17:16.1;18:11.6
2023,4047646,A.J. Brown,WR,289.6,17.04,1:14.9;2:6.9;3:22.1;4:38.5;5:18.7;6:20.1;7:29.7;8:33.0;9:19.6;11:1.8;12:14.7;13:19.4;14:16.4;15:10.6;16:14.0;17:9.3;18:-0.1
2023,4239993,Tee Higgins,WR,137.6,11.47,1:0.0;2:28.9;3:4.1;4:3.9;5:0.0;6:4.0;8:11.9;9:19.0;10:0.0;11:0.0;12:0.0;13:6.6;14:9.2;15:22.1;16:25.0;17:2.9;18:0.0
2023,4038941,Justin Herbert,QB,234.16,18.01,1:20.86;2:22.2;3:29.3;4:23.38;6:19.08;7:10.86;8:24.02;9:7.14;10:28.42;11:25.7;12:13.38;13:7.98;14:1.84;15:0.0;16:0.0;17:0.0;18:0.0
2023,3115306,Josh Reynolds,WR,128.8,7.58,1:12.0;2:23.6;3:0.0;4:9.9;5:17.6;6:8.0;7:6.3;8:0.3;10:3.5;11:2.1;12:9.5;13:2.2;14:13.4;15:6.1;16:2.6;17:2.3;18:9.4
2023,3916566,K.J. Osborn,WR,120.0,7.5,1:6.1;2:12.4;3:10.6;4:2.6;5:9.9;6:8.8;7:9.7;8:17.9;9:3.7;10:0.0;11:1.7;12:6.4;14:5.5;15:1.3;16:20.5;17:0.0;18:2.9
2023,3953687,Brandon Aubrey,K,179.0,10.53,1:10.0;2:18.0;3:11.0;4:12.0;5:6.0;6:8.0;8:13.0;9:7.0;10:7.0;11:9.0;12:9.0;13:15.0;14:22.0;15:4.0;16:9.0;17:11.0;18:8.0
2023,4239996,Travis Etienne Jr.,RB,282.4,16.61,1:21.4;2:6.2;3:17.8;4:10.2;5:36.4;6:23.3;7:22.7;8:25.9;10:6.4;11:8.9;12:12.6;13:17.9;14:17.2;15:9.9;16:6.1;17:25.8;18:13.7
2023,4036378,Jordan Love,QB,319.06,18.77,1:23.0;2:20.34;3:24.26;4:17.64;5:4.98;7:15.3;8:14.56;9:13.82;10:16.66;11:20.88;12:26.62;13:23.68;14:8.92;15:17.46;16:23.96;17:28.44;18:18.54
2023,3122976,Jeff Wilson Jr.,RB,41.3,4.13,1:0.0;2:0.0;3:0.0;4:0.0;5:0.0;6:0.0;7:1.4;8:5.7;9:6.8;11:0.0;12:10.3;13:1.1;14:0.0;15:1.6;16:3.5;17:6.4;18:4.5
2023,4040715,Jalen Hurts,QB,356.82,20.99,1:12.5;2:25.22;3:19.88;4:24.16;5:27.32;6:19.9;7:23.26;8:27.36;9:25.88;11:18.9;12:34.5;13:23.92;14:8.88;15:21.92;16:23.44;17:19.18;18:0.6
2023,3116406,Tyreek Hill,WR,376.4,23.52,1:44.5;2:15.0;3:30.7;4:10.2;5:32.1;6:28.3;7:25.8;8:25.2;9:12.5;11:30.6;12:25.4;13:32.3;14:10.1;15:0.0;16:18.9;17:13.6;18:21.2
2023,4038524,Gardner Minshew,QB,196.2,11.54,1:0.0;2:11.14;3:13.08;4:0.0;5:6.3;6:9.56;7:27.1;8:14.82;9:9.58;10:5.66;12:14.64;13:18.68;14:14.1;15:20.6;16:9.14;17:13.26;18:8.54
2023,3128429,Courtland Sutton,WR,190.2,11.89,1:13.2;2:11.6;3:19.1;4:11.7;5:2.3;6:14.6;7:19.6;8:10.9;10:17.3;11:16.6;12:9.1;13:15.7;14:15.2;15:12.1;16:0.0;17:0.0;18:1.2
2023,3068267,Austin Ekeler,RB,185.4,13.24,1:26.4;2:0.0;3:0.0;4:0.0;6:10.2;7:5.6;8:23.3;9:21.0;10:21.5;11:7.0;12:9.4;13:4.7;14:21.0;15:7.8;16:11.6;17:4.0;18:11.9
2023,3916148,Tony Pollard,RB,222.6,13.09,1:22.2;2:19.9;3:15.1;4:9.0;5:8.4;6:17.0;8:6.5;9:9.3;10:5.5;11:18.0;12:22.3;13:17.3;14:16.6;15:7.7;16:5.3;17:5.9;18:16.6
2023,4048244,Alexander Mattison,RB,133.2,8.32,1:13.4;2:4.9;3:17.5;4:10.8;5:12.6;6:11.2;7:6.2;8:4.3;9:17.3;10:4.3;11:7.0;12:8.3;14:6.6;15:0.0;16:-0.1;17:5.0;18:3.9
2023,3116165,Chris Godwin,WR,209.2,12.31,1:10.1;2:10.8;3:8.2;4:19.4;6:13.7;7:12.6;8:17.8;9:3.6;10:9.4;11:9.9;12:7.5;13:7.9;14:10.3;15:25.5;16:13.9;17:17.1;18:11.5
2023,3123076,David Njoku,TE,201.2,12.57,1:4.4;2:6.8;3:6.0;4:10.6;6:5.4;7:10.4;8:17.7;9:12.6;10:11.8;11:12.6;12:11.9;13:3.7;14:27.1;15:26.4;16:16.4;17:17.4;18:0.0
2023,3123075,Braxton Berrios,WR,57.9,3.62,1:7.2;2:4.8;3:5.3;4:17.4;5:3.3;6:4.0;7:1.7;8:2.8;9:0.0;11:0.0;12:0.0;13:0.0;14:3.3;15:2.2;16:0.0;17:3.0;18:2.9
2023,3925357,Calvin Ridley,WR,229.9,13.52,1:24.1;2:5.2;3:7.0;4:11.8;5:20.6;6:6.6;7:1.5;8:14.3;10:4.0;11:31.1;12:21.9;13:7.3;14:9.3;15:8.9;16:25.8;17:7.9;18:22.6
2023,3121023,Dallas Goedert,TE,136.3,9.74,1:0.0;2:8.2;3:9.1;4:4.5;5:25.7;6:9.2;7:18.7;8:7.6;9:8.0;11:0.0;12:0.0;13:0.0;14:7.0;15:7.1;16:14.1;17:15.7;18:1.4
2023,4242214,Clyde Edwards-Helaire,RB,70.1,4.67,1:3.9;2:3.7;3:12.7;4:2.3;5:0.4;6:2.6;7:0.5;8:0.4;9:0.0;11:2.0;12:0.5;13:2.4;14:8.8;15:20.1;16:7.8;17:0.0;18:2.0
2023,4045163,Miles Sanders,RB,87.6,5.48,1:11.8;2:7.7;3:17.2;4:6.2;5:1.2;6:0.0;8:0.0;9:9.1;10:3.0;11:6.2;12:2.8;13:3.9;14:7.4;15:3.3;16:1.8;17:4.2;18:1.8
2023,3125116,D'Onta Foreman,RB,91.2,9.12,1:4.4;2:0.0;3:0.0;4:0.0;5:0.0;6:7.7;7:33.0;8:4.6;9:8.3;10:17.2;11:7.4;12:0.0;14:9.2;15:-0.6;16:0.0;17:0.0;18:0.0
2023,3135321,Hunter Renfrow,WR,48.5,2.85,1:0.0;2:3.3;3:3.7;4:3.2;5:1.7;6:0.0;7:3.4;8:3.9;9:5.2;10:1.5;11:9.2;12:7.8;14:5.6;15:0.0;16:0.0;17:0.0;18:0.0
2023,4035687,Michael Pittman Jr.,WR,250.2,15.64,1:23.7;2:13.6;3:16.7;4:4.5;5:10.2;6:19.9;7:16.3;8:18.0;9:14.4;10:16.4;12:20.7;13:27.5;14:19.5;15:11.8;16:0.0;17:9.6;18:7.4
2023,3916387,Lamar Jackson,QB,331.22,20.7,1:6.56;2:22.88;3:28.18;4:28.14;5:9.94;6:17.12;7:33.88;8:11.98;9:11.48;10:13.02;11:23.96;12:14.98;14:31.64;15:18.54;16:22.58;17:36.34;18:0.0
2023,3925347,Damien Harris,RB,19.0,3.17,1:3.9;2:9.3;3:1.5;4:2.9;5:1.3;6:0.1;7:0.0;8:0.0;9:0.0;10:0.0;11:0.0;12:0.0;14:0.0;15:0.0;16:0.0;17:0.0;18:0.0
2023,3139925,Rashaad Penny,RB,4.8,1.6,1:0.0;2:2.4;3:0.0;4:0.0;5:0.0;6:0.0;7:0.0;8:0.0;9:0.8;11:0.0;12:0.0;13:0.0;14:0.0;15:0.0;16:0.0;17:0.0;18:1.6
2023,4241457,Najee Harris,RB,195.5,11.5,1:5.3;2:5.3;3:6.5;4:11.3;5:5.0;7:15.8;8:10.5;9:15.6;10:18.6;11:4.6;12:15.9;13:9.7;14:7.8;15:1.3;16:13.8;17:24.2;18:24.3
2023,4035676,Zack Moss,RB,169.6,12.11,1:0.0;2:20.7;3:22.5;4:9.0;5:33.5;6:17.9;7:7.2;8:14.4;9:2.6;10:0.2;12:9.0;13:7.7;14:9.6;15:12.3;16:0.0;17:0.0;18:3.0
2023,4241463,Jerry Jeudy,WR,141.8,8.86,1:0.0;2:5.5;3:13.1;4:8.2;5:11.0;6:4.4;7:11.4;8:13.0;10:6.5;11:10.8;12:3.1;13:8.1;14:3.6;15:10.4;16:7.4;17:8.4;18:16.9
2023,3116365,Mark Andrews,TE,135.4,13.54,1:0.0;2:15.5;3:7.5;4:25.0;5:12.5;6:10.9;7:22.3;8:14.0;9:17.0;10:6.4;11:4.3;12:0.0;14:0.0;15:0.0;16:0.0;17:0.0;18:0.0
2023,4239934,AJ Dillon,RB,117.6,7.84,1:5.6;2:7.3;3:3.3;4:1.1;5:13.6;7:11.5;8:10.2;9:5.3;10:9.1;11:10.1;12:11.1;13:9.7;14:9.8;15:0.0;16:7.2;17:2.7;18:0.0
2023,3975763,Greg Joseph,K,113.0,6.65,1:5.0;2:4.0;3:6.0;4:3.0;5:9.0;6:10.0;7:11.0;8:4.0;9:11.0;10:9.0;11:8.0;12:4.0;14:2.0;15:6.0;16:6.0;17:6.0;18:9.0
2023,3116389,Samaje Perine,RB,121.3,7.14,1:11.8;2:5.4;3:4.4;4:5.5;5:11.5;6:1.6;7:7.1;8:4.1;10:7.3;11:13.7;12:13.6;13:2.6;14:9.4;15:5.8;16:6.9;17:4.6;18:6.0
2023,3115364,Leonard Fournette,RB,4.0,2.0,16:2.0;17:0.0;18:2.0
2023,4241985,J.K. Dobbins,RB,11.7,11.7,1:11.7;2:0.0;3:0.0;4:0.0;5:0.0;6:0.0;7:0.0;8:0.0;9:0.0;10:0.0;11:0.0;12:0.0;14:0.0;15:0.0;16:0.0;17:0.0;18:0.0
2023,4241474,Brian Robinson Jr.,RB,198.1,13.21,1:13.6;2:28.9;3:7.0;4:13.1;5:8.3;6:13.6;7:8.3;8:9.9;9:11.7;10:27.7;11:20.2;12:8.4;13:5.3;15:0.0;16:0.0;17:11.6;18:10.5
2023,3116385,Joe Mixon,RB,267.0,15.71,1:10.3;2:13.5;3:14.0;4:8.6;5:13.4;6:9.2;8:20.0;9:17.8;10:12.5;11:21.0;12:8.0;13:29.7;14:21.5;15:15.1;16:9.0;17:18.7;18:24.7
2023,4241478,DeVonta Smith,WR,227.6,14.23,1:17.7;2:23.1;3:6.8;4:14.8;5:1.6;6:9.4;7:8.9;8:22.9;9:14.1;11:15.9;12:23.6;13:24.6;14:10.3;15:10.0;16:17.9;17:6.0;18:0.0
2023,4240455,Deon Jackson,RB,4.0,1.0,1:3.8;2:0.0;7:0.0;8:0.0;9:0.2;10:0.0;11:0.0
2023,4241479,Tua Tagovailoa,QB,270.36,15.9,1:27.14;2:12.26;3:28.36;4:13.98;5:16.92;6:22.48;7:10.34;8:21.76;9:12.42;11:17.6;12:7.82;13:19.2;14:9.1;15:12.96;16:15.52;17:14.88;18:7.62
2023,4430027,Sam LaPorta,TE,239.3,14.08,1:8.9;2:11.3;3:22.4;4:9.6;5:19.7;6:7.6;7:11.2;8:19.7;10:8.0;11:6.8;12:17.7;13:29.0;14:4.7;15:28.6;16:4.8;17:15.4;18:13.9
2023,4248528,Christian Watson,WR,101.3,10.13,1:0.0;2:0.0;3:0.0;4:10.5;5:11.6;7:5.7;8:6.3;9:4.7;10:4.3;11:10.2;12:20.4;13:27.6;14:0.0;15:0.0;16:0.0;17:0.0;18:0.0
2023,4366031,Tank Dell,WR,165.0,15.0,1:6.4;2:20.2;3:25.5;4:3.9;5:8.3;6:0.0;8:6.1;9:29.6;10:18.9;11:28.9;12:17.2;13:0.0;14:0.0;15:0.0;16:0.0;17:0.0;18:0.0
2023,4429013,Tank Bigsby,RB,22.8,1.34,1:5.3;2:0.0;3:7.0;4:1.0;5:0.8;6:1.8;7:0.2;8:-1.1;10:0.5;11:2.1;12:0.6;13:0.0;14:0.0;15:-0.2;16:0.0;17:3.2;18:1.6
2023,4722893,Jaleel McLaughlin,RB,106.0,6.24,1:0.3;2:6.5;3:1.5;4:19.4;5:17.9;6:6.2;7:5.6;8:5.9;10:3.2;11:6.5;12:0.4;13:4.1;14:4.2;15:3.8;16:10.7;17:9.2;18:0.6
2023,4697815,Rachaad White,RB,267.9,15.76,1:6.9;2:21.3;3:7.2;4:10.8;6:6.8;7:15.9;8:17.9;9:27.9;10:17.8;11:17.8;12:13.0;13:19.6;14:21.5;15:21.9;16:19.7;17:8.6;18:13.3
2023,4259545,D'Andre Swift,RB,199.3,12.46,1:1.3;2:27.1;3:14.8;4:17.9;5:16.8;6:17.8;7:10.5;8:14.4;9:9.4;11:19.7;12:9.4;13:4.0;14:3.9;15:9.5;16:15.2;17:7.6;18:0.0
2023,4361432,Romeo Doubs,WR,174.4,10.26,1:18.6;2:5.0;3:18.3;4:18.5;5:1.4;7:11.0;8:11.8;9:6.6;10:12.1;11:16.3;12:6.7;13:11.2;14:7.2;15:6.0;16:17.9;17:5.8;18:0.0
2023,4430807,Bijan Robinson,RB,246.3,14.49,1:20.3;2:21.2;3:10.0;4:18.7;5:11.8;6:13.0;7:0.3;8:12.2;9:5.9;10:17.6;12:27.3;13:10.9;14:19.8;15:0.4;16:19.2;17:11.6;18:26.1
2023,4429025,Quentin Johnston,WR,94.0,5.53,1:2.9;2:1.7;3:3.0;4:2.8;6:0.0;7:3.0;8:10.0;9:3.6;10:13.4;11:4.1;12:1.7;13:10.2;14:12.1;15:10.3;16:5.0;17:5.9;18:4.3
2023,4429795,Jahmyr Gibbs,RB,242.1,16.14,1:8.0;2:12.6;3:9.2;4:9.1;5:0.0;6:0.0;7:27.6;8:29.9;10:26.2;11:21.5;12:11.3;13:6.4;14:17.2;15:24.8;16:24.0;17:5.3;18:9.0
2023,4362478,Emari Demercado,RB,73.3,5.24,1:0.0;2:2.5;3:0.2;4:5.4;5:12.7;6:2.7;7:11.5;8:8.9;9:0.0;10:0.0;11:0.0;12:1.5;13:0.0;15:14.0;16:12.0;17:1.9;18:0.0
2023,4360939,Rashod Bateman,WR,76.5,4.78,1:6.5;2:4.8;3:1.6;4:0.0;5:1.8;6:3.5;7:5.6;8:7.2;9:5.8;10:4.5;11:8.0;12:4.1;14:4.4;15:6.9;16:2.4;17:9.4;18:0.0
2023,4685035,Zach Evans,RB,1.9,0.19,1:0.0;2:0.0;3:0.0;4:0.0;5:0.0;6:1.0;7:0.0;8:0.0;9:0.0;11:0.0;12:0.6;13:0.0;14:0.0;15:0.0;16:0.0;17:0.0;18:0.3
2023,4360438,Brandon Aiyuk,WR,249.2,15.58,1:32.9;2:7.3;3:0.0;4:20.8;5:9.8;6:11.6;7:10.7;8:15.9;10:14.5;11:26.6;12:13.0;13:15.6;14:16.6;15:6.7;16:17.3;17:24.4;18:5.5
2023,4426485,Jonathan Mingo,WR,84.8,5.65,1:3.7;2:5.6;3:5.1;4:0.0;5:9.8;6:4.1;8:10.2;9:1.5;10:5.0;11:1.6;12:10.0;13:12.9;14:4.2;15:7.2;16:1.9;17:2.0;18:0.0
2023,4569587,Wan'Dale Robinson,WR,133.2,8.88,1:0.0;2:0.0;3:6.1;4:9.7;5:6.9;6:14.2;7:3.2;8:1.7;9:13.5;10:2.6;11:6.7;12:6.6;14:17.5;15:6.5;16:4.6;17:19.9;18:13.5
2023,4249087,Matt Gay,K,149.0,8.76,1:3.0;2:8.0;3:24.0;4:0.0;5:12.0;6:10.0;7:7.0;8:10.0;9:11.0;10:5.0;12:9.0;13:14.0;14:-1.0;15:11.0;16:4.0;17:12.0;18:10.0
2023,4372485,Rondale Moore,WR,105.0,6.18,1:7.5;2:2.4;3:16.2;4:0.0;5:10.6;6:6.6;7:4.6;8:4.1;9:1.8;10:9.3;11:12.4;12:5.5;13:1.6;15:2.8;16:5.6;17:6.4;18:7.6
2023,4426502,Drake London,WR,174.38,10.9,1:0.0;2:18.7;3:5.1;4:11.8;5:14.68;6:21.5;7:11.4;8:10.5;9:0.0;10:6.6;12:14.1;13:1.8;14:29.2;15:4.4;16:6.9;17:9.6;18:8.1
2023,4567048,Kenneth Walker III,RB,199.4,13.29,1:10.7;2:18.4;3:30.6;4:13.9;6:17.9;7:13.1;8:8.0;9:2.7;10:19.7;11:2.6;12:0.0;13:0.0;14:9.4;15:20.2;16:6.6;17:16.5;18:9.1
2023,4572680,Tucker Kraft,TE,78.5,4.62,1:0.0;2:0.0;3:0.0;4:2.5;5:0.0;7:0.0;8:0.0;9:0.0;10:1.6;11:5.2;12:9.5;13:6.7;14:10.4;15:15.7;16:10.0;17:10.8;18:6.1
2023,4569609,Evan Hull,RB,1.7,1.7,1:1.7;2:0.0;3:0.0;4:0.0;5:0.0;6:0.0;7:0.0;8:0.0;9:0.0;10:0.0;12:0.0;13:0.0;14:0.0;15:0.0;16:0.0;17:0.0;18:0.0
2023,4362249,Jayden Reed,WR,217.2,13.58,1:6.6;2:19.7;3:9.3;4:10.5;5:1.7;7:11.1;8:12.3;9:7.0;10:19.4;11:19.2;12:15.0;13:5.6;14:20.5;15:17.2;16:0.0;17:26.9;18:15.2
2023,4379399,James Cook,RB,232.7,13.69,1:10.3;2:19.9;3:13.2;4:14.7;5:5.1;6:7.1;7:19.2;8:8.3;9:7.9;10:12.0;11:19.2;12:16.0;14:25.1;15:36.1;16:5.0;17:5.4;18:8.2
2023,4262921,Justin Jefferson,WR,202.2,20.22,1:24.0;2:24.9;3:27.9;4:26.5;5:5.8;6:0.0;7:0.0;8:0.0;9:0.0;10:0.0;11:0.0;12:0.0;14:4.7;15:15.4;16:26.1;17:10.9;18:36.0
2023,4426386,Roschon Johnson,RB,102.1,6.81,1:17.5;2:6.2;3:6.9;4:2.5;5:1.9;6:0.0;7:0.0;8:6.1;9:2.5;10:7.2;11:3.0;12:12.5;14:0.6;15:10.0;16:8.3;17:14.9;18:2.0
2023,4426385,Zach Charbonnet,RB,106.1,6.63,1:1.1;2:5.0;3:5.5;4:5.0;6:3.9;7:0.0;8:8.4;9:2.3;10:10.2;11:12.9;12:9.8;13:16.9;14:5.8;15:1.6;16:0.6;17:9.1;18:8.0
2023,4430737,Kyren Williams,RB,255.0,21.25,1:17.4;2:28.0;3:8.5;4:27.7;5:7.7;6:21.8;7:0.0;8:0.0;9:0.0;11:0.0;12:38.4;13:20.2;14:14.3;15:24.5;16:16.4;17:30.1;18:0.0
2023,4258195,Donovan Peoples-Jones,WR,28.5,1.9,1:2.2;2:1.7;3:7.9;4:1.7;6:0.0;7:4.2;8:0.0;10:0.0;11:0.0;12:0.0;13:0.0;14:2.7;15:1.5;16:2.1;17:0.0;18:4.5
2023,4429205,Jordan Addison,WR,221.3,13.02,1:16.1;2:16.2;3:11.2;4:0.0;5:18.4;6:11.8;7:31.3;8:21.4;9:10.2;10:10.9;11:7.4;12:9.9;14:4.7;15:29.1;16:1.2;17:5.8;18:15.7
2023,4426388,Jameson Williams,WR,80.3,6.69,1:0.0;2:0.0;3:0.0;4:0.0;5:2.2;6:13.3;7:0.0;8:3.6;10:3.8;11:12.4;12:7.1;13:10.0;14:0.4;15:8.7;16:9.3;17:9.5;18:0.0
2023,4361370,Chris Olave,WR,231.3,14.46,1:19.2;2:14.6;3:18.4;4:1.4;5:9.2;6:16.6;7:12.7;8:9.6;9:16.6;10:21.4;12:18.4;13:16.9;14:12.8;15:0.0;16:23.3;17:5.6;18:14.6
2023,4385690,Dalton Kincaid,TE,150.3,9.39,1:6.6;2:9.3;3:2.3;4:6.7;5:3.9;6:0.0;7:15.5;8:17.5;9:16.1;10:16.1;11:10.6;12:8.8;14:7.1;15:0.0;16:1.7;17:12.7;18:15.4
2023,4245661,Lucas Havrisik,K,65.0,7.22,8:7.0;9:4.0;11:5.0;12:6.0;13:10.0;14:13.0;15:7.0;16:11.0;17:2.0
2023,4373678,Khalil Shakir,WR,113.1,6.65,1:0.0;2:8.1;3:1.5;4:0.0;5:2.1;6:2.3;7:7.5;8:15.2;9:9.7;10:3.4;11:20.5;12:7.7;14:2.2;15:0.0;16:7.5;17:8.9;18:16.5
2023,4688813,Josh Downs,WR,157.1,9.24,1:6.0;2:7.7;3:13.7;4:5.4;5:15.7;6:13.1;7:23.5;8:14.2;9:2.0;10:6.0;12:9.3;13:4.4;14:6.2;15:4.9;16:9.9;17:7.3;18:7.8
2023,4372414,Elijah Moore,WR,132.1,7.77,1:9.2;2:7.1;3:11.8;4:2.0;6:6.7;7:9.9;8:5.0;9:3.4;10:15.4;11:12.0;12:5.4;13:12.3;14:7.2;15:3.7;16:3.9;17:17.1;18:0.0
2023,4360635,Chigoziem Okonkwo,TE,113.4,6.67,1:0.0;2:7.5;3:3.7;4:5.9;5:8.3;6:3.8;8:6.7;9:5.8;10:5.7;11:1.6;12:8.5;13:9.4;14:9.6;15:6.6;16:18.3;17:6.4;18:5.6
2023,4361409,Jahan Dotson,WR,124.8,7.34,1:9.0;2:5.2;3:4.1;4:12.7;5:6.0;6:0.0;7:9.3;8:24.8;9:16.9;10:0.0;11:11.3;12:10.2;13:4.3;15:2.2;16:5.1;17:0.0;18:3.7
2023,4432577,C.J. Stroud,QB,276.02,18.4,1:10.68;2:21.46;3:20.6;4:21.84;5:14.16;6:14.16;8:12.9;9:41.8;10:19.04;11:15.34;12:30.86;13:16.06;14:3.64;15:0.0;16:0.0;17:12.92;18:20.56
2023,4599739,Kendre Miller,RB,43.3,5.41,1:0.0;2:0.0;3:4.4;4:1.8;5:13.0;6:2.2;7:0.0;8:2.9;9:4.1;10:0.0;12:0.0;13:0.0;14:0.0;15:0.0;16:0.0;17:0.0;18:14.9
2023,4361411,Pat Freiermuth,TE,76.8,6.4,1:7.3;2:1.2;3:13.1;4:3.7;5:0.0;7:0.0;8:0.0;9:0.0;10:0.0;11:1.7;12:21.0;13:5.9;14:6.8;15:4.6;16:0.0;17:7.4;18:4.1
2023,4361418,Will Levis,QB,102.02,11.34,1:0.0;2:0.0;3:0.0;4:0.0;5:0.0;6:0.0;8:26.62;9:8.68;10:5.96;11:12.52;12:7.1;13:11.46;14:16.58;15:14.46;16:0.0;17:-1.36;18:0.0
2023,4243537,Gabe Davis,WR,161.4,9.49,1:5.2;2:21.2;3:10.3;4:15.1;5:22.0;6:3.1;7:1.6;8:23.7;9:0.0;10:9.6;11:0.0;12:22.5;14:0.0;15:0.0;16:23.0;17:4.1;18:0.0
2023,4361050,Isaiah Likely,TE,101.1,5.95,1:1.4;2:1.8;3:3.0;4:0.0;5:0.0;6:0.0;7:0.0;8:2.0;9:8.2;10:1.5;11:0.0;12:8.0;14:19.3;15:18.0;16:8.6;17:18.2;18:11.1
2023,4427095,DeMario Douglas,WR,107.2,7.66,1:8.0;2:1.9;3:3.0;4:6.5;5:3.4;6:0.0;7:11.4;8:7.9;9:10.5;10:14.4;12:10.9;13:0.0;14:0.0;15:6.3;16:12.4;17:7.3;18:3.3
2023,4569173,Rhamondre Stevenson,RB,145.7,12.14,1:14.9;2:15.0;3:7.2;4:6.0;5:2.4;6:18.0;7:14.5;8:7.0;9:22.9;10:13.2;12:21.7;13:2.9;14:0.0;15:0.0;16:0.0;17:0.0;18:0.0
2023,4360797,Tutu Atwell,WR,112.4,7.03,1:17.9;2:15.2;3:17.2;4:7.4;5:8.9;6:4.0;7:10.1;8:6.9;9:5.3;11:2.7;12:10.6;13:1.9;14:0.0;15:0.0;16:0.0;17:0.0;18:4.3
2023,4361307,Trey McBride,TE,181.5,10.68,1:4.3;2:5.2;3:1.2;4:1.5;5:3.7;6:10.2;7:5.9;8:25.5;9:5.2;10:21.1;11:9.3;12:13.0;13:22.9;15:20.2;16:9.1;17:10.8;18:12.4
2023,4362081,Cameron Dicker,K,149.0,8.76,1:12.0;2:10.0;3:3.0;4:6.0;6:5.0;7:7.0;8:16.0;9:11.0;10:9.0;11:8.0;12:4.0;13:6.0;14:1.0;15:3.0;16:21.0;17:12.0;18:15.0
2023,4372066,Jake Moody,K,127.0,7.47,1:14.0;2:14.0;3:12.0;4:5.0;5:6.0;6:3.0;7:6.0;8:5.0;10:10.0;11:9.0;12:7.0;13:6.0;14:4.0;15:10.0;16:6.0;17:9.0;18:1.0
2023,4427366,Breece Hall,RB,290.5,17.09,1:15.7;2:0.9;3:3.7;4:9.9;5:28.4;6:20.3;8:21.3;9:10.0;10:10.5;11:18.3;12:11.9;13:10.5;14:26.6;15:2.8;16:43.1;17:27.6;18:29.0
2023,4360294,Antonio Gibson,RB,127.4,7.96,1:0.9;2:8.3;3:3.4;4:3.6;5:10.4;6:8.6;7:5.1;8:9.2;9:12.6;10:16.5;11:0.0;12:6.7;13:11.2;15:8.5;16:10.2;17:5.6;18:6.6
2023,4362087,Keaontay Ingram,RB,14.0,1.75,1:-0.4;2:0.6;3:3.1;4:0.0;5:0.0;6:7.1;7:0.0;8:2.6;9:0.8;10:0.2;11:0.0;12:0.0;17:0.0;18:0.0
2023,4429160,De'Von Achane,RB,190.7,17.34,1:0.0;2:1.9;3:51.3;4:27.0;5:21.5;6:0.0;7:0.0;8:0.0;9:0.0;11:1.5;12:0.0;13:25.3;14:12.1;15:9.2;16:4.1;17:23.7;18:13.1
2023,4361579,Javonte Williams,RB,179.2,11.2,1:9.7;2:7.8;3:8.5;4:3.9;5:0.0;6:7.2;7:12.6;8:18.8;10:21.0;11:7.3;12:10.1;13:10.0;14:18.1;15:4.0;16:10.9;17:8.8;18:20.5
2023,4426354,George Pickens,WR,208.8,12.28,1:8.6;2:22.7;3:11.5;4:5.5;5:26.6;7:15.7;8:9.2;9:1.9;10:7.5;11:7.7;12:8.8;13:12.6;14:6.9;15:7.7;16:35.5;17:20.1;18:0.3
2023,4692590,Jalin Hyatt,WR,60.3,3.55,1:0.0;2:10.9;3:0.0;4:3.0;5:0.0;6:5.1;7:9.5;8:0.0;9:3.9;10:0.0;11:1.7;12:15.9;14:3.3;15:0.0;16:0.0;17:5.5;18:1.5
2023,4596334,Keaton Mitchell,RB,69.9,8.74,1:0.0;2:0.0;3:0.0;4:0.0;5:0.0;6:0.0;7:1.9;8:0.0;9:20.4;10:13.6;11:5.1;12:10.9;14:7.2;15:10.8;16:0.0;17:0.0;18:0.0
2023,4430191,Skyy Moore,WR,53.7,3.84,1:0.4;2:16.0;3:8.2;4:1.9;5:3.1;6:4.2;7:3.5;8:1.8;9:5.3;11:1.4;12:6.4;13:1.5;14:0.0;15:0.0;16:0.0;17:0.0;18:0.0
2023,4243315,Salvon Ahmed,RB,42.9,5.36,1:1.1;2:7.1;3:0.0;4:0.0;5:0.0;6:12.4;7:1.3;8:5.7;9:3.2;11:12.1;12:0.0;13:0.0;14:0.0;15:0.0;16:0.0;17:0.0;18:0.0
2023,4360310,Trevor Lawrence,QB,262.54,16.41,1:17.74;2:9.24;3:14.36;4:16.48;5:15.7;6:14.74;7:18.06;8:14.68;10:2.1;11:32.18;12:24.56;13:25.12;14:17.38;15:14.66;16:9.34;17:0.0;18:16.2
2023,4360569,Jordan Mason,RB,44.7,2.63,1:0.0;2:0.0;3:1.1;4:3.3;5:12.9;6:8.7;7:0.0;8:0.0;10:0.0;11:0.0;12:0.0;13:1.0;14:9.6;15:2.0;16:0.0;17:0.3;18:5.8
2023,4567156,Treylon Burks,WR,39.9,3.63,1:4.7;2:10.6;3:1.5;4:0.0;5:0.0;6:0.0;8:0.0;9:4.8;10:0.0;11:0.0;12:0.0;13:0.0;14:1.6;15:9.4;16:4.2;17:3.1;18:0.0
2023,4373626,Tyler Allgeier,RB,137.6,8.09,1:24.4;2:4.8;3:4.9;4:2.2;5:6.0;6:5.1;7:14.2;8:3.1;9:11.0;10:4.8;12:6.4;13:2.6;14:4.0;15:6.1;16:15.8;17:15.8;18:6.4
2023,4258173,Nico Collins,WR,260.4,17.36,1:14.0;2:27.6;3:5.4;4:35.8;5:6.9;6:12.0;8:7.0;9:14.4;10:0.0;11:13.5;12:23.4;13:34.1;14:2.3;15:0.0;16:13.8;17:15.7;18:34.5
2023,4426875,Sam Howell,QB,257.54,15.15,1:15.18;2:21.26;3:0.6;4:19.6;5:25.42;6:18.34;7:9.46;8:30.98;9:17.7;10:24.18;11:17.74;12:17.3;13:19.18;15:8.28;16:-1.76;17:6.66;18:7.42
2023,4373632,Jaren Hall,QB,2.12,0.71,1:0.0;2:0.0;3:0.0;4:0.0;5:0.0;6:0.0;7:0.0;8:-1.18;9:4.22;10:0.0;11:0.0;12:0.0;14:0.0;15:0.0;16:0.0;17:-0.92;18:0.0
2023,4243331,Cade Otton,TE,116.5,6.85,1:3.9;2:10.1;3:2.6;4:10.3;6:2.5;7:9.3;8:8.7;9:23.0;10:3.0;11:8.9;12:8.5;13:0.0;14:9.6;15:6.4;16:1.7;17:3.0;18:5.0
2023,4686472,Marvin Mims Jr.,WR,70.7,4.42,1:2.9;2:20.3;3:16.6;4:6.7;5:-0.6;6:0.0;7:-1.1;8:1.0;10:-0.3;11:3.2;12:5.5;13:2.3;14:3.1;15:1.1;16:7.3;17:0.0;18:2.7
2023,4362628,Ja'Marr Chase,WR,262.72,16.42,1:9.1;2:8.1;3:26.1;4:14.3;5:52.2;6:14.0;8:25.2;9:8.1;10:23.4;11:9.2;12:12.1;13:31.62;14:5.9;15:10.4;16:0.0;17:7.1;18:5.9
2023,4569987,Jaylen Warren,RB,196.4,11.55,1:6.8;2:12.6;3:8.2;4:11.5;5:10.9;7:10.1;8:7.8;9:14.3;10:19.0;11:23.5;12:7.2;13:6.5;14:8.0;15:11.8;16:10.4;17:19.8;18:8.0
2023,4362887,Justin Fields,QB,230.18,17.71,1:14.54;2:14.74;3:10.66;4:27.9;5:32.98;6:4.92;7:0.0;8:0.0;9:0.0;10:0.0;11:21.16;12:10.58;14:24.72;15:9.64;16:24.5;17:25.22;18:8.62
2023,4361741,Brock Purdy,QB,295.6,18.48,1:16.8;2:14.74;3:20.3;4:21.32;5:26.08;6:7.7;7:12.78;8:18.3;10:23.84;11:26.72;12:10.46;13:29.46;14:21.42;15:25.68;16:2.4;17:17.6;18:0.0
2023,4428557,Tyjae Spears,RB,153.8,9.05,1:3.8;2:7.5;3:4.9;4:8.8;5:16.9;6:7.3;8:6.6;9:6.2;10:10.0;11:4.6;12:1.7;13:12.8;14:17.8;15:4.7;16:11.7;17:6.9;18:21.6
2023,4569618,Garrett Wilson,WR,213.2,12.54,1:14.4;2:16.3;3:9.8;4:15.0;5:8.4;6:17.0;8:17.6;9:13.0;10:18.3;11:0.9;12:17.4;13:8.0;14:20.1;15:5.9;16:15.8;17:9.9;18:5.4
2023,4371733,Kenneth Gainwell,RB,97.38,6.09,1:11.4;2:0.0;3:5.8;4:6.1;5:3.4;6:2.7;7:7.6;8:5.6;9:9.3;11:1.5;12:5.6;13:9.7;14:2.8;15:2.1;16:10.9;17:6.68;18:6.2
2023,4426515,Puka Nacua,WR,298.5,17.56,1:21.9;2:30.1;3:12.2;4:31.3;5:20.1;6:6.6;7:23.4;8:7.3;9:6.2;11:18.7;12:6.7;13:23.9;14:14.0;15:10.3;16:33.0;17:18.7;18:14.1
2023,4429086,Michael Mayer,TE,71.4,5.1,1:0.0;2:1.2;3:2.0;4:0.0;5:5.9;6:12.5;7:3.3;8:2.9;9:3.1;10:10.9;11:8.6;12:4.7;14:2.4;15:13.9;16:0.0;17:0.0;18:0.0
2023,4430878,Jaxon Smith-Njigba,WR,149.8,8.81,1:4.3;2:8.4;3:2.0;4:3.5;6:8.8;7:16.3;8:12.6;9:12.3;10:9.3;11:7.0;12:6.1;13:13.2;14:6.5;15:14.8;16:12.1;17:8.2;18:4.4
2023,4374302,Amon-Ra St. Brown,WR,330.9,20.68,1:19.1;2:14.2;3:19.6;4:16.6;5:0.0;6:30.4;7:23.2;8:16.8;10:30.5;11:21.7;12:18.5;13:12.9;14:5.1;15:24.2;16:28.6;17:22.1;18:27.4
2023,4429084,Anthony Richardson,QB,72.68,18.17,1:20.92;2:17.74;3:0.0;4:29.6;5:4.42;6:0.0;7:0.0;8:0.0;9:0.0;10:0.0;12:0.0;13:0.0;14:0.0;15:0.0;16:0.0;17:0.0;18:0.0
2023,4258595,Cole Kmet,TE,181.1,10.65,1:9.4;2:7.8;3:4.2;4:27.6;5:15.2;6:2.9;7:0.0;8:17.9;9:23.5;10:9.6;11:5.0;12:11.3;14:11.6;15:13.3;16:14.7;17:0.0;18:7.1
2023,4259619,Blake Grupe,K,143.0,8.41,1:12.0;2:8.0;3:4.0;4:10.0;5:14.0;6:7.0;7:10.0;8:8.0;9:7.0;10:4.0;12:18.0;13:4.0;14:3.0;15:8.0;16:2.0;17:12.0;18:12.0
2023,4360234,Evan McPherson,K,135.0,7.94,1:3.0;2:6.0;3:18.0;4:3.0;5:12.0;6:7.0;8:8.0;9:6.0;10:11.0;11:9.0;12:5.0;13:12.0;14:10.0;15:9.0;16:3.0;17:5.0;18:8.0
2023,4260394,Aidan O'Connell,QB,125.82,11.44,1:0.0;2:0.0;3:0.0;4:9.82;5:0.0;6:0.0;7:5.0;8:0.0;9:8.36;10:8.42;11:9.14;12:13.92;14:5.04;15:25.92;16:2.08;17:20.26;18:17.86
2023,4360238,Dameon Pierce,RB,82.7,5.91,1:6.7;2:5.5;3:14.9;4:11.8;5:9.2;6:3.4;8:4.6;9:0.0;10:0.0;11:0.0;12:2.8;13:10.1;14:1.7;15:0.3;16:8.6;17:3.1;18:0.0
2023,4428331,Rashee Rice,WR,212.5,13.28,1:11.6;2:4.0;3:10.9;4:6.2;5:13.3;6:11.2;7:17.0;8:9.6;9:9.7;11:8.2;12:24.7;13:14.4;14:18.2;15:24.1;16:11.7;17:17.7;18:0.0
2023,4361777,Zamir White,RB,73.9,4.35,1:1.7;2:0.2;3:0.0;4:1.5;5:0.0;6:2.9;7:5.8;8:0.0;9:-0.2;10:0.5;11:0.0;12:0.0;14:0.8;15:17.5;16:14.5;17:15.6;18:13.1
2023,4372016,Jaylen Waddle,WR,198.6,14.19,1:11.8;2:12.4;3:0.0;4:8.6;5:14.5;6:18.1;7:12.3;8:25.1;9:8.4;11:9.5;12:19.4;13:10.2;14:13.9;15:28.2;16:6.2;17:0.0;18:0.0
2023,4429615,Zay Flowers,WR,206.4,12.9,1:17.7;2:10.8;3:13.0;4:8.0;5:12.3;6:17.1;7:11.5;8:6.9;9:2.1;10:12.3;11:8.0;12:23.2;14:20.0;15:1.7;16:22.2;17:19.6;18:0.0
2023,4428085,Luke Musgrave,TE,75.2,6.84,1:8.0;2:4.5;3:10.9;4:1.1;5:9.4;7:7.0;8:2.9;9:14.1;10:8.4;11:6.8;12:0.0;13:0.0;14:0.0;15:0.0;16:0.0;17:0.0;18:2.1
2023,4372019,Jerome Ford,RB,211.2,12.42,1:1.6;2:24.1;3:19.1;4:9.5;6:11.1;7:17.4;8:4.9;9:12.7;10:11.9;11:11.9;12:11.9;13:14.2;14:13.2;15:7.1;16:9.3;17:26.1;18:5.2
2023,4360761,Michael Wilson,WR,114.5,8.81,1:3.9;2:8.6;3:10.6;4:26.6;5:2.8;6:9.2;7:5.6;8:9.8;9:0.0;10:6.4;11:0.0;12:0.0;13:0.0;15:0.0;16:0.0;17:15.5;18:15.5
2023,4361529,Isiah Pacheco,RB,213.9,15.28,1:9.4;2:8.0;3:15.8;4:24.8;5:13.4;6:15.8;7:16.0;8:6.7;9:6.6;11:10.1;12:25.9;13:21.3;14:0.0;15:0.0;16:10.6;17:29.5;18:0.0
2023,4360248,Kyle Pitts,TE,137.3,8.08,1:6.4;2:3.5;3:8.7;4:4.1;5:15.7;6:14.3;7:7.7;8:6.5;9:9.6;10:6.0;12:4.2;13:9.1;14:14.7;15:6.7;16:13.9;17:1.5;18:4.7
2023,4243003,Ronnie Rivers,RB,20.1,2.23,1:0.0;2:1.4;3:0.0;4:7.7;5:0.1;6:2.3;7:0.0;8:0.0;9:0.0;11:0.0;12:0.0;13:0.0;14:0.0;15:0.0;16:2.0;17:1.4;18:5.2
2023,4421446,Craig Reynolds,RB,29.6,1.74,1:0.0;2:1.5;3:1.5;4:0.0;5:11.2;6:6.3;7:3.5;8:7.6;10:0.0;11:-2.0;12:0.0;13:0.0;14:0.0;15:0.0;16:0.0;17:0.0;18:0.0
2024,2577327,Tyler Lockett,WR,121.0,7.12,1:13.7;2:3.5;3:9.6;4:11.1;5:11.5;6:16.5;7:8.5;8:1.9;9:15.3;11:3.9;12:4.0;13:4.6;14:0.0;15:3.2;16:3.9;17:5.0;18:4.8
2024,14993,Greg Zuerlein,K,35.0,4.38,1:1.0;2:6.0;3:5.0;4:9.0;5:5.0;6:6.0;7:0.0;8:3.0;9:0.0;10:0.0;11:0.0;13:0.0;14:0.0;15:0.0;16:0.0;17:0.0;18:0.0
2024,2971573,Ka'imi Fairbairn,K,166.0,9.76,1:17.0;2:20.0;3:0.0;4:6.0;5:16.0;6:11.0;7:12.0;8:11.0;9:7.0;10:12.0;11:10.0;12:10.0;13:13.0;15:9.0;16:7.0;17:0.0;18:5.0
2024,-16001,Falcons D/ST,D/ST,84.0,4.94,1:4.0;2:2.0;3:2.0;4:16.0;5:2.0;6:4.0;7:0.0;8:3.0;9:2.0;10:-1.0;11:-5.0;13:13.0;14:-2.0;15:21.0;16:26.0;17:3.0;18:-6.0
2024,-16002,Bills D/ST,D/ST,121.0,7.12,1:7.0;2:16.0;3:14.0;4:-3.0;5:2.0;6:4.0;7:12.0;8:10.0;9:2.0;10:17.0;11:8.0;13:13.0;14:-8.0;15:-4.0;16:13.0;17:15.0;18:3.0
2024,-16003,Bears D/ST,D/ST,95.0,5.59,1:26.0;2:5.0;3:5.0;4:7.0;5:15.0;6:11.0;8:-3.0;9:6.0;10:3.0;11:2.0;12:-1.0;13:1.0;14:-5.0;15:5.0;16:-5.0;17:11.0;18:12.0
2024,-16004,Bengals D/ST,D/ST,93.0,5.47,1:4.0;2:10.0;3:-2.0;4:1.0;5:-4.0;6:7.0;7:15.0;8:-4.0;9:11.0;10:-4.0;11:0.0;13:3.0;14:7.0;15:18.0;16:17.0;17:4.0;18:10.0
2024,3049899,Younghoe Koo,K,111.0,7.93,1:4.0;2:10.0;3:7.0;4:20.0;5:15.0;6:12.0;7:1.0;8:6.0;9:3.0;10:2.0;11:9.0;13:7.0;14:7.0;15:8.0;16:0.0;17:0.0;18:0.0
2024,-16005,Browns D/ST,D/ST,70.0,4.12,1:4.0;2:9.0;3:6.0;4:12.0;5:3.0;6:8.0;7:5.0;8:2.0;9:6.0;11:-3.0;12:5.0;13:0.0;14:5.0;15:0.0;16:6.0;17:6.0;18:-4.0
2024,-16006,Cowboys D/ST,D/ST,92.0,5.41,1:19.0;2:-1.0;3:-6.0;4:4.0;5:8.0;6:-7.0;8:-4.0;9:4.0;10:8.0;11:1.0;12:19.0;13:18.0;14:1.0;15:17.0;16:5.0;17:-4.0;18:10.0
2024,-16007,Broncos D/ST,D/ST,166.0,9.76,1:10.0;2:7.0;3:16.0;4:12.0;5:15.0;6:2.0;7:21.0;8:9.0;9:-3.0;10:5.0;11:12.0;12:8.0;13:13.0;15:19.0;16:2.0;17:3.0;18:15.0
2024,-16008,Lions D/ST,D/ST,100.0,5.88,1:3.0;2:9.0;3:8.0;4:1.0;6:19.0;7:5.0;8:13.0;9:6.0;10:10.0;11:10.0;12:6.0;13:5.0;14:4.0;15:-12.0;16:6.0;17:0.0;18:7.0
2024,3117256,Dalton Schultz,TE,118.2,6.95,1:4.6;2:4.1;3:3.1;4:6.4;5:7.4;6:6.7;7:3.8;8:9.2;9:5.1;10:9.6;11:8.3;12:4.0;13:17.1;15:3.3;16:15.5;17:4.1;18:5.9
2024,-16009,Packers D/ST,D/ST,140.0,8.24,1:4.0;2:10.0;3:23.0;4:6.0;5:11.0;6:9.0;7:7.0;8:4.0;9:3.0;11:4.0;12:13.0;13:7.0;14:1.0;15:16.0;16:15.0;17:0.0;18:7.0
2024,2310331,Tyler Johnson,WR,61.1,4.07,1:12.9;2:4.0;3:5.0;4:0.0;5:0.0;7:9.7;8:1.6;9:6.8;10:5.5;11:0.0;12:2.1;13:0.0;14:0.0;15:0.0;16:0.0;17:0.0;18:13.5
2024,-16010,Titans D/ST,D/ST,71.0,4.18,1:7.0;2:4.0;3:2.0;4:12.0;6:4.0;7:-1.0;8:1.0;9:13.0;10:0.0;11:4.0;12:12.0;13:-4.0;14:10.0;15:5.0;16:-5.0;17:4.0;18:3.0
2024,-16011,Colts D/ST,D/ST,74.0,4.35,1:2.0;2:2.0;3:10.0;4:5.0;5:-4.0;6:5.0;7:9.0;8:3.0;9:13.0;10:3.0;11:5.0;12:2.0;13:3.0;15:10.0;16:6.0;17:-4.0;18:4.0
2024,16800,Davante Adams,WR,241.3,17.24,1:10.9;2:26.0;3:8.0;4:0.0;5:0.0;6:0.0;7:6.0;8:9.4;9:22.1;10:9.1;11:13.2;13:17.6;14:25.9;15:42.8;16:19.8;17:9.7;18:20.8
2024,-16012,Chiefs D/ST,D/ST,98.0,5.76,1:-2.0;2:11.0;3:5.0;4:7.0;5:8.0;7:7.0;8:9.0;9:4.0;10:7.0;11:0.0;12:2.0;13:3.0;14:6.0;15:22.0;16:6.0;17:11.0;18:-8.0
2024,-16013,Raiders D/ST,D/ST,67.0,3.94,1:1.0;2:3.0;3:-4.0;4:10.0;5:4.0;6:4.0;7:6.0;8:3.0;9:5.0;11:0.0;12:0.0;13:5.0;14:6.0;15:10.0;16:6.0;17:13.0;18:-5.0
2024,3117251,Christian McCaffrey,RB,47.8,11.95,1:0.0;2:0.0;3:0.0;4:0.0;5:0.0;6:0.0;7:0.0;8:0.0;10:16.7;11:14.6;12:7.8;13:8.7;14:0.0;15:0.0;16:0.0;17:0.0;18:0.0
2024,-16014,Rams D/ST,D/ST,101.0,5.94,1:3.0;2:-5.0;3:0.0;4:5.0;5:10.0;7:17.0;8:7.0;9:18.0;10:9.0;11:8.0;12:-7.0;13:1.0;14:2.0;15:12.0;16:8.0;17:12.0;18:1.0
2024,-16015,Dolphins D/ST,D/ST,86.0,5.06,1:8.0;2:2.0;3:6.0;4:4.0;5:7.0;7:5.0;8:-1.0;9:2.0;10:9.0;11:5.0;12:13.0;13:-2.0;14:0.0;15:9.0;16:5.0;17:11.0;18:3.0
2024,-16016,Vikings D/ST,D/ST,152.0,8.94,1:21.0;2:12.0;3:14.0;4:3.0;5:18.0;7:10.0;8:0.0;9:12.0;10:15.0;11:12.0;12:6.0;13:2.0;14:2.0;15:9.0;16:5.0;17:7.0;18:4.0
2024,-16017,Patriots D/ST,D/ST,48.0,2.82,1:12.0;2:2.0;3:-1.0;4:2.0;5:9.0;6:0.0;7:-2.0;8:1.0;9:0.0;10:16.0;11:-4.0;12:8.0;13:6.0;15:-1.0;16:3.0;17:-6.0;18:3.0
2024,-16018,Saints D/ST,D/ST,66.0,3.88,1:16.0;2:6.0;3:6.0;4:3.0;5:-1.0;6:3.0;7:1.0;8:4.0;9:5.0;10:3.0;11:1.0;13:2.0;14:9.0;15:8.0;16:-4.0;17:2.0;18:2.0
2024,-16019,Giants D/ST,D/ST,77.0,4.53,1:5.0;2:2.0;3:15.0;4:3.0;5:18.0;6:7.0;7:4.0;8:3.0;9:-1.0;10:3.0;12:-4.0;13:0.0;14:9.0;15:-1.0;16:2.0;17:10.0;18:2.0
2024,2985659,Wil Lutz,K,157.0,9.24,1:11.0;2:6.0;3:16.0;4:4.0;5:13.0;6:5.0;7:18.0;8:4.0;9:4.0;10:0.0;11:9.0;12:22.0;13:11.0;15:8.0;16:12.0;17:6.0;18:8.0
2024,-16020,Jets D/ST,D/ST,89.0,5.24,1:-1.0;2:11.0;3:16.0;4:8.0;5:11.0;6:1.0;7:-5.0;8:4.0;9:13.0;10:-3.0;11:3.0;13:17.0;14:-2.0;15:3.0;16:4.0;17:-3.0;18:12.0
2024,-16021,Eagles D/ST,D/ST,138.0,8.12,1:0.0;2:0.0;3:8.0;4:2.0;6:8.0;7:15.0;8:8.0;9:11.0;10:20.0;11:7.0;12:9.0;13:2.0;14:4.0;15:10.0;16:7.0;17:20.0;18:7.0
2024,-16022,Cardinals D/ST,D/ST,88.0,5.18,1:8.0;2:12.0;3:3.0;4:-4.0;5:7.0;6:-2.0;7:7.0;8:2.0;9:13.0;10:11.0;12:12.0;13:9.0;14:-4.0;15:5.0;16:-1.0;17:5.0;18:5.0
2024,-16023,Steelers D/ST,D/ST,135.0,7.94,1:13.0;2:12.0;3:11.0;4:1.0;5:7.0;6:14.0;7:8.0;8:13.0;10:7.0;11:9.0;12:7.0;13:14.0;14:10.0;15:4.0;16:-1.0;17:-2.0;18:8.0
2024,-16024,Chargers D/ST,D/ST,117.0,6.88,1:15.0;2:11.0;3:4.0;4:8.0;6:7.0;7:3.0;8:8.0;9:19.0;10:10.0;11:-2.0;12:-1.0;13:17.0;14:5.0;15:-4.0;16:1.0;17:12.0;18:4.0
2024,3040151,George Kittle,TE,236.6,15.77,1:8.0;2:20.6;3:0.0;4:14.5;5:20.4;6:22.8;7:15.2;8:24.8;10:14.7;11:0.0;12:20.2;13:1.7;14:21.1;15:10.1;16:18.6;17:19.2;18:4.7
2024,-16025,49ers D/ST,D/ST,84.0,4.94,1:7.0;2:5.0;3:5.0;4:23.0;5:10.0;6:6.0;7:5.0;8:8.0;10:4.0;11:8.0;12:-1.0;13:-4.0;14:15.0;15:3.0;16:-2.0;17:-2.0;18:-6.0
2024,-16026,Seahawks D/ST,D/ST,121.0,7.12,1:11.0;2:5.0;3:12.0;4:1.0;5:7.0;6:-2.0;7:15.0;8:-1.0;9:3.0;11:7.0;12:19.0;13:16.0;14:5.0;15:0.0;16:5.0;17:16.0;18:2.0
2024,-16027,Buccaneers D/ST,D/ST,91.0,5.35,1:4.0;2:0.0;3:1.0;4:13.0;5:-2.0;6:17.0;7:-5.0;8:2.0;9:4.0;10:2.0;12:11.0;13:2.0;14:11.0;15:10.0;16:1.0;17:16.0;18:4.0
2024,3051926,Gus Edwards,RB,64.1,5.83,1:3.8;2:5.9;3:0.9;4:1.9;6:0.0;7:0.0;8:0.0;9:0.0;10:5.5;11:2.7;12:7.1;13:4.3;14:9.6;15:2.3;16:20.1;17:0.0;18:0.0
2024,-16028,Commanders D/ST,D/ST,83.0,4.88,1:-3.0;2:3.0;3:-2.0;4:9.0;5:14.0;6:-2.0;7:18.0;8:6.0;9:4.0;10:6.0;11:-1.0;12:4.0;13:8.0;15:7.0;16:7.0;17:4.0;18:1.0
2024,3045523,Kendrick Bourne,WR,65.1,5.42,1:0.0;2:0.0;3:0.0;4:0.0;5:1.6;6:2.9;7:2.4;8:0.0;9:8.1;10:0.0;11:18.0;12:6.0;13:7.5;15:7.4;16:3.8;17:4.2;18:3.2
2024,-16030,Jaguars D/ST,D/ST,36.0,2.12,1:0.0;2:5.0;3:-4.0;4:1.0;5:2.0;6:3.0;7:11.0;8:-1.0;9:7.0;10:7.0;11:-12.0;13:2.0;14:8.0;15:-3.0;16:2.0;17:8.0;18:0.0
2024,15795,DeAndre Hopkins,WR,147.0,9.19,1:1.8;2:1.9;3:19.3;4:5.1;6:9.4;7:0.8;8:4.9;9:28.6;10:9.6;11:5.9;12:14.5;13:13.0;14:13.2;15:8.6;16:7.7;17:2.7;18:0.0
2024,-16033,Ravens D/ST,D/ST,106.0,6.24,1:3.0;2:9.0;3:2.0;4:10.0;5:-1.0;6:5.0;7:1.0;8:0.0;9:9.0;10:-1.0;11:6.0;12:6.0;13:4.0;15:8.0;16:14.0;17:14.0;18:17.0
2024,-16034,Texans D/ST,D/ST,139.0,8.18,1:4.0;2:16.0;3:5.0;4:1.0;5:3.0;6:14.0;7:11.0;8:9.0;9:4.0;10:10.0;11:17.0;12:18.0;13:1.0;15:16.0;16:0.0;17:-1.0;18:11.0
2024,2977187,Cooper Kupp,WR,175.0,14.58,1:32.0;2:7.7;3:0.0;4:0.0;5:0.0;7:0.0;8:16.1;9:21.4;10:15.0;11:28.6;12:20.0;13:4.7;14:20.2;15:0.0;16:5.4;17:3.9;18:0.0
2024,12483,Matthew Stafford,QB,214.58,13.41,1:14.68;2:6.64;3:12.84;4:4.86;5:12.4;7:3.96;8:24.76;9:17.92;10:9.72;11:27.8;12:19.22;13:15.62;14:20.8;15:8.2;16:6.0;17:9.16;18:0.0
2024,3043234,Zane Gonzalez,K,36.0,6.0,10:11.0;11:5.0;12:0.0;13:4.0;15:0.0;16:4.0;17:6.0;18:6.0
2024,15818,Keenan Allen,WR,184.4,12.29,1:6.9;2:0.0;3:0.0;4:4.9;5:6.3;6:21.1;8:5.9;9:7.6;10:9.4;11:8.1;12:23.6;13:24.3;14:6.0;15:20.2;16:29.1;17:7.5;18:3.5
2024,2976499,Amari Cooper,WR,122.7,8.76,1:3.6;2:4.1;3:27.6;4:7.5;5:10.0;6:8.2;7:16.6;8:1.3;9:0.0;10:0.0;11:7.5;13:4.2;14:15.5;15:0.0;16:2.0;17:14.6;18:0.0
2024,3050478,Jake Elliott,K,133.0,7.82,1:10.0;2:7.0;3:0.0;4:2.0;6:9.0;7:4.0;8:15.0;9:4.0;10:10.0;11:6.0;12:13.0;13:6.0;14:1.0;15:10.0;16:18.0;17:11.0;18:7.0
2024,15835,Zach Ertz,TE,177.4,10.44,1:5.8;2:10.2;3:8.8;4:7.2;5:3.0;6:10.8;7:14.0;8:14.7;9:1.5;10:7.1;11:18.7;12:15.8;13:12.5;15:4.5;16:2.2;17:25.2;18:15.4
2024,17372,Chris Boswell,K,188.0,11.06,1:26.0;2:9.0;3:7.0;4:8.0;5:6.0;6:17.0;7:14.0;8:14.0;10:4.0;11:24.0;12:7.0;13:15.0;14:11.0;15:8.0;16:7.0;17:4.0;18:7.0
2024,2468609,Taysom Hill,TE,102.34,12.79,1:4.6;2:2.9;3:0.0;4:14.4;5:0.0;6:0.0;7:0.0;8:6.22;9:16.0;10:7.0;11:41.52;13:9.7;14:0.0;15:0.0;16:0.0;17:0.0;18:0.0
2024,3043078,Derrick Henry,RB,336.4,19.79,1:10.6;2:16.6;3:30.4;4:35.9;5:16.6;6:25.2;7:25.2;8:14.7;9:26.3;10:14.1;11:10.5;12:14.0;13:14.1;15:6.7;16:20.9;17:24.5;18:30.1
2024,2577417,Dak Prescott,QB,116.52,14.57,1:11.46;2:12.92;3:29.86;4:16.74;5:16.38;6:3.22;8:13.62;9:12.32;10:0.0;11:0.0;12:0.0;13:0.0;14:0.0;15:0.0;16:0.0;17:0.0;18:0.0
2024,3054850,Alvin Kamara,RB,265.3,18.95,1:22.0;2:44.0;3:15.7;4:24.9;5:12.6;6:17.4;7:8.4;8:18.2;9:27.5;10:15.9;11:12.9;13:15.9;14:12.9;15:17.0;16:0.0;17:0.0;18:0.0
2024,15847,Travis Kelce,TE,195.4,12.21,1:6.4;2:1.6;3:7.0;4:15.9;5:16.0;7:5.7;8:25.0;9:22.0;10:20.4;11:2.8;12:12.2;13:13.8;14:9.5;15:6.7;16:8.0;17:22.4;18:0.0
2024,2576336,Ameer Abdullah,RB,125.2,7.82,1:0.0;2:2.2;3:3.3;4:0.0;5:14.1;6:4.8;7:0.0;8:2.1;9:5.6;11:10.7;12:17.5;13:7.3;14:0.8;15:19.6;16:19.5;17:17.7;18:0.0
2024,3042519,Aaron Jones,RB,241.6,14.21,1:18.9;2:9.8;3:25.8;4:17.9;5:6.3;7:20.6;8:11.5;9:12.2;10:12.1;11:5.3;12:19.9;13:9.8;14:16.4;15:18.6;16:12.3;17:11.7;18:12.5
2024,2976212,Stefon Diggs,WR,121.92,15.24,1:21.9;2:7.7;3:19.92;4:18.5;5:14.2;6:19.7;7:7.3;8:12.7;9:0.0;10:0.0;11:0.0;12:0.0;13:0.0;15:0.0;16:0.0;17:0.0;18:0.0
2024,8439,Aaron Rodgers,QB,256.58,15.09,1:8.58;2:15.14;3:21.04;4:11.6;5:11.76;6:17.76;7:13.04;8:17.32;9:20.34;10:4.04;11:16.06;13:14.0;14:17.56;15:30.06;16:12.84;17:0.48;18:24.96
2024,15864,Geno Smith,QB,266.0,15.65,1:17.84;2:17.88;3:11.36;4:21.6;5:22.56;6:12.48;7:17.78;8:8.08;9:22.12;11:15.74;12:12.36;13:12.44;14:13.32;15:4.46;16:21.36;17:8.3;18:26.32
2024,3059915,Kareem Hunt,RB,155.4,11.95,4:10.5;5:18.7;7:22.3;8:13.3;9:18.7;10:17.0;11:6.0;12:11.7;13:3.5;14:3.9;15:5.9;16:15.9;17:8.0;18:0.0
2024,3120348,JuJu Smith-Schuster,WR,53.1,3.79,1:0.0;2:0.0;3:9.7;4:0.0;5:20.0;7:0.0;8:0.0;9:0.0;10:0.0;11:1.8;12:1.6;13:2.0;14:5.1;15:7.7;16:0.0;17:3.8;18:1.4
2024,2973405,Kalif Raymond,WR,56.5,4.71,1:1.2;2:5.7;3:0.0;4:1.9;6:11.3;7:12.9;8:15.4;9:1.0;10:0.0;11:5.0;12:0.0;13:0.0;14:0.0;15:0.0;16:0.0;17:0.0;18:2.1
2024,3116593,Dalvin Cook,RB,4.0,2.0,1:0.0;2:0.0;3:0.0;4:0.0;5:0.0;6:0.0;8:3.2;9:0.8;10:0.0;11:0.0;12:0.0;13:0.0;14:0.0;15:0.0;16:0.0;17:0.0;18:0.0
2024,3052587,Baker Mayfield,QB,365.8,21.52,1:29.66;2:18.8;3:8.52;4:28.88;5:23.4;6:25.9;7:27.0;8:22.3;9:18.0;10:8.94;12:18.66;13:10.2;14:19.0;15:28.02;16:22.32;17:34.56;18:21.64
2024,2330,Tom Brady,QB,0.0,0.0,1:0.0;2:0.0;3:0.0;4:0.0;5:0.0;6:0.0;7:0.0;8:0.0;9:0.0;10:0.0;12:0.0;13:0.0;14:0.0;15:0.0;16:0.0;17:0.0;18:0.0
2024,3043116,Demarcus Robinson,WR,123.5,7.26,1:8.2;2:7.0;3:4.2;4:5.7;5:11.8;7:1.9;8:17.5;9:27.4;10:3.3;11:3.9;12:9.5;13:12.9;14:0.0;15:0.0;16:0.0;17:0.0;18:10.2
2024,14880,Kirk Cousins,QB,176.32,12.59,1:6.2;2:17.54;3:11.1;4:7.52;5:34.36;6:12.5;7:7.18;8:28.64;9:17.78;10:10.24;11:4.92;13:2.1;14:9.76;15:6.48;16:0.0;17:0.0;18:0.0
2024,14881,Russell Wilson,QB,172.78,15.71,1:0.0;2:0.0;3:0.0;4:0.0;5:0.0;6:0.0;7:24.86;8:13.82;10:18.1;11:6.3;12:13.8;13:26.86;14:16.02;15:8.42;16:15.38;17:17.7;18:11.52
2024,3121427,Curtis Samuel,WR,63.7,4.55,1:3.5;2:1.3;3:5.2;4:3.5;5:0.9;6:7.4;7:0.0;8:0.0;9:0.0;10:7.5;11:16.8;13:0.7;14:3.6;15:1.1;16:0.0;17:0.0;18:12.2
2024,3045138,Mike Williams,WR,56.8,3.16,2:2.9;3:6.4;4:10.7;5:4.5;6:0.0;7:2.5;8:0.0;9:1.6;10:10.2;11:0.0;12:0.0;13:0.0;14:6.6;15:2.5;16:5.4;17:0.0;18:3.5
2024,3121422,Terry McLaurin,WR,267.8,15.75,1:3.7;2:8.2;3:20.0;4:18.2;5:13.4;6:23.3;7:15.8;8:17.5;9:15.9;10:16.3;11:2.0;12:21.2;13:27.3;15:26.3;16:17.0;17:1.5;18:20.2
2024,3046439,Hunter Henry,TE,145.4,9.09,1:3.8;2:18.9;3:2.9;4:3.2;5:5.2;6:13.1;7:17.2;8:9.5;9:12.6;10:2.4;11:12.3;12:9.4;13:14.5;15:6.5;16:13.9;17:0.0;18:0.0
2024,2576414,Raheem Mostert,RB,70.9,5.45,1:3.9;2:0.0;3:0.0;4:0.0;5:11.8;7:3.0;8:16.0;9:8.8;10:5.4;11:-0.2;12:1.2;13:5.4;14:0.0;15:5.1;16:6.6;17:3.9;18:0.0
2024,15683,Justin Tucker,K,135.0,7.94,1:7.0;2:12.0;3:3.0;4:5.0;5:13.0;6:13.0;7:13.0;8:6.0;9:11.0;10:3.0;11:4.0;12:7.0;13:7.0;15:5.0;16:12.0;17:9.0;18:5.0
2024,3122976,Jeff Wilson Jr.,RB,10.6,1.18,1:2.6;2:3.2;3:1.4;4:0.0;5:0.0;7:0.0;8:0.0;9:0.0;10:0.0;11:0.0;12:0.0;13:0.0;14:2.1;15:0.0;16:1.2;17:0.5;18:-0.4
2024,3045147,James Conner,RB,253.8,15.86,1:19.3;2:19.4;3:3.5;4:18.3;5:14.0;6:6.6;7:17.2;8:14.9;9:14.9;10:22.3;12:9.9;13:11.1;14:22.2;15:30.8;16:26.6;17:2.8;18:0.0
2024,3055899,Harrison Butker,K,96.0,7.38,1:9.0;2:10.0;3:13.0;4:4.0;5:13.0;7:4.0;8:10.0;9:7.0;10:10.0;11:0.0;12:0.0;13:0.0;14:0.0;15:2.0;16:10.0;17:5.0;18:-1.0
2024,16460,Adam Thielen,WR,139.5,13.95,1:7.9;2:4.0;3:13.0;4:0.0;5:0.0;6:0.0;7:0.0;8:0.0;9:0.0;10:0.0;12:8.7;13:23.9;14:19.2;15:10.1;16:15.3;17:28.0;18:9.4
2024,3116406,Tyreek Hill,WR,218.2,12.84,1:26.0;2:6.6;3:7.0;4:8.2;5:12.9;7:2.3;8:13.2;9:12.0;10:11.7;11:19.1;12:9.8;13:20.3;14:28.1;15:5.6;16:11.9;17:19.5;18:4.0
2024,3068267,Austin Ekeler,RB,132.3,11.03,1:10.2;2:11.5;3:13.7;4:0.0;5:11.7;6:10.8;7:4.0;8:7.8;9:17.3;10:18.1;11:17.6;12:4.4;13:0.0;15:0.0;16:0.0;17:0.0;18:5.2
2024,3051909,Daniel Carlson,K,139.0,8.18,1:3.0;2:18.0;3:1.0;4:10.0;5:5.0;6:1.0;7:16.0;8:10.0;9:7.0;11:7.0;12:15.0;13:2.0;14:7.0;15:5.0;16:7.0;17:15.0;18:10.0
2024,3116165,Chris Godwin,WR,137.8,19.69,1:22.3;2:24.7;3:17.3;4:12.9;5:11.6;6:35.5;7:13.5;8:0.0;9:0.0;10:0.0;12:0.0;13:0.0;14:0.0;15:0.0;16:0.0;17:0.0;18:0.0
2024,16737,Mike Evans,WR,240.4,17.17,1:23.1;2:7.2;3:3.7;4:23.4;5:23.2;6:5.4;7:9.5;8:0.0;9:0.0;10:0.0;12:11.8;13:25.8;14:10.9;15:36.9;16:11.9;17:29.7;18:17.9
2024,3116164,Mike Gesicki,TE,141.5,8.32,1:4.8;2:16.1;3:8.7;4:0.1;5:5.1;6:0.0;7:1.2;8:12.3;9:27.0;10:7.0;11:0.0;13:10.3;14:5.4;15:6.7;16:3.4;17:18.6;18:14.8
2024,3123076,David Njoku,TE,148.5,13.5,1:8.4;2:0.0;3:0.0;4:0.0;5:2.4;6:8.1;7:23.6;8:17.1;9:7.9;11:19.1;12:3.9;13:26.2;14:17.2;15:0.0;16:14.6;17:0.0;18:0.0
2024,3054212,Jonnu Smith,TE,222.3,13.08,1:1.7;2:11.3;3:3.8;4:0.0;5:11.1;7:22.6;8:6.0;9:9.6;10:7.5;11:28.1;12:23.7;13:21.3;14:13.4;15:19.8;16:12.2;17:11.6;18:18.6
2024,3051392,Ezekiel Elliott,RB,57.5,3.83,1:12.9;2:5.2;3:2.2;4:3.4;5:1.7;6:1.7;8:10.8;9:0.0;10:0.2;11:5.4;12:0.6;13:0.4;14:1.6;15:5.1;16:6.1;17:0.2
2024,3121023,Dallas Goedert,TE,103.6,10.36,1:7.1;2:6.8;3:27.0;4:13.2;6:0.0;7:0.0;8:0.0;9:0.0;10:10.5;11:11.1;12:5.9;13:12.5;14:0.0;15:0.0;16:0.0;17:0.0;18:9.5
2024,3046779,Jared Goff,QB,324.46,19.09,1:11.38;2:8.78;3:14.56;4:27.18;6:25.1;7:18.8;8:15.5;9:9.6;10:7.8;11:34.58;12:10.76;13:16.94;14:22.02;15:41.06;16:25.34;17:25.82;18:9.24
2024,2969939,Jameis Winston,QB,131.14,10.93,1:0.0;2:0.4;3:0.1;4:0.0;5:0.34;6:0.0;7:8.68;8:23.56;9:10.1;11:26.6;12:13.46;13:32.98;14:15.28;15:-0.36;16:0.0;17:0.0;18:0.0
2024,2976592,Sterling Shepard,WR,80.3,5.74,3:0.0;4:8.1;5:7.4;6:8.4;7:4.5;8:4.8;9:10.9;10:2.0;12:6.6;13:8.2;14:10.3;15:2.6;16:4.4;17:0.0;18:2.1
2024,16757,Derek Carr,QB,150.9,15.09,1:21.3;2:21.82;3:7.98;4:8.06;5:12.6;6:0.0;7:0.0;8:0.0;9:13.44;10:20.46;11:18.72;13:14.56;14:11.96;15:0.0;16:0.0;17:0.0;18:0.0
2024,3116365,Mark Andrews,TE,188.8,11.11,1:3.4;2:9.1;3:0.0;4:0.0;5:9.5;6:15.6;7:20.1;8:14.6;9:4.6;10:18.8;11:4.2;12:15.6;13:18.9;15:10.4;16:13.8;17:14.8;18:15.4
2024,10621,Nick Folk,K,107.0,7.64,1:6.0;2:6.0;3:2.0;4:24.0;6:6.0;7:4.0;8:2.0;9:8.0;10:4.0;11:8.0;12:18.0;13:9.0;14:7.0;15:3.0;16:0.0;17:0.0;18:0.0
2024,3116389,Samaje Perine,RB,81.4,4.79,1:2.0;2:1.3;3:7.0;4:7.4;5:3.4;7:3.8;8:5.0;9:13.5;10:5.7;11:2.8;12:4.4;13:2.5;14:2.9;15:4.4;16:8.0;17:4.9;18:2.4
2024,3051876,Evan Engram,TE,89.5,9.94,1:1.5;2:0.0;3:0.0;4:0.0;5:0.0;6:18.2;7:8.5;8:13.6;9:11.5;10:10.0;11:7.8;13:11.1;14:7.3;15:0.0;16:0.0;17:0.0;18:0.0
2024,3116385,Joe Mixon,RB,240.5,17.18,1:26.8;2:8.0;3:0.0;4:0.0;5:0.0;6:27.2;7:26.4;8:23.4;9:16.6;10:17.0;11:35.3;12:9.5;13:21.9;15:10.6;16:8.1;17:5.9;18:3.8
2024,4248528,Christian Watson,WR,105.3,7.02,1:10.3;2:0.0;3:8.7;4:0.0;5:0.0;6:15.8;7:1.5;8:7.9;9:8.7;11:19.0;12:0.4;13:8.7;14:13.4;15:8.6;16:2.3;17:0.0;18:0.0
2024,4039358,Patrick Taylor Jr.,RB,29.8,2.29,1:0.0;2:0.0;3:0.0;4:0.0;5:0.0;6:3.8;7:0.0;8:0.9;14:8.5;15:0.0;16:3.5;17:0.0;18:13.1
2024,4259545,D'Andre Swift,RB,214.5,12.62,1:5.0;2:8.2;3:6.2;4:29.5;5:20.0;6:21.9;8:18.9;9:14.2;10:7.5;11:16.4;12:9.5;13:9.4;14:5.0;15:9.9;16:8.3;17:12.1;18:12.5
2024,4361432,Romeo Doubs,WR,132.1,10.16,1:9.0;2:9.2;3:2.8;4:7.9;5:0.0;6:19.9;7:17.4;8:10.2;9:6.8;11:2.7;12:8.4;13:0.0;14:0.0;15:19.0;16:4.0;17:14.8;18:0.0
2024,4241372,Hollywood Brown,WR,18.1,9.05,1:0.0;2:0.0;3:0.0;4:0.0;5:0.0;7:0.0;8:0.0;9:0.0;10:0.0;11:0.0;12:0.0;13:0.0;14:0.0;15:0.0;16:9.5;17:8.6;18:0.0
2024,3124679,Jason Sanders,K,162.0,9.53,1:9.0;2:4.0;3:2.0;4:9.0;5:11.0;7:3.0;8:11.0;9:9.0;10:15.0;11:11.0;12:12.0;13:3.0;14:16.0;15:8.0;16:21.0;17:10.0;18:8.0
2024,3929785,Nick Westbrook-Ikhine,WR,135.7,7.98,1:0.0;2:0.0;3:0.0;4:0.0;6:7.9;7:9.0;8:11.9;9:16.0;10:6.1;11:19.7;12:12.8;13:21.1;14:2.9;15:2.9;16:9.7;17:6.7;18:9.0
2024,3917232,Tyler Bass,K,141.0,8.29,1:10.0;2:7.0;3:12.0;4:5.0;5:8.0;6:4.0;7:10.0;8:7.0;9:14.0;10:13.0;11:6.0;13:4.0;14:6.0;15:14.0;16:8.0;17:8.0;18:5.0
2024,4241389,CeeDee Lamb,WR,263.4,17.56,1:13.6;2:19.0;3:8.7;4:23.6;5:11.4;6:16.1;8:39.6;9:16.2;10:8.4;11:18.6;12:16.8;13:5.9;14:21.4;15:26.6;16:17.5;17:0.0;18:0.0
2024,4360939,Rashod Bateman,WR,174.6,10.27,1:7.3;2:7.0;3:11.8;4:3.3;5:15.8;6:11.1;7:22.1;8:3.8;9:5.5;10:17.4;11:5.0;12:12.3;13:0.0;15:23.0;16:8.4;17:2.2;18:18.6
2024,3139477,Patrick Mahomes,QB,283.02,17.69,1:15.14;2:12.94;3:16.38;4:13.0;5:13.44;7:12.06;8:18.18;9:24.54;10:16.54;11:15.84;12:28.76;13:16.64;14:14.1;15:15.76;16:23.7;17:26.0;18:0.0
2024,3134353,Tim Patrick,WR,90.4,5.65,2:3.2;3:1.8;4:7.2;6:9.8;7:4.5;8:0.0;9:3.2;10:0.0;11:5.6;12:9.5;13:6.8;14:22.3;15:13.0;16:0.0;17:0.0;18:3.5
2024,4038815,Rico Dowdle,RB,197.8,12.36,1:4.2;2:9.9;3:8.6;4:13.1;5:19.4;6:10.5;8:0.0;9:21.7;10:8.6;11:5.4;12:10.8;13:21.3;14:15.1;15:14.9;16:8.1;17:9.8;18:16.4
2024,4360438,Brandon Aiyuk,WR,62.4,8.91,1:4.8;2:8.3;3:9.8;4:6.8;5:22.7;6:5.7;7:4.3;8:0.0;10:0.0;11:0.0;12:0.0;13:0.0;14:0.0;15:0.0;16:0.0;17:0.0;18:0.0
2024,3128720,Nick Chubb,RB,63.3,7.91,1:0.0;2:0.0;3:0.0;4:0.0;5:0.0;6:0.0;7:10.2;8:5.2;9:4.5;11:5.0;12:19.0;13:12.5;14:4.8;15:2.1;16:0.0;17:0.0;18:0.0
2024,4241401,Trey Sermon,RB,53.8,3.16,1:0.0;2:1.7;3:7.6;4:0.8;5:18.3;6:2.9;7:5.9;8:2.4;9:2.3;10:1.4;11:1.3;12:0.0;13:0.0;15:3.2;16:2.5;17:2.0;18:1.5
2024,4242431,Ty Chandler,RB,28.4,1.67,1:7.2;2:8.2;3:1.3;4:2.3;5:5.9;7:0.4;8:0.0;9:0.0;10:1.8;11:0.0;12:0.0;13:0.2;14:0.0;15:0.4;16:0.0;17:0.7;18:0.0
2024,4249087,Matt Gay,K,133.0,8.31,1:0.0;2:3.0;3:3.0;4:8.0;5:10.0;6:8.0;7:12.0;8:9.0;9:9.0;10:8.0;11:14.0;12:6.0;13:5.0;15:8.0;16:7.0;17:8.0;18:15.0
2024,3915416,DJ Moore,WR,238.1,14.01,1:10.0;2:11.3;3:15.2;4:11.2;5:27.5;6:6.0;8:5.4;9:7.3;10:5.7;11:13.7;12:26.9;13:23.7;14:10.9;15:15.0;16:14.0;17:12.2;18:22.1
2024,4242433,Joshua Palmer,WR,107.4,7.16,1:3.5;2:3.9;3:0.0;4:6.6;6:5.8;7:10.3;8:9.2;9:14.3;10:4.6;11:4.3;12:6.8;13:4.1;14:13.8;15:3.0;16:9.1;17:8.1;18:0.0
2024,3150744,Chase McLaughlin,K,162.0,9.53,1:15.0;2:10.0;3:1.0;4:11.0;5:16.0;6:9.0;7:4.0;8:8.0;9:7.0;10:8.0;12:6.0;13:15.0;14:4.0;15:18.0;16:7.0;17:12.0;18:11.0
2024,3916433,Jakobi Meyers,WR,218.0,14.53,1:9.4;2:6.9;3:21.2;4:9.9;5:13.2;6:0.0;7:0.0;8:17.2;9:18.5;11:8.8;12:22.1;13:15.7;14:13.7;15:10.9;16:6.1;17:17.1;18:27.3
2024,3916945,Darius Slayton,WR,110.0,6.88,1:5.6;2:6.3;3:1.7;4:8.6;5:26.2;6:11.7;7:2.1;8:14.8;9:9.0;10:0.0;12:0.0;13:2.8;14:4.7;15:2.6;16:3.7;17:10.2;18:0.0
2024,4241416,Chuba Hubbard,RB,241.6,16.11,1:1.4;2:11.6;3:27.9;4:22.1;5:17.5;6:15.3;7:11.2;8:9.1;9:21.2;10:24.9;12:15.0;13:2.3;14:20.7;15:8.9;16:32.5;17:0.0;18:0.0
2024,4262921,Justin Jefferson,WR,317.48,18.68,1:15.9;2:23.3;3:20.1;4:20.5;5:15.2;7:21.4;8:19.5;9:21.58;10:9.8;11:14.1;12:4.7;13:16.9;14:32.2;15:20.3;16:36.4;17:17.2;18:8.4
2024,3886598,Jauan Jennings,WR,210.5,14.03,1:11.4;2:5.7;3:46.5;4:11.8;5:2.3;6:5.7;7:0.0;8:0.0;10:16.3;11:25.1;12:9.0;13:8.6;14:28.0;15:5.1;16:9.1;17:13.7;18:12.2
2024,4360078,Alec Pierce,WR,161.4,10.09,1:21.5;2:16.6;3:5.4;4:1.9;5:22.4;6:0.0;7:3.5;8:2.1;9:7.1;10:18.1;11:10.4;12:4.9;13:9.6;15:0.0;16:0.0;17:24.2;18:13.7
2024,3917315,Kyler Murray,QB,297.24,17.48,1:14.18;2:28.54;3:14.78;4:9.98;5:24.1;6:11.96;7:20.2;8:22.18;9:4.76;10:28.74;12:10.3;13:15.2;14:17.96;15:10.06;16:20.38;17:16.04;18:27.88
2024,4047365,Josh Jacobs,RB,293.1,17.24,1:12.4;2:13.1;3:5.8;4:11.8;5:16.4;6:12.0;7:20.2;8:25.5;9:12.8;11:23.4;12:28.6;13:21.7;14:24.6;15:21.6;16:20.7;17:10.9;18:11.6
2024,4240021,Cam Akers,RB,93.2,5.48,2:2.5;3:9.9;4:5.3;5:12.7;6:-0.1;7:0.0;8:0.0;9:7.3;10:5.7;11:11.6;12:3.5;13:2.2;14:3.7;15:8.4;16:0.3;17:11.3;18:8.9
2024,4361370,Chris Olave,WR,76.7,9.59,1:3.1;2:12.8;3:20.6;4:16.7;5:3.0;6:-0.5;7:0.0;8:18.7;9:2.3;10:0.0;11:0.0;13:0.0;14:0.0;15:0.0;16:0.0;17:0.0;18:0.0
2024,4245661,Lucas Havrisik,K,0.0,0.0,
2024,4242335,Jonathan Taylor,RB,244.7,17.48,1:10.8;2:15.5;3:26.5;4:19.8;5:0.0;6:0.0;7:0.0;8:18.7;9:8.9;10:14.2;11:7.0;12:3.5;13:17.3;15:10.1;16:39.8;17:27.6;18:25.0
2024,3915511,Joe Burrow,QB,372.82,21.93,1:8.06;2:17.22;3:25.36;4:16.28;5:33.78;6:19.82;7:14.94;8:12.86;9:29.14;10:33.72;11:29.04;13:19.26;14:24.56;15:16.84;16:21.98;17:36.98;18:12.98
2024,3127292,Will Dissly,TE,110.1,7.34,1:2.3;2:5.9;3:4.9;4:4.4;6:6.6;7:16.1;8:9.1;9:2.9;10:8.0;11:18.0;12:8.7;13:0.0;14:3.9;15:0.0;16:0.0;17:4.1;18:15.2
2024,3932905,Diontae Johnson,WR,89.1,7.42,1:3.9;2:4.5;3:26.2;4:21.3;5:5.9;6:19.8;7:2.7;8:0.0;9:0.0;10:1.6;11:0.0;12:0.0;13:0.0;15:0.0;17:0.0;18:3.2
2024,4212909,David Moore,WR,85.1,5.01,1:2.4;2:0.0;3:0.0;4:0.0;5:3.3;6:3.7;7:0.0;8:7.9;9:4.0;10:3.8;12:20.1;13:9.0;14:4.5;15:3.9;16:11.9;17:2.7;18:7.9
2024,3126486,Deebo Samuel Sr.,WR,153.6,10.24,1:18.7;2:18.0;3:0.0;4:10.2;5:3.0;6:20.7;7:0.0;8:12.6;10:12.6;11:6.1;12:3.1;13:4.0;14:5.5;15:4.9;16:25.1;17:9.1;18:0.0
2024,3915486,Tyler Conklin,TE,121.9,7.62,1:1.6;2:2.0;3:14.3;4:5.7;5:11.5;6:3.0;7:10.7;8:13.2;9:0.7;10:1.8;11:1.7;13:7.2;14:6.3;15:0.0;16:10.9;17:21.7;18:9.6
2024,4242355,Jake Ferguson,TE,104.4,7.46,1:4.5;2:0.0;3:15.5;4:11.9;5:13.0;6:4.1;8:8.3;9:14.1;10:4.4;11:2.1;12:0.0;13:0.0;14:6.2;15:4.3;16:10.0;17:2.8;18:3.2
2024,4051167,John Parker Romo,K,45.0,11.25,10:13.0;11:6.0;12:13.0;13:13.0
2024,4243389,Calvin Austin III,WR,118.8,6.99,1:1.7;2:1.6;3:19.5;4:2.7;5:1.6;6:5.6;7:4.6;8:20.4;10:4.0;11:0.9;12:16.8;13:10.9;14:1.4;15:11.5;16:10.5;17:7.1;18:-2.0
2024,4360635,Chig Okonkwo,TE,113.6,6.68,1:9.5;2:4.6;3:3.5;4:1.5;6:3.6;7:9.0;8:1.4;9:6.8;10:2.4;11:3.9;12:14.0;13:5.7;14:3.8;15:13.9;16:19.1;17:10.9;18:0.0
2024,4032473,Rashid Shaheed,WR,79.8,11.4,1:16.3;2:20.9;3:0.0;4:15.7;5:18.6;6:8.3;7:0.0;8:0.0;9:0.0;10:0.0;11:0.0;13:0.0;14:0.0;15:0.0;16:0.0;17:0.0;18:0.0
2024,3918298,Josh Allen,QB,379.04,22.3,1:31.18;2:9.76;3:30.92;4:7.3;5:14.64;6:24.4;7:21.02;8:19.82;9:22.1;10:18.2;11:23.98;13:28.42;14:51.88;15:41.28;16:11.16;17:22.98;18:0.0
2024,4040655,Darnell Mooney,WR,193.2,12.07,1:2.5;2:17.8;3:14.6;4:8.6;5:31.5;6:6.8;7:9.6;8:18.6;9:19.8;10:14.6;11:4.7;13:5.0;14:20.2;15:0.0;16:13.2;17:5.7;18:0.0
2024,4035538,David Montgomery,RB,221.72,15.84,1:16.3;2:17.0;3:21.2;4:15.0;6:21.0;7:8.0;8:14.92;9:12.6;10:12.6;11:24.5;12:16.3;13:15.4;14:19.4;15:7.5;16:0.0;17:0.0;18:0.0
2024,4361411,Pat Freiermuth,TE,168.3,9.9,1:6.7;2:7.9;3:7.3;4:16.7;5:9.2;6:3.6;7:7.1;8:3.9;10:10.7;11:3.4;12:9.9;13:18.8;14:13.8;15:11.2;16:4.6;17:11.0;18:22.5
2024,4361418,Will Levis,QB,119.94,9.99,1:6.68;2:11.48;3:13.6;4:-0.5;6:7.3;7:0.0;8:0.0;9:0.0;10:19.1;11:15.6;12:16.12;13:16.18;14:7.02;15:-4.44;16:0.0;17:0.0;18:11.8
2024,4243537,Gabe Davis,WR,53.9,5.39,1:9.2;2:7.3;3:3.8;4:0.8;5:4.8;6:21.5;7:2.3;8:0.0;9:0.0;10:2.9;11:1.3;13:0.0;14:0.0;15:0.0;16:0.0;17:0.0;18:0.0
2024,4361050,Isaiah Likely,TE,123.7,7.73,1:26.1;2:4.6;3:1.4;4:3.6;5:16.3;6:4.7;7:3.7;8:8.7;9:0.0;10:0.0;11:9.5;12:0.0;13:14.8;15:3.7;16:11.9;17:7.9;18:6.8
2024,4360797,Tutu Atwell,WR,98.9,5.82,1:0.0;2:7.8;3:13.3;4:12.2;5:12.5;7:11.1;8:2.8;9:2.6;10:1.6;11:3.1;12:6.0;13:5.9;14:7.5;15:1.6;16:2.2;17:0.0;18:8.7
2024,4361307,Trey McBride,TE,249.8,15.61,1:8.0;2:18.7;3:5.5;4:0.0;5:11.3;6:17.6;7:10.1;8:21.4;9:12.7;10:11.1;12:25.3;13:21.6;14:14.0;15:17.7;16:5.0;17:30.3;18:19.5
2024,4040761,Devin Singletary,RB,96.6,6.44,1:9.2;2:14.5;3:18.8;4:4.8;5:0.0;6:0.0;7:3.1;8:4.3;9:3.3;10:5.5;12:9.0;13:2.3;14:0.8;15:13.1;16:1.2;17:4.0;18:2.7
2024,3128390,Allen Lazard,WR,126.0,10.5,1:26.9;2:3.1;3:13.8;4:10.8;5:13.4;6:23.4;7:9.8;8:0.0;9:0.0;10:0.0;11:0.0;13:0.0;14:2.8;15:0.0;16:4.0;17:1.9;18:16.1
2024,4360294,Antonio Gibson,RB,103.4,6.08,1:1.8;2:11.3;3:6.7;4:10.9;5:6.6;6:7.3;7:2.3;8:0.7;9:2.1;10:2.6;11:3.0;12:5.5;13:12.2;15:8.4;16:5.6;17:6.3;18:10.1
2024,3895856,Christian Kirk,WR,70.9,8.86,1:4.0;2:0.9;3:15.9;4:19.1;5:12.8;6:6.9;7:3.4;8:7.9;9:0.0;10:0.0;11:0.0;13:0.0;14:0.0;15:0.0;16:0.0;17:0.0;18:0.0
2024,4035886,Khalil Herbert,RB,31.5,2.25,1:0.4;2:8.7;3:0.9;4:0.0;5:0.0;6:0.0;8:0.0;9:0.0;10:0.0;11:0.0;13:1.4;14:2.1;15:0.4;16:0.0;17:2.3;18:15.3
2024,4038441,Justice Hill,RB,127.1,8.47,1:11.5;2:5.2;3:7.4;4:21.6;5:3.5;6:1.4;7:13.8;8:2.9;9:8.8;10:1.8;11:8.1;12:14.2;13:6.1;15:17.8;16:3.0;17:0.0;18:0.0
2024,4036133,T.J. Hockenson,TE,86.5,8.65,1:0.0;2:0.0;3:0.0;4:0.0;5:0.0;7:0.0;8:0.0;9:5.7;10:15.2;11:3.3;12:18.4;13:5.8;14:8.5;15:10.2;16:4.7;17:11.8;18:2.9
2024,3139602,D'Ernest Johnson,RB,35.9,2.56,1:0.0;2:2.6;3:1.2;4:0.0;5:3.0;6:6.4;7:10.0;8:3.3;9:0.6;10:0.0;11:0.3;13:0.0;14:0.0;15:0.0;16:1.8;17:3.1;18:3.6
2024,3929630,Saquon Barkley,RB,355.3,22.21,1:33.2;2:17.6;3:33.6;4:13.6;6:7.4;7:26.7;8:12.1;9:32.9;10:8.8;11:33.8;12:46.2;13:19.7;14:14.4;15:9.4;16:27.0;17:18.9;18:0.0
2024,4360310,Trevor Lawrence,QB,145.2,14.52,1:11.28;2:13.3;3:9.42;4:14.76;5:21.24;6:17.06;7:15.02;8:23.32;9:19.56;10:0.0;11:0.0;13:0.24;14:0.0;15:0.0;16:0.0;17:0.0;18:0.0
2024,4047650,DK Metcalf,WR,191.2,12.75,1:5.9;2:28.9;3:20.4;4:15.4;5:7.5;6:7.8;7:19.9;8:0.0;9:0.0;11:14.0;12:9.9;13:10.6;14:8.9;15:5.8;16:14.7;17:7.2;18:14.3
2024,4360569,Jordan Mason,RB,115.0,9.58,1:22.2;2:17.4;3:10.8;4:24.0;5:8.8;6:9.2;7:8.9;8:1.8;10:0.5;11:1.3;12:2.3;13:7.8;14:0.0;15:0.0;16:0.0;17:0.0;18:0.0
2024,4047646,A.J. Brown,WR,216.9,16.68,1:22.9;2:0.0;3:0.0;4:0.0;6:23.6;7:19.9;8:13.4;9:5.6;10:15.9;11:11.5;12:22.9;13:11.6;14:8.3;15:25.0;16:23.7;17:12.6;18:0.0
2024,4239993,Tee Higgins,WR,222.1,18.51,1:0.0;2:0.0;3:6.9;4:12.0;5:29.3;6:14.7;7:18.2;8:0.0;9:0.0;10:0.0;11:29.8;13:17.9;14:4.3;15:19.8;16:19.8;17:40.1;18:9.3
2024,4038941,Justin Herbert,QB,285.4,16.79,1:10.36;2:11.0;3:9.0;4:11.16;6:13.68;7:14.76;8:24.06;9:19.48;10:19.76;11:24.38;12:17.62;13:7.98;14:13.72;15:13.8;16:22.16;17:24.44;18:28.04
2024,3953687,Brandon Aubrey,K,185.0,10.88,1:21.0;2:17.0;3:11.0;4:10.0;5:9.0;6:12.0;8:6.0;9:9.0;10:7.0;11:5.0;12:10.0;13:9.0;14:9.0;15:15.0;16:21.0;17:0.0;18:14.0
2024,4239996,Travis Etienne Jr.,RB,130.2,8.68,1:11.9;2:14.8;3:12.5;4:7.0;5:12.0;6:-0.1;7:0.0;8:0.0;9:5.0;10:5.3;11:6.3;13:8.8;14:11.0;15:12.5;16:5.7;17:8.5;18:9.0
2024,4036378,Jordan Love,QB,233.86,15.59,1:16.4;2:0.0;3:0.0;4:28.16;5:15.96;6:25.62;7:16.8;8:5.74;9:10.92;11:20.24;12:14.72;13:18.96;14:14.54;15:17.56;16:11.48;17:14.0;18:2.76
2024,4242557,Colby Parkinson,TE,65.4,3.85,1:8.7;2:2.2;3:5.1;4:7.3;5:12.2;7:5.2;8:3.7;9:0.0;10:0.0;11:8.9;12:2.0;13:2.3;14:2.1;15:4.1;16:0.0;17:0.0;18:1.6
2024,4258173,Nico Collins,WR,210.6,17.55,1:17.7;2:27.5;3:12.6;4:33.1;5:15.8;6:0.0;7:0.0;8:0.0;9:0.0;10:0.0;11:9.4;12:20.2;13:19.9;15:17.7;16:13.0;17:8.9;18:14.8
2024,3127586,Jeremy McNichols,RB,63.8,3.75,1:0.0;2:0.0;3:0.1;4:20.4;5:10.4;6:0.9;7:4.2;8:-0.1;9:2.0;10:6.7;11:1.6;12:2.2;13:3.2;15:1.4;16:7.8;17:3.0;18:0.0
2024,4243331,Cade Otton,TE,140.6,10.04,1:1.5;2:-0.4;3:9.7;4:11.2;5:7.4;6:9.5;7:18.0;8:29.1;9:21.7;10:8.5;12:4.0;13:6.0;14:10.0;15:4.4;16:0.0;17:0.0;18:0.0
2024,4040715,Jalen Hurts,QB,315.12,21.01,1:16.42;2:23.82;3:10.94;4:16.32;6:21.86;7:22.76;8:35.14;9:29.9;10:29.68;11:18.74;12:15.06;13:17.62;14:24.22;15:28.1;16:4.54;17:0.0;18:0.0
2024,3128429,Courtland Sutton,WR,240.3,14.14,1:7.8;2:3.6;3:13.8;4:15.0;5:5.2;6:15.3;7:0.0;8:17.12;9:23.28;10:19.0;11:14.8;12:29.7;13:16.2;15:12.2;16:10.0;17:16.5;18:20.8
2024,3821683,Austin Seibert,K,112.0,12.44,2:22.0;3:9.0;4:11.0;5:10.0;6:14.0;7:17.0;8:12.0;9:9.0;10:0.0;11:0.0;12:8.0;13:0.0;15:0.0;16:0.0;17:0.0;18:0.0
2024,3916148,Tony Pollard,RB,200.7,12.54,1:18.4;2:15.2;3:5.9;4:18.8;6:17.8;7:8.5;8:14.7;9:18.4;10:10.3;11:4.9;12:21.9;13:8.8;14:14.4;15:8.5;16:8.0;17:0.0;18:6.2
2024,4048244,Alexander Mattison,RB,137.4,9.81,1:16.2;2:6.1;3:13.4;4:6.0;5:10.1;6:17.5;7:15.3;8:9.4;9:3.6;11:9.9;12:0.0;13:0.0;14:0.0;15:2.4;16:15.6;17:4.8;18:7.1
2024,4037235,Greg Dortch,WR,90.3,5.31,1:11.1;2:3.1;3:6.5;4:7.8;5:1.7;6:4.6;7:7.5;8:1.9;9:0.0;10:0.9;12:1.5;13:2.7;14:1.5;15:9.6;16:3.7;17:4.8;18:21.4
2024,4258595,Cole Kmet,TE,120.4,7.08,1:1.4;2:6.7;3:25.7;4:6.4;5:8.7;6:24.0;8:4.4;9:0.0;10:3.3;11:7.2;12:13.4;13:5.6;14:0.0;15:2.4;16:8.9;17:0.0;18:2.3
2024,3925357,Calvin Ridley,WR,199.2,11.72,1:8.0;2:24.7;3:1.9;4:2.5;6:0.9;7:7.2;8:22.6;9:12.3;10:25.4;11:9.8;12:14.3;13:6.5;14:12.9;15:9.0;16:16.8;17:14.1;18:10.3
2024,4242214,Clyde Edwards-Helaire,RB,10.0,5.0,1:0.0;2:0.0;3:0.0;4:0.0;5:0.0;7:0.0;8:0.0;9:0.0;10:0.0;11:0.0;12:0.0;13:0.0;14:0.0;15:0.0;17:5.0;18:5.0
2024,4360234,Evan McPherson,K,88.0,7.33,1:6.0;2:16.0;3:8.0;4:13.0;5:3.0;6:5.0;7:2.0;8:4.0;9:12.0;10:4.0;11:7.0;13:8.0;14:0.0;15:0.0;16:0.0;17:0.0;18:0.0
2024,3125116,D'Onta Foreman,RB,32.6,2.96,1:0.0;2:6.1;3:0.5;4:1.7;5:7.0;6:6.7;7:0.5;8:2.6;9:0.0;11:0.0;12:0.0;13:0.0;14:0.0;15:0.0;16:-1.9;17:4.9;18:4.5
2024,3128444,Matthew Wright,K,55.0,11.0,6:13.0;7:0.0;8:0.0;10:0.0;13:13.0;14:16.0;17:7.0;18:6.0
2024,4035687,Michael Pittman Jr.,WR,165.8,10.36,1:7.1;2:5.1;3:7.6;4:17.3;5:14.7;6:12.5;7:9.3;8:2.6;9:2.4;10:0.0;11:9.6;12:15.6;13:9.2;15:9.8;16:3.9;17:25.9;18:13.2
2024,3912547,Sam Darnold,QB,307.96,18.12,1:14.62;2:19.92;3:23.24;4:20.5;5:4.26;7:16.26;8:18.2;9:19.0;10:6.44;11:23.64;12:21.1;13:19.6;14:34.58;15:11.24;16:22.94;17:24.78;18:7.64
2024,3916387,Lamar Jackson,QB,430.38,25.32,1:25.12;2:16.38;3:25.98;4:23.64;5:33.42;6:18.92;7:34.44;8:24.16;9:23.6;10:32.9;11:14.88;12:22.58;13:25.38;15:36.1;16:20.48;17:29.42;18:22.98
2024,4241457,Najee Harris,RB,204.6,12.04,1:8.9;2:8.4;3:13.6;4:10.3;5:9.7;6:20.2;7:16.2;8:16.1;10:11.3;11:13.3;12:7.4;13:24.9;14:11.3;15:3.1;16:4.2;17:10.1;18:15.6
2024,4035676,Zack Moss,RB,81.9,10.24,1:14.1;2:5.7;3:20.7;4:17.8;5:8.2;6:0.5;7:7.0;8:7.9;9:0.0;10:0.0;11:0.0;13:0.0;14:0.0;15:0.0;16:0.0;17:0.0;18:0.0
2024,4241463,Jerry Jeudy,WR,240.9,14.17,1:11.5;2:12.3;3:8.7;4:13.2;5:2.6;6:4.5;7:2.8;8:12.9;9:14.3;11:26.2;12:14.5;13:40.5;14:17.4;15:21.8;16:4.0;17:21.4;18:12.3
2024,4360248,Kyle Pitts,TE,131.2,7.72,1:11.6;2:5.0;3:7.9;4:0.0;5:15.8;6:10.0;7:13.5;8:25.1;9:2.1;10:9.5;11:1.9;13:0.0;14:2.4;15:6.8;16:1.7;17:14.4;18:3.5
2024,4241985,J.K. Dobbins,RB,191.8,14.75,1:22.9;2:20.1;3:8.4;4:9.2;6:18.2;7:9.6;8:16.8;9:24.5;10:8.5;11:18.9;12:8.9;13:0.0;14:0.0;15:0.0;16:0.0;17:15.3;18:10.5
2024,4241474,Brian Robinson Jr.,RB,159.8,11.41,1:17.9;2:14.6;3:10.7;4:20.3;5:13.8;6:0.0;7:13.1;8:8.6;9:0.0;10:0.0;11:14.2;12:3.4;13:17.9;15:11.7;16:2.1;17:8.9;18:2.6
2024,4241478,DeVonta Smith,WR,199.4,15.34,1:15.4;2:20.6;3:14.9;4:0.0;6:15.4;7:0.8;8:20.5;9:18.7;10:3.4;11:6.9;12:0.0;13:0.0;14:13.7;15:28.0;16:11.1;17:30.0;18:0.0
2024,4360516,Tyrone Tracy Jr.,RB,182.3,10.72,1:1.7;2:0.2;3:6.0;4:3.1;5:14.0;6:22.7;7:6.2;8:23.0;9:7.9;10:15.4;12:9.0;13:14.5;14:19.3;15:4.5;16:16.9;17:9.3;18:8.6
2024,4241479,Tua Tagovailoa,QB,181.58,16.51,1:18.62;2:5.5;3:0.0;4:0.0;5:0.0;7:0.0;8:14.66;9:17.54;10:8.18;11:23.52;12:28.48;13:25.2;14:23.54;15:3.84;16:12.5;17:0.0;18:0.0
2024,4249417,Jalen Tolbert,WR,152.0,8.94,1:2.2;2:14.2;3:13.2;4:5.4;5:21.7;6:8.3;8:7.4;9:10.9;10:4.4;11:4.1;12:10.2;13:6.1;14:0.0;15:8.1;16:10.0;17:12.0;18:13.8
2024,4569682,Audric Estime,RB,48.7,3.75,1:1.4;2:0.0;3:0.0;4:0.0;5:0.0;6:1.3;7:0.9;8:0.4;9:3.5;10:5.3;11:5.5;12:1.5;13:1.2;15:2.8;16:10.8;17:4.7;18:9.4
2024,4430027,Sam LaPorta,TE,174.6,10.91,1:8.5;2:3.3;3:5.6;4:9.3;6:12.2;7:3.5;8:16.8;9:4.8;10:15.6;11:0.0;12:4.9;13:15.6;14:10.4;15:18.1;16:14.3;17:18.4;18:13.3
2024,4430539,Brenton Strange,TE,91.1,5.36,1:0.0;2:9.5;3:9.2;4:4.9;5:12.4;6:2.1;7:0.0;8:10.9;9:0.0;10:4.5;11:1.6;13:2.4;14:3.1;15:18.3;16:2.2;17:0.0;18:10.0
2024,4372561,Isaac Guerendo,RB,94.2,5.89,1:0.0;2:0.0;3:1.9;4:-2.0;5:2.2;6:9.9;7:1.7;8:19.2;10:0.0;11:0.0;12:0.0;13:8.6;14:26.8;15:11.5;16:0.0;17:13.9;18:0.5
2024,4430034,Xavier Legette,WR,125.1,7.82,1:7.5;2:0.0;3:6.2;4:19.6;5:1.8;6:11.3;7:2.9;8:13.4;9:13.9;10:7.0;12:9.6;13:9.3;14:5.9;15:2.9;16:0.0;17:7.8;18:6.0
2024,4366031,Tank Dell,WR,140.0,10.0,1:8.9;2:2.3;3:11.2;4:0.0;5:7.3;6:18.7;7:0.0;8:13.5;9:18.6;10:8.3;11:9.8;12:10.2;13:3.3;15:6.1;16:21.8;17:0.0;18:0.0
2024,4429013,Tank Bigsby,RB,129.0,8.06,1:7.3;2:0.0;3:0.9;4:9.0;5:25.9;6:2.4;7:23.8;8:10.6;9:2.2;10:0.4;11:0.0;13:4.5;14:13.2;15:4.2;16:10.1;17:3.3;18:11.2
2024,4569559,Devaughn Vele,WR,106.5,8.19,1:11.9;2:0.0;3:0.0;4:0.0;5:0.0;6:11.8;7:3.0;8:5.8;9:3.1;10:13.9;11:10.6;12:14.0;13:2.6;15:0.0;16:10.1;17:4.7;18:15.0
2024,4612826,Ladd McConkey,WR,240.9,15.06,1:14.9;2:4.6;3:7.4;4:17.7;6:8.3;7:9.6;8:29.1;9:11.4;10:7.2;11:18.3;12:14.3;13:20.7;14:0.0;15:16.8;16:14.7;17:29.4;18:16.5
2024,4722893,Jaleel McLaughlin,RB,97.2,6.07,1:5.8;2:0.6;3:8.4;4:5.6;5:11.5;6:4.5;7:3.5;8:12.6;9:5.0;10:1.2;11:1.9;12:4.4;13:9.4;15:6.4;16:0.0;17:9.6;18:6.8
2024,4697815,Rachaad White,RB,199.6,12.48,1:16.6;2:3.3;3:8.5;4:10.4;5:9.6;6:0.0;7:29.1;8:15.7;9:12.5;10:19.0;12:11.7;13:8.8;14:24.9;15:14.1;16:11.0;17:4.4;18:0.0
2024,4427095,DeMario Douglas,WR,147.7,8.69,1:3.2;2:0.0;3:14.8;4:4.3;5:11.9;6:21.2;7:3.4;8:3.2;9:10.5;10:9.0;11:9.9;12:11.3;13:6.0;15:10.1;16:7.9;17:14.6;18:6.4
2024,4430807,Bijan Robinson,RB,341.7,20.1,1:16.1;2:16.2;3:13.2;4:11.4;5:10.7;6:25.5;7:23.3;8:23.6;9:21.5;10:29.4;11:10.3;13:25.5;14:20.1;15:14.5;16:24.3;17:24.8;18:31.3
2024,4569173,Rhamondre Stevenson,RB,175.9,11.73,1:21.6;2:17.0;3:0.3;4:8.2;5:19.2;6:0.0;7:4.5;8:23.5;9:22.4;10:8.7;11:12.9;12:3.3;13:12.4;15:9.5;16:12.3;17:0.1;18:0.0
2024,4429148,Theo Johnson,TE,68.1,5.67,1:2.8;2:0.0;3:2.3;4:1.6;5:9.8;6:6.0;7:0.0;8:6.5;9:14.1;10:7.7;12:6.9;13:10.4;14:0.0;15:0.0;16:0.0;17:0.0;18:0.0
2024,4431452,Drake Maye,QB,177.14,13.63,1:0.0;2:0.0;3:2.08;4:0.0;5:0.0;6:19.52;7:20.84;8:11.52;9:15.74;10:11.76;11:17.98;12:13.48;13:19.42;15:17.48;16:17.44;17:9.88;18:0.0
2024,4429275,Trey Benson,RB,47.0,3.62,1:2.8;2:2.7;3:0.8;4:5.0;5:0.0;6:2.6;7:0.0;8:1.0;9:12.5;10:10.7;12:1.8;13:2.0;14:2.9;15:2.2;16:0.0;17:0.0;18:0.0
2024,4596448,Bucky Irving,RB,244.4,14.38,1:9.6;2:2.2;3:11.4;4:12.5;5:5.6;6:18.5;7:16.7;8:15.4;9:6.4;10:17.7;12:27.2;13:27.5;14:2.8;15:13.3;16:18.2;17:23.0;18:16.4
2024,4362081,Cameron Dicker,K,176.0,10.35,1:12.0;2:10.0;3:4.0;4:5.0;6:12.0;7:21.0;8:9.0;9:2.0;10:9.0;11:12.0;12:16.0;13:12.0;14:5.0;15:6.0;16:10.0;17:17.0;18:14.0
2024,4426338,Bo Nix,QB,317.2,18.66,1:11.02;2:8.34;3:19.34;4:6.7;5:23.14;6:20.74;7:14.06;8:29.76;9:17.72;10:16.1;11:28.78;12:19.42;13:12.16;15:13.5;16:21.02;17:21.86;18:33.54
2024,4372066,Jake Moody,K,108.0,7.71,1:26.0;2:5.0;3:5.0;4:13.0;5:8.0;6:0.0;7:0.0;8:0.0;10:9.0;11:5.0;12:5.0;13:2.0;14:8.0;15:9.0;16:4.0;17:2.0;18:7.0
2024,4429025,Quentin Johnston,WR,174.7,11.65,1:6.8;2:22.1;3:12.4;4:2.3;6:5.2;7:0.0;8:0.0;9:22.0;10:10.4;11:12.8;12:0.0;13:3.2;14:15.8;15:15.5;16:4.8;17:9.8;18:31.6
2024,4429023,MarShawn Lloyd,RB,2.8,2.8,1:0.0;2:2.8;3:0.0;4:0.0;5:0.0;6:0.0;7:0.0;8:0.0;9:0.0;11:0.0;12:0.0;13:0.0;14:0.0;15:0.0;16:0.0;17:0.0;18:0.0
2024,4427366,Breece Hall,RB,240.9,15.06,1:18.3;2:24.4;3:18.3;4:3.8;5:6.7;6:21.9;7:26.1;8:9.9;9:10.5;10:12.3;11:31.1;13:6.0;14:0.0;15:13.1;16:14.0;17:6.3;18:18.2
2024,4429795,Jahmyr Gibbs,RB,362.9,21.35,1:17.4;2:17.6;3:16.3;4:19.8;6:12.1;7:32.0;8:20.3;9:14.6;10:12.8;11:19.3;12:24.9;13:10.4;14:19.3;15:28.4;16:25.4;17:26.3;18:46.0
2024,4429160,De'Von Achane,RB,299.9,17.64,1:23.0;2:29.5;3:8.8;4:5.9;5:2.7;7:10.5;8:26.7;9:32.1;10:10.2;11:20.5;12:20.6;13:21.0;14:18.9;15:14.6;16:31.0;17:5.8;18:18.1
2024,4361579,Javonte Williams,RB,157.9,9.29,1:3.3;2:11.5;3:6.1;4:10.0;5:16.1;6:4.6;7:26.1;8:9.2;9:10.4;10:2.7;11:18.7;12:2.4;13:7.4;15:4.3;16:12.3;17:2.0;18:10.8
2024,4426348,Jayden Daniels,QB,355.82,20.93,1:28.16;2:13.44;3:28.06;4:24.02;5:19.72;6:20.96;7:5.24;8:22.24;9:19.86;10:8.58;11:13.44;12:30.4;13:27.64;15:23.64;16:34.42;17:31.78;18:4.22
2024,4426354,George Pickens,WR,164.4,11.74,1:13.5;2:4.9;3:10.7;4:16.3;5:5.6;6:8.3;7:22.1;8:11.4;10:20.5;11:16.9;12:8.8;13:16.4;14:0.0;15:0.0;16:0.0;17:8.0;18:1.0
2024,4430834,Jalen McMillan,WR,135.4,10.42,1:10.2;2:3.1;3:1.6;4:0.0;5:0.0;6:0.0;7:5.6;8:9.2;9:0.0;10:0.0;12:2.1;13:4.5;14:21.9;15:18.5;16:16.7;17:23.0;18:19.0
2024,4682745,Jaylen Wright,RB,26.7,1.78,1:0.0;2:0.4;3:1.7;4:3.2;5:8.6;7:3.3;8:1.8;9:1.8;10:0.3;11:1.6;12:0.8;13:0.0;14:3.3;15:0.3;16:0.0;17:0.0;18:-0.4
2024,4678008,Jonathon Brooks,RB,7.5,2.5,1:0.0;2:0.0;3:0.0;4:0.0;5:0.0;6:0.0;7:0.0;8:0.0;9:0.0;10:0.0;12:0.7;13:7.1;14:-0.3;15:0.0;16:0.0;17:0.0;18:0.0
2024,4373626,Tyler Allgeier,RB,106.2,6.25,1:2.1;2:7.5;3:3.2;4:10.0;5:5.5;6:19.8;7:5.5;8:3.3;9:7.8;10:5.9;11:0.9;13:3.2;14:12.3;15:4.3;16:4.1;17:1.9;18:8.9
2024,4569587,Wan'Dale Robinson,WR,182.7,10.75,1:11.8;2:9.8;3:13.1;4:18.1;5:16.0;6:10.0;7:8.3;8:8.0;9:4.0;10:10.1;12:9.7;13:2.6;14:7.8;15:7.8;16:13.2;17:18.1;18:14.3
2024,4430968,Kimani Vidal,RB,32.7,3.27,1:0.0;2:0.0;3:0.0;4:0.0;6:13.1;7:2.9;8:1.6;9:0.7;10:0.0;11:0.0;12:0.0;13:2.0;14:3.4;15:4.2;16:2.4;17:2.4;18:0.0
2024,4362238,Chase Brown,RB,255.0,15.94,1:5.3;2:3.1;3:8.9;4:23.2;5:16.4;6:14.4;7:7.3;8:11.4;9:26.7;10:22.4;11:19.3;13:19.0;14:24.3;15:26.3;16:13.9;17:13.1;18:0.0
2024,4887558,Emanuel Wilson,RB,96.0,5.65,1:6.8;2:0.9;3:16.5;4:2.7;5:2.5;6:8.3;7:1.1;8:2.3;9:9.9;11:1.7;12:4.1;13:2.0;14:0.7;15:0.9;16:12.6;17:8.9;18:14.1
2024,4362619,Chris Rodriguez Jr.,RB,31.5,3.5,4:0.0;5:0.0;6:0.0;7:0.0;8:0.0;9:5.2;10:0.4;11:0.0;13:15.4;15:0.2;16:0.5;17:9.8;18:0.0
2024,4431611,Caleb Williams,QB,254.54,14.97,1:7.22;2:7.36;3:17.32;4:11.48;5:23.56;6:28.64;8:9.94;9:9.18;10:6.3;11:16.24;12:26.9;13:26.14;14:14.06;15:9.94;16:22.76;17:6.58;18:10.92
2024,4635008,Keon Coleman,WR,111.5,8.58,1:9.1;2:0.0;3:9.4;4:8.1;5:11.9;6:5.6;7:16.5;8:18.0;9:5.1;10:0.0;11:0.0;13:0.0;14:0.0;15:7.4;16:2.7;17:11.7;18:6.0
2024,4714365,Carson Steele,RB,23.9,1.41,1:0.3;2:0.4;3:8.4;4:-0.4;5:1.2;7:1.7;8:2.4;9:0.9;10:0.3;11:1.7;12:2.3;13:0.0;14:0.0;15:0.0;16:0.0;17:0.0;18:4.7
2024,4426502,Drake London,WR,280.8,16.52,1:3.5;2:17.4;3:18.7;4:12.4;5:33.4;6:19.4;7:18.3;8:7.4;9:10.7;10:17.7;11:9.1;13:17.3;14:12.0;15:14.3;16:10.9;17:17.6;18:40.7
2024,4567048,Kenneth Walker III,RB,181.2,15.1,1:18.9;2:0.0;3:0.0;4:33.6;5:14.6;6:20.9;7:23.3;8:8.5;9:13.7;11:13.9;12:13.3;13:6.6;14:0.0;15:0.0;16:13.9;17:0.0;18:0.0
2024,4572680,Tucker Kraft,TE,163.3,9.61,1:5.7;2:3.6;3:4.4;4:17.3;5:24.8;6:3.5;7:12.3;8:16.8;9:7.6;11:0.0;12:10.6;13:13.8;14:13.1;15:5.4;16:9.5;17:7.3;18:7.6
2024,4432773,Brian Thomas Jr.,WR,284.0,16.71,1:14.7;2:11.4;3:9.8;4:21.9;5:23.2;6:5.7;7:22.1;8:15.0;9:6.2;10:3.2;11:13.6;13:18.7;14:16.6;15:32.5;16:28.2;17:23.9;18:17.3
2024,4362628,Ja'Marr Chase,WR,403.0,23.71,1:12.2;2:7.5;3:29.8;4:17.5;5:41.3;6:12.2;7:17.6;8:20.4;9:11.3;10:55.4;11:26.5;13:20.6;14:45.1;15:18.4;16:22.4;17:19.2;18:25.6
2024,4362249,Jayden Reed,WR,197.0,11.59,1:33.1;2:6.6;3:10.9;4:27.1;5:13.7;6:14.8;7:3.0;8:7.5;9:16.3;11:9.8;12:5.6;13:19.7;14:0.0;15:11.1;16:11.1;17:1.6;18:5.1
2024,4569987,Jaylen Warren,RB,124.1,8.27,1:4.0;2:8.1;3:1.1;4:0.0;5:0.0;6:4.8;7:7.9;8:7.9;10:9.5;11:10.8;12:15.4;13:10.4;14:9.2;15:2.5;16:14.2;17:16.2;18:2.1
2024,4362887,Justin Fields,QB,119.14,11.91,1:11.94;2:11.38;3:18.4;4:31.98;5:15.94;6:23.7;7:0.0;8:0.0;10:0.0;11:1.7;12:2.6;13:0.7;14:0.0;15:0.8;16:0.0;17:0.0;18:0.0
2024,4379399,James Cook,RB,266.7,16.67,1:13.3;2:28.5;3:18.7;4:5.8;5:17.9;6:0.0;7:9.2;8:28.3;9:11.9;10:15.5;11:19.7;13:19.0;14:4.9;15:26.3;16:27.6;17:11.3;18:8.8
2024,4361741,Brock Purdy,QB,266.86,17.79,1:10.34;2:13.96;3:25.78;4:14.62;5:13.06;6:24.1;7:17.18;8:26.0;10:23.82;11:18.36;12:0.0;13:2.16;14:22.1;15:3.98;16:21.12;17:30.28;18:0.0
2024,4428557,Tyjae Spears,RB,113.6,9.47,1:7.2;2:5.1;3:10.1;4:11.9;6:2.7;7:0.0;8:0.0;9:0.0;10:8.1;11:2.8;12:0.0;13:0.3;14:3.3;15:27.2;16:21.6;17:13.3;18:0.0
2024,4569618,Garrett Wilson,WR,251.9,14.82,1:12.0;2:10.2;3:14.3;4:7.1;5:29.1;6:24.7;7:13.1;8:16.3;9:30.0;10:9.1;11:5.8;13:9.1;14:18.4;15:14.6;16:11.4;17:17.6;18:9.1
2024,4689936,Jake Bates,K,158.0,9.29,1:8.0;2:10.0;3:2.0;4:6.0;6:19.0;7:8.0;8:12.0;9:6.0;10:12.0;11:12.0;12:8.0;13:11.0;14:11.0;15:5.0;16:9.0;17:11.0;18:8.0
2024,4426386,Roschon Johnson,RB,77.4,5.53,1:0.0;2:0.0;3:10.2;4:8.6;5:14.5;6:5.3;8:6.6;9:4.1;10:1.1;11:11.1;12:8.2;13:0.0;14:0.0;15:0.0;16:0.3;17:0.5;18:6.9
2024,4426385,Zach Charbonnet,RB,186.9,10.99,1:12.1;2:17.9;3:25.7;4:10.4;5:6.0;6:4.5;7:1.9;8:11.4;9:5.3;11:2.5;12:2.2;13:12.1;14:38.3;15:13.6;16:3.3;17:10.6;18:9.1
2024,4430737,Kyren Williams,RB,272.1,17.01,1:14.4;2:15.2;3:31.6;4:20.4;5:15.5;7:19.6;8:22.6;9:10.5;10:11.2;11:8.6;12:11.2;13:18.3;14:23.7;15:13.2;16:19.9;17:16.2;18:0.0
2024,4429205,Jordan Addison,WR,212.5,14.17,1:6.5;2:0.0;3:0.0;4:22.9;5:6.6;7:9.6;8:4.2;9:16.1;10:4.9;11:15.1;12:30.2;13:9.4;14:39.3;15:13.3;16:14.5;17:18.9;18:1.0
2024,4426388,Jameson Williams,WR,212.2,14.15,1:24.4;2:14.4;3:1.2;4:16.0;6:17.7;7:0.6;8:0.0;9:0.0;10:8.3;11:22.6;12:11.8;13:9.6;14:13.0;15:12.7;16:26.0;17:24.5;18:9.4
2024,4426515,Puka Nacua,WR,206.6,18.78,1:8.2;2:0.0;3:0.0;4:0.0;5:0.0;7:0.0;8:18.1;9:2.1;10:18.8;11:25.3;12:20.7;13:17.3;14:41.8;15:17.8;16:13.6;17:22.9;18:0.0
2024,4385690,Dalton Kincaid,TE,100.8,7.75,1:2.1;2:7.3;3:13.1;4:9.7;5:5.4;6:11.1;7:8.2;8:13.1;9:7.2;10:4.4;11:0.0;13:0.0;14:0.0;15:9.3;16:5.5;17:4.4;18:0.0
2024,4432665,Brock Bowers,TE,262.7,15.45,1:11.8;2:18.8;3:7.1;4:5.1;5:23.7;6:16.1;7:19.3;8:10.8;9:15.5;11:31.3;12:7.8;13:30.2;14:8.2;15:6.5;16:20.9;17:14.6;18:15.0
2024,4430104,Sincere McCormick,RB,27.2,5.44,5:0.0;8:0.0;9:0.0;11:0.0;12:3.3;13:8.5;14:10.9;15:4.5;16:0.0;17:0.0;18:0.0
2024,4430871,Sean Tucker,RB,68.7,4.04,1:0.0;2:0.0;3:0.4;4:2.7;5:0.0;6:34.2;7:4.8;8:2.5;9:2.7;10:0.0;12:8.0;13:0.0;14:4.7;15:1.7;16:0.0;17:5.4;18:1.6
2024,4595348,Malik Nabers,WR,273.6,18.24,1:11.6;2:28.7;3:28.2;4:23.1;5:0.0;6:0.0;7:8.1;8:14.1;9:14.9;10:10.8;12:12.4;13:15.3;14:14.9;15:24.2;16:13.8;17:36.1;18:17.4
2024,4430878,Jaxon Smith-Njigba,WR,253.0,14.88,1:3.9;2:23.7;3:6.9;4:13.1;5:13.1;6:10.3;7:5.3;8:12.9;9:37.0;11:21.8;12:19.7;13:11.9;14:19.6;15:18.3;16:24.0;17:6.2;18:5.3
2024,4374302,Amon-Ra St. Brown,WR,316.18,18.6,1:4.3;2:22.9;3:20.5;4:20.78;6:13.7;7:25.2;8:8.7;9:18.6;10:18.0;11:38.7;12:12.2;13:12.3;14:10.3;15:37.3;16:19.0;17:20.0;18:13.7
2024,4429084,Anthony Richardson,QB,163.36,14.85,1:26.08;2:9.86;3:5.08;4:5.24;5:0.0;6:0.0;7:8.76;8:11.5;9:0.0;10:0.0;11:28.08;12:12.98;13:21.16;15:14.38;16:20.24;17:0.0;18:0.0
2024,4428963,Cade York,K,42.0,7.0,1:0.0;14:9.0;15:7.0;16:7.0;17:5.0;18:14.0
2024,4429096,Blake Corum,RB,33.5,1.97,1:0.0;2:2.8;3:0.0;4:0.0;5:4.3;7:1.1;8:2.8;9:-0.1;10:2.5;11:3.8;12:0.5;13:4.2;14:3.4;15:4.0;16:1.4;17:-0.4;18:3.2
2024,4571557,Spencer Shrader,K,26.0,6.5,1:3.0;2:0.0;3:0.0;4:0.0;10:7.0;11:3.0;12:13.0;13:0.0;14:0.0;15:0.0;16:0.0;17:0.0;18:0.0
2024,4373678,Khalil Shakir,WR,182.5,12.17,1:13.2;2:10.6;3:19.2;4:10.2;5:0.0;6:3.9;7:13.5;8:19.9;9:11.0;10:11.8;11:15.0;13:7.0;14:21.6;15:15.9;16:4.2;17:5.5;18:0.0
2024,4430637,Ja'Lynn Polk,WR,32.7,2.18,1:1.6;2:9.2;3:3.3;4:6.0;5:2.3;6:1.4;7:0.0;8:0.0;9:0.0;10:7.2;11:0.0;12:1.7;13:0.0;15:0.0;16:0.0;17:0.0;18:0.0
2024,4428331,Rashee Rice,WR,64.9,16.23,1:17.3;2:18.5;3:29.1;4:0.0;5:0.0;7:0.0;8:0.0;9:0.0;10:0.0;11:0.0;12:0.0;13:0.0;14:0.0;15:0.0;16:0.0;17:0.0;18:0.0
2024,4361777,Zamir White,RB,29.3,3.66,1:4.6;2:6.8;3:3.4;4:3.0;5:0.0;6:0.0;7:3.7;8:-0.1;9:7.0;11:0.9;12:0.0;13:0.0;14:0.0;15:0.0;16:0.0;17:0.0;18:0.0
2024,4428850,Dontayvion Wicks,WR,110.5,6.5,1:0.0;2:11.6;3:0.0;4:24.8;5:4.0;6:1.9;7:13.8;8:3.1;9:0.0;11:0.0;12:3.5;13:7.0;14:8.9;15:3.4;16:10.3;17:8.3;18:9.9
2024,4428209,Ricky Pearsall,WR,93.5,8.5,1:0.0;2:0.0;3:0.0;4:0.0;5:0.0;6:0.0;7:5.1;8:11.7;10:17.3;11:0.0;12:0.0;13:0.0;14:1.5;15:2.6;16:7.7;17:28.7;18:18.9
2024,4688813,Josh Downs,WR,183.5,13.11,1:0.0;2:0.0;3:5.2;4:22.2;5:15.9;6:19.5;7:1.3;8:22.2;9:12.0;10:14.2;11:19.4;12:5.7;13:0.0;15:6.2;16:15.1;17:5.2;18:19.4
2024,4372016,Jaylen Waddle,WR,149.6,9.97,1:16.2;2:8.5;3:6.6;4:7.6;5:8.6;7:2.1;8:8.5;9:7.6;10:8.6;11:5.7;12:28.4;13:11.3;14:20.9;15:0.0;16:0.0;17:0.0;18:9.0
2024,4429615,Zay Flowers,WR,209.5,12.32,1:11.1;2:22.1;3:5.3;4:2.0;5:19.0;6:22.4;7:4.0;8:18.5;9:29.7;10:7.4;11:11.9;12:11.2;13:10.1;15:11.3;16:15.3;17:5.1;18:3.1
2024,4372019,Jerome Ford,RB,134.0,9.57,1:18.9;2:7.4;3:10.0;4:15.5;5:7.9;6:1.4;7:0.0;8:0.0;9:1.7;11:7.9;12:3.7;13:7.2;14:7.7;15:18.4;16:24.1;17:2.2;18:0.0
2024,4361529,Isiah Pacheco,RB,56.9,8.13,1:15.8;2:16.1;3:0.0;4:0.0;5:0.0;7:0.0;8:0.0;9:0.0;10:0.0;11:0.0;12:0.0;13:5.9;14:8.1;15:5.7;16:3.5;17:1.8;18:0.0
2024,4683062,Xavier Worthy,WR,187.2,11.01,1:20.8;2:4.2;3:5.0;4:16.3;5:11.8;7:5.4;8:13.7;9:-1.0;10:2.1;11:16.8;12:9.1;13:10.4;14:9.6;15:19.6;16:20.5;17:22.9;18:0.0
2024,4567104,Will Reichard,K,125.0,9.62,1:4.0;2:11.0;3:12.0;4:7.0;5:16.0;7:15.0;8:8.0;9:1.0;10:0.0;11:0.0;12:0.0;13:0.0;14:5.0;15:15.0;16:12.0;17:9.0;18:10.0
2024,4372414,Elijah Moore,WR,120.9,7.11,1:3.9;2:10.4;3:3.7;4:2.1;5:4.1;6:1.3;7:10.1;8:16.5;9:5.8;11:18.6;12:5.1;13:19.2;14:6.4;15:1.9;16:4.1;17:1.1;18:6.6
2024,4685247,Braelon Allen,RB,85.2,5.01,1:2.7;2:19.6;3:9.8;4:5.6;5:3.8;6:0.8;7:1.6;8:9.2;9:0.9;10:4.4;11:0.6;13:4.7;14:12.1;15:0.5;16:2.0;17:2.6;18:4.3
2024,4432577,C.J. Stroud,QB,220.38,12.96,1:18.66;2:14.3;3:9.8;4:23.5;5:15.94;6:18.38;7:5.34;8:12.4;9:11.54;10:9.78;11:10.88;12:15.68;13:14.38;15:11.64;16:16.06;17:6.1;18:6.0
2024,4599739,Kendre Miller,RB,29.1,4.85,1:0.0;2:0.0;3:0.0;4:0.0;5:0.0;6:0.0;7:5.7;8:1.6;9:0.0;10:0.0;11:0.0;13:0.0;14:9.2;15:4.6;16:5.1;17:2.9;18:0.0
2024,4426948,Luke McCaffrey,WR,34.8,2.05,1:4.8;2:0.0;3:7.4;4:2.7;5:4.9;6:1.5;7:0.0;8:1.8;9:0.0;10:3.3;11:0.0;12:1.8;13:3.3;15:1.0;16:2.3;17:0.0;18:0.0
2024,4432708,Marvin Harrison Jr.,WR,196.5,11.56,1:1.4;2:29.0;3:17.4;4:15.5;5:5.6;6:0.0;7:5.1;8:23.1;9:3.4;10:16.4;12:7.7;13:17.0;14:8.9;15:5.2;16:7.9;17:15.6;18:17.3
2024,4431299,Rome Odunze,WR,144.9,8.52,1:2.1;2:5.3;3:23.4;4:2.0;5:9.0;6:6.0;8:8.4;9:15.4;10:5.3;11:12.5;12:8.9;13:4.5;14:20.2;15:5.9;16:9.7;17:2.5;18:3.8
2024,4369863,Cedric Tillman,WR,80.4,7.31,1:1.3;2:1.2;3:1.4;4:0.0;5:0.0;6:-0.5;7:18.1;8:28.9;9:19.5;11:7.7;12:2.8;13:0.0;14:0.0;15:0.0;16:0.0;17:0.0;18:0.0
2025,2577327,Tyler Lockett,WR,73.1,4.3,1:0.0;2:2.9;3:7.7;4:0.0;5:7.6;6:1.0;7:3.8;9:0.0;10:9.4;11:6.3;12:10.2;13:2.1;14:7.1;15:3.0;16:1.6;17:8.9;18:1.5
2025,2971573,Ka'imi Fairbairn,K,190.0,12.67,1:14.0;2:9.0;3:3.0;4:9.0;5:18.0;7:8.0;8:14.0;9:17.0;10:0.0;11:0.0;12:12.0;13:9.0;14:8.0;15:17.0;16:16.0;17:10.0;18:26.0
2025,-16001,Falcons D/ST,D/ST,116.0,6.82,1:3.0;2:21.0;3:5.0;4:6.0;6:11.0;7:3.0;8:0.0;9:10.0;10:4.0;11:-1.0;12:15.0;13:4.0;14:0.0;15:6.0;16:4.0;17:14.0;18:11.0
2025,-16002,Bills D/ST,D/ST,117.0,6.88,1:-2.0;2:12.0;3:4.0;4:7.0;5:6.0;6:1.0;8:18.0;9:5.0;10:2.0;11:3.0;12:8.0;13:17.0;14:10.0;15:3.0;16:9.0;17:7.0;18:7.0
2025,-16003,Bears D/ST,D/ST,94.0,5.53,1:13.0;2:-11.0;3:10.0;4:9.0;6:9.0;7:15.0;8:0.0;9:1.0;10:3.0;11:7.0;12:6.0;13:5.0;14:2.0;15:18.0;16:4.0;17:1.0;18:2.0
2025,-16005,Browns D/ST,D/ST,143.0,8.41,1:7.0;2:2.0;3:14.0;4:3.0;5:7.0;6:0.0;7:24.0;8:6.0;10:8.0;11:16.0;12:17.0;13:3.0;14:4.0;15:1.0;16:4.0;17:8.0;18:19.0
2025,-16006,Cowboys D/ST,D/ST,37.0,2.18,1:1.0;2:-4.0;3:-2.0;4:-1.0;5:6.0;6:-1.0;7:14.0;8:-4.0;9:13.0;11:11.0;12:5.0;13:1.0;14:-3.0;15:1.0;16:-6.0;17:2.0;18:4.0
2025,-16007,Broncos D/ST,D/ST,144.0,8.47,1:16.0;2:-5.0;3:8.0;4:10.0;5:7.0;6:17.0;7:4.0;8:6.0;9:7.0;10:16.0;11:7.0;13:1.0;14:13.0;15:6.0;16:4.0;17:7.0;18:20.0
2025,-16008,Lions D/ST,D/ST,91.0,5.35,1:2.0;2:8.0;3:8.0;4:20.0;5:10.0;6:1.0;7:13.0;9:9.0;10:4.0;11:4.0;12:-3.0;13:-2.0;14:7.0;15:-5.0;16:-1.0;17:10.0;18:6.0
2025,3117256,Dalton Schultz,TE,177.7,10.45,1:5.8;2:5.9;3:8.9;4:8.0;5:11.0;7:18.8;8:4.4;9:13.7;10:18.3;11:11.1;12:1.8;13:12.5;14:5.2;15:21.6;16:14.5;17:4.9;18:11.3
2025,-16009,Packers D/ST,D/ST,77.0,4.53,1:11.0;2:6.0;3:9.0;4:-5.0;6:3.0;7:8.0;8:7.0;9:6.0;10:7.0;11:6.0;12:18.0;13:2.0;14:3.0;15:0.0;16:-3.0;17:-5.0;18:4.0
2025,-16010,Titans D/ST,D/ST,65.0,3.82,1:9.0;2:1.0;3:-4.0;4:1.0;5:4.0;6:6.0;7:3.0;8:-3.0;9:20.0;11:5.0;12:5.0;13:5.0;14:4.0;15:-2.0;16:12.0;17:0.0;18:-1.0
2025,-16011,Colts D/ST,D/ST,81.0,4.76,1:14.0;2:1.0;3:16.0;4:0.0;5:16.0;6:1.0;7:4.0;8:7.0;9:7.0;10:7.0;12:3.0;13:3.0;14:0.0;15:1.0;16:-3.0;17:5.0;18:-1.0
2025,16800,Davante Adams,WR,222.9,15.92,1:9.1;2:22.6;3:14.6;4:15.6;5:13.8;6:7.9;7:26.5;9:23.0;10:19.7;11:7.1;12:23.2;13:21.8;14:6.9;15:11.1;16:0.0;17:0.0;18:0.0
2025,-16012,Chiefs D/ST,D/ST,88.0,5.18,1:2.0;2:4.0;3:13.0;4:5.0;5:7.0;6:4.0;7:13.0;8:11.0;9:-1.0;11:2.0;12:2.0;13:-4.0;14:5.0;15:9.0;16:1.0;17:3.0;18:12.0
2025,-16013,Raiders D/ST,D/ST,75.0,4.41,1:9.0;2:4.0;3:-3.0;4:5.0;5:-3.0;6:17.0;7:-3.0;9:1.0;10:11.0;11:1.0;12:7.0;13:4.0;14:2.0;15:-1.0;16:3.0;17:1.0;18:20.0
2025,3117251,Christian McCaffrey,RB,416.6,24.51,1:23.2;2:22.7;3:24.0;4:26.1;5:27.9;6:24.1;7:39.1;8:9.8;9:34.3;10:17.6;11:35.1;12:27.2;13:17.4;15:15.7;16:32.6;17:28.1;18:11.7
2025,-16014,Rams D/ST,D/ST,125.0,7.35,1:12.0;2:9.0;3:7.0;4:6.0;5:-2.0;6:16.0;7:9.0;9:10.0;10:5.0;11:5.0;12:20.0;13:1.0;14:6.0;15:-1.0;16:4.0;17:8.0;18:10.0
2025,-16015,Dolphins D/ST,D/ST,77.0,4.53,1:-3.0;2:8.0;3:0.0;4:5.0;5:4.0;6:-1.0;7:4.0;8:8.0;9:1.0;10:11.0;11:7.0;13:13.0;14:17.0;15:2.0;16:-4.0;17:11.0;18:-6.0
2025,-16016,Vikings D/ST,D/ST,131.0,7.71,1:4.0;2:5.0;3:32.0;4:4.0;5:3.0;7:2.0;8:-2.0;9:9.0;10:1.0;11:2.0;12:3.0;13:8.0;14:15.0;15:-1.0;16:13.0;17:22.0;18:11.0
2025,-16017,Patriots D/ST,D/ST,133.0,7.82,1:5.0;2:12.0;3:4.0;4:10.0;5:6.0;6:6.0;7:20.0;8:12.0;9:3.0;10:1.0;11:7.0;12:10.0;13:13.0;15:-1.0;16:5.0;17:6.0;18:14.0
2025,-16018,Saints D/ST,D/ST,123.0,7.24,1:9.0;2:5.0;3:-1.0;4:3.0;5:18.0;6:1.0;7:2.0;8:8.0;9:-2.0;10:14.0;12:11.0;13:8.0;14:2.0;15:6.0;16:19.0;17:12.0;18:8.0
2025,-16019,Giants D/ST,D/ST,62.0,3.65,1:0.0;2:-3.0;3:2.0;4:6.0;5:0.0;6:8.0;7:-2.0;8:-2.0;9:2.0;10:-1.0;11:4.0;12:-1.0;13:1.0;15:5.0;16:17.0;17:19.0;18:7.0
2025,2985659,Wil Lutz,K,130.0,7.65,1:8.0;2:3.0;3:9.0;4:4.0;5:9.0;6:9.0;7:5.0;8:9.0;9:3.0;10:3.0;11:18.0;13:9.0;14:6.0;15:4.0;16:9.0;17:8.0;18:14.0
2025,-16020,Jets D/ST,D/ST,32.0,1.88,1:5.0;2:-3.0;3:9.0;4:0.0;5:-5.0;6:10.0;7:5.0;8:-3.0;10:20.0;11:1.0;12:3.0;13:3.0;14:5.0;15:-6.0;16:1.0;17:-5.0;18:-8.0
2025,-16021,Eagles D/ST,D/ST,126.0,7.41,1:2.0;2:7.0;3:12.0;4:13.0;5:1.0;6:0.0;7:11.0;8:7.0;10:12.0;11:7.0;12:0.0;13:1.0;14:13.0;15:16.0;16:6.0;17:12.0;18:6.0
2025,-16022,Cardinals D/ST,D/ST,65.0,3.82,1:4.0;2:12.0;3:5.0;4:2.0;5:6.0;6:1.0;7:3.0;9:12.0;10:5.0;11:2.0;12:16.0;13:4.0;14:-9.0;15:1.0;16:7.0;17:-3.0;18:-3.0
2025,-16023,Steelers D/ST,D/ST,113.0,6.65,1:1.0;2:4.0;3:15.0;4:9.0;6:11.0;7:-4.0;8:-8.0;9:16.0;10:5.0;11:22.0;12:10.0;13:3.0;14:1.0;15:9.0;16:4.0;17:11.0;18:4.0
2025,-16024,Chargers D/ST,D/ST,119.0,7.0,1:2.0;2:14.0;3:4.0;4:8.0;5:2.0;6:8.0;7:-5.0;8:13.0;9:7.0;10:16.0;11:-1.0;13:11.0;14:10.0;15:14.0;16:4.0;17:3.0;18:9.0
2025,3040151,George Kittle,TE,161.5,14.68,1:12.5;2:0.0;3:0.0;4:0.0;5:0.0;6:0.0;7:0.0;8:14.3;9:6.9;10:23.4;11:24.7;12:13.8;13:10.7;15:22.8;16:24.5;17:0.0;18:7.9
2025,-16025,49ers D/ST,D/ST,62.0,3.65,1:10.0;2:5.0;3:6.0;4:0.0;5:2.0;6:-1.0;7:9.0;8:-3.0;9:4.0;10:-5.0;11:1.0;12:10.0;13:12.0;15:0.0;16:12.0;17:-4.0;18:4.0
2025,-16026,Seahawks D/ST,D/ST,185.0,10.88,1:7.0;2:16.0;3:17.0;4:12.0;5:-5.0;6:12.0;7:10.0;9:11.0;10:21.0;11:4.0;12:6.0;13:28.0;14:20.0;15:6.0;16:-4.0;17:12.0;18:12.0
2025,-16027,Buccaneers D/ST,D/ST,89.0,5.24,1:0.0;2:5.0;3:16.0;4:5.0;5:-4.0;6:9.0;7:7.0;8:25.0;10:-1.0;11:0.0;12:0.0;13:6.0;14:7.0;15:-3.0;16:4.0;17:4.0;18:9.0
2025,3139477,Patrick Mahomes,QB,285.68,20.41,1:26.02;2:22.08;3:13.16;4:27.3;5:26.72;6:31.48;7:26.24;8:22.96;9:10.5;11:13.34;12:17.08;13:29.44;14:6.3;15:13.06;16:0.0;17:0.0;18:0.0
2025,-16028,Commanders D/ST,D/ST,44.0,2.59,1:8.0;2:-1.0;3:10.0;4:-1.0;5:12.0;6:4.0;7:-3.0;8:3.0;9:-4.0;10:-7.0;11:4.0;13:0.0;14:3.0;15:8.0;16:2.0;17:0.0;18:6.0
2025,3045523,Kendrick Bourne,WR,92.1,5.76,2:6.2;3:7.8;4:2.7;5:24.2;6:19.2;7:3.4;8:7.4;9:5.4;10:2.9;11:0.0;12:0.0;13:0.0;15:3.7;16:5.7;17:3.5;18:0.0
2025,-16029,Panthers D/ST,D/ST,98.0,5.76,1:1.0;2:5.0;3:17.0;4:-2.0;5:5.0;6:2.0;7:16.0;8:-4.0;9:7.0;10:4.0;11:2.0;12:6.0;13:12.0;15:5.0;16:6.0;17:9.0;18:7.0
2025,-16030,Jaguars D/ST,D/ST,139.0,8.18,1:12.0;2:7.0;3:13.0;4:14.0;5:2.0;6:1.0;7:-1.0;9:3.0;10:8.0;11:12.0;12:6.0;13:14.0;14:11.0;15:11.0;16:2.0;17:9.0;18:15.0
2025,3128720,Nick Chubb,RB,88.3,5.89,1:6.0;2:15.2;3:7.0;4:8.2;5:12.1;7:2.1;8:8.9;9:3.4;10:6.2;11:1.7;12:2.5;13:9.4;14:0.3;15:0.0;16:5.2;17:0.1;18:0.0
2025,-16033,Ravens D/ST,D/ST,77.0,4.53,1:-7.0;2:15.0;3:-6.0;4:-3.0;5:-4.0;6:7.0;8:3.0;9:12.0;10:6.0;11:11.0;12:12.0;13:1.0;14:0.0;15:20.0;16:2.0;17:5.0;18:3.0
2025,-16034,Texans D/ST,D/ST,173.0,10.18,1:8.0;2:5.0;3:7.0;4:12.0;5:12.0;7:18.0;8:7.0;9:9.0;10:16.0;11:10.0;12:14.0;13:4.0;14:13.0;15:6.0;16:11.0;17:10.0;18:11.0
2025,3915411,Ty Johnson,RB,100.3,5.9,1:2.4;2:0.6;3:3.1;4:0.0;5:1.0;6:2.6;8:0.6;9:10.0;10:4.6;11:15.0;12:8.2;13:5.5;14:5.9;15:5.8;16:7.6;17:7.8;18:19.6
2025,2977187,Cooper Kupp,WR,116.3,7.27,1:3.5;2:16.0;3:5.1;4:6.6;5:11.9;6:12.0;7:2.2;9:0.0;10:9.4;11:5.3;12:4.4;13:5.4;14:11.5;15:9.6;16:6.9;17:1.6;18:4.9
2025,3915416,DJ Moore,WR,170.18,10.01,1:8.6;2:9.6;3:12.8;4:7.8;6:8.2;7:8.2;8:11.6;9:22.98;10:0.0;11:3.1;12:23.4;13:4.7;14:0.6;15:22.9;16:21.9;17:1.7;18:2.1
2025,12483,Matthew Stafford,QB,350.38,20.61,1:13.6;2:17.32;3:13.84;4:27.4;5:25.56;6:9.34;7:27.38;9:26.84;10:26.9;11:13.2;12:22.92;13:11.62;14:23.24;15:20.92;16:30.88;17:12.76;18:26.66
2025,3043234,Zane Gonzalez,K,93.0,10.33,10:6.0;11:12.0;12:15.0;13:7.0;14:9.0;15:6.0;16:10.0;17:12.0;18:16.0
2025,3150744,Chase McLaughlin,K,150.0,8.82,1:5.0;2:1.0;3:20.0;4:16.0;5:12.0;6:6.0;7:5.0;8:17.0;10:5.0;11:8.0;12:1.0;13:10.0;14:9.0;15:11.0;16:10.0;17:4.0;18:10.0
2025,15818,Keenan Allen,WR,182.7,10.75,1:19.8;2:17.1;3:19.5;4:8.7;5:10.8;6:6.7;7:28.9;8:8.4;9:6.1;10:3.9;11:9.3;13:7.0;14:5.2;15:8.6;16:9.4;17:2.7;18:10.6
2025,3886598,Jauan Jennings,WR,173.3,11.55,1:3.6;2:19.9;3:0.0;4:6.4;5:0.0;6:1.7;7:7.1;8:8.5;9:14.1;10:17.1;11:9.4;12:15.1;13:13.9;15:18.7;16:18.1;17:12.2;18:7.5
2025,16339,Brandon McManus,K,107.0,7.64,1:9.0;2:10.0;3:3.0;4:12.0;6:0.0;7:0.0;8:7.0;9:7.0;10:0.0;11:0.0;12:12.0;13:8.0;14:4.0;15:16.0;16:10.0;17:6.0;18:3.0
2025,3050478,Jake Elliott,K,109.0,6.41,1:8.0;2:12.0;3:3.0;4:7.0;5:5.0;6:6.0;7:3.0;8:8.0;10:4.0;11:11.0;12:2.0;13:3.0;14:16.0;15:7.0;16:1.0;17:8.0;18:5.0
2025,15835,Zach Ertz,TE,126.4,9.72,1:11.6;2:18.4;3:6.8;4:6.1;5:0.0;6:16.3;7:12.7;8:5.6;9:8.6;10:9.4;11:8.2;13:20.6;14:2.1;15:0.0;16:0.0;17:0.0;18:0.0
2025,17372,Chris Boswell,K,146.0,8.59,1:14.0;2:12.0;3:3.0;4:5.0;6:14.0;7:8.0;8:20.0;9:10.0;10:5.0;11:10.0;12:4.0;13:1.0;14:9.0;15:4.0;16:10.0;17:7.0;18:10.0
2025,2468609,Taysom Hill,TE,41.78,3.21,1:0.0;2:0.0;3:0.0;4:0.0;5:0.66;6:6.1;7:2.8;8:2.2;9:3.0;10:2.0;12:1.7;13:1.7;14:-0.1;15:0.2;16:15.32;17:0.0;18:6.2
2025,3043078,Derrick Henry,RB,279.5,16.44,1:29.2;2:2.3;3:10.7;4:7.8;5:9.3;6:14.0;8:19.1;9:13.1;10:11.4;11:20.2;12:22.8;13:17.4;14:11.2;15:10.0;16:22.8;17:45.6;18:12.6
2025,3915511,Joe Burrow,QB,134.46,16.81,1:8.82;2:7.04;3:0.0;4:0.0;5:0.0;6:0.0;7:0.0;8:0.0;9:0.0;11:0.0;12:0.0;13:19.24;14:23.36;15:5.5;16:28.96;17:20.4;18:21.14
2025,2577417,Dak Prescott,QB,313.78,18.46,1:7.82;2:22.14;3:12.04;4:30.96;5:28.28;6:22.34;7:23.26;8:6.62;9:15.4;11:24.32;12:27.06;13:20.6;14:18.44;15:11.96;16:19.16;17:22.68;18:0.7
2025,3054850,Alvin Kamara,RB,100.7,9.15,1:13.7;2:16.0;3:6.6;4:11.2;5:9.5;6:12.6;7:5.9;8:6.5;9:0.7;10:14.5;12:3.5;13:0.0;14:0.0;15:0.0;16:0.0;17:0.0;18:0.0
2025,15847,Travis Kelce,TE,193.2,11.36,1:12.7;2:10.1;3:6.6;4:9.8;5:19.1;6:13.8;7:8.4;8:21.9;9:12.6;11:24.1;12:8.4;13:15.5;14:1.8;15:14.0;16:1.6;17:8.6;18:4.2
2025,3042519,Aaron Jones Sr.,RB,118.7,9.89,1:15.7;2:2.3;3:0.0;4:0.0;5:0.0;7:0.0;8:5.0;9:11.8;10:15.9;11:11.1;12:8.7;13:4.5;14:7.6;15:9.5;16:11.3;17:15.3;18:0.0
2025,2976212,Stefon Diggs,WR,210.3,12.37,1:11.7;2:7.2;3:5.3;4:16.1;5:24.6;6:5.8;7:13.9;8:10.4;9:12.8;10:15.6;11:19.5;12:4.0;13:5.6;15:5.6;16:22.8;17:22.1;18:7.3
2025,3126486,Deebo Samuel,WR,188.2,11.76,1:22.6;2:17.4;3:4.9;4:20.1;5:23.6;6:5.4;7:0.0;8:4.2;9:9.4;10:12.9;11:20.7;13:11.1;14:6.7;15:7.3;16:6.5;17:11.3;18:4.1
2025,11252,Joe Flacco,QB,146.66,11.28,1:12.2;2:8.76;3:3.68;4:1.26;5:0.0;6:18.76;7:25.98;8:24.32;9:30.7;11:9.86;12:9.62;13:0.0;14:0.0;15:0.0;16:0.16;17:1.16;18:0.2
2025,8439,Aaron Rodgers,QB,227.08,14.19,1:25.66;2:10.42;3:11.66;4:12.8;6:17.5;7:22.56;8:16.76;9:12.12;10:6.44;11:9.44;12:0.0;13:2.68;14:21.46;15:16.96;16:15.54;17:7.32;18:17.76
2025,15864,Geno Smith,QB,173.9,11.59,1:17.48;2:3.2;3:26.06;4:9.78;5:5.92;6:8.66;7:2.78;9:26.26;10:4.42;11:12.92;12:14.2;13:12.0;14:9.04;15:0.0;16:14.04;17:7.14;18:0.0
2025,3059915,Kareem Hunt,RB,145.4,8.55,1:4.6;2:4.4;3:11.4;4:5.7;5:18.7;6:4.4;7:1.8;8:17.2;9:12.5;11:13.2;12:20.0;13:9.0;14:9.0;15:3.0;16:0.2;17:3.8;18:6.5
2025,17427,Cairo Santos,K,127.0,8.47,1:6.0;2:3.0;3:7.0;4:19.0;6:0.0;7:0.0;8:10.0;9:10.0;10:6.0;11:15.0;12:8.0;13:6.0;14:8.0;15:7.0;16:14.0;17:8.0;18:0.0
2025,3052587,Baker Mayfield,QB,271.92,16.0,1:22.58;2:19.9;3:17.72;4:18.86;5:26.66;6:19.64;7:11.12;8:4.08;10:22.92;11:16.82;12:3.54;13:14.46;14:11.08;15:19.18;16:12.7;17:17.44;18:13.22
2025,14881,Russell Wilson,QB,49.84,8.31,1:11.12;2:30.3;3:5.1;4:0.32;5:0.0;6:0.0;7:0.0;8:0.0;9:0.0;10:3.0;11:0.0;12:0.0;13:0.0;15:0.0;16:0.0;17:0.0;18:0.0
2025,3895856,Christian Kirk,WR,57.9,4.45,1:0.0;2:0.0;3:5.5;4:5.0;5:10.4;7:0.0;8:0.0;9:6.6;10:1.3;11:1.6;12:16.4;13:0.0;14:1.6;15:0.0;16:6.7;17:2.1;18:0.7
2025,3121422,Terry McLaurin,WR,114.2,11.42,1:4.7;2:9.8;3:10.4;4:0.0;5:0.0;6:0.0;7:0.0;8:14.4;9:0.0;10:0.0;11:0.0;13:22.6;14:7.1;15:15.9;16:8.3;17:11.3;18:9.7
2025,3046439,Hunter Henry,TE,178.8,10.52,1:10.6;2:1.9;3:29.0;4:11.9;5:6.6;6:5.7;7:7.3;8:7.7;9:9.1;10:1.9;11:8.5;12:24.5;13:11.3;15:2.8;16:15.5;17:13.9;18:10.6
2025,2576925,Darren Waller,TE,88.7,9.86,1:0.0;2:0.0;3:0.0;4:17.7;5:18.8;6:9.2;7:0.0;8:0.0;9:0.0;10:0.0;11:0.0;13:6.7;14:2.7;15:25.6;16:7.0;17:1.0;18:0.0
2025,3127586,Jeremy McNichols,RB,72.7,4.28,1:2.5;2:0.0;3:13.8;4:1.3;5:2.8;6:6.5;7:6.5;8:11.8;9:0.0;10:3.9;11:4.9;13:5.0;14:1.2;15:1.2;16:5.2;17:4.0;18:2.1
2025,3045147,James Conner,RB,33.3,11.1,1:14.4;2:12.2;3:6.7;4:0.0;5:0.0;6:0.0;7:0.0;9:0.0;10:0.0;11:0.0;12:0.0;13:0.0;14:0.0;15:0.0;16:0.0;17:0.0;18:0.0
2025,3055899,Harrison Butker,K,144.0,8.47,1:11.0;2:6.0;3:12.0;4:12.0;5:4.0;6:6.0;7:7.0;8:4.0;9:8.0;11:7.0;12:16.0;13:4.0;14:3.0;15:8.0;16:11.0;17:10.0;18:15.0
2025,3116406,Tyreek Hill,WR,53.5,13.38,1:8.0;2:16.9;3:15.9;4:12.7;5:0.0;6:0.0;7:0.0;8:0.0;9:0.0;10:0.0;11:0.0;13:0.0;14:0.0;15:0.0;16:0.0;17:0.0;18:0.0
2025,3124084,Joey Slye,K,128.0,8.0,1:15.0;2:17.0;3:9.0;4:-2.0;5:13.0;6:0.0;7:10.0;8:1.0;9:9.0;11:10.0;12:6.0;13:3.0;14:8.0;15:5.0;16:6.0;17:18.0;18:0.0
2025,14163,Tyrod Taylor,QB,59.46,9.91,1:0.0;2:8.34;3:16.68;4:0.0;5:0.0;6:0.0;7:2.14;8:0.0;10:0.0;11:0.0;12:12.78;13:21.28;14:-1.76;15:0.0;16:0.0;17:0.0;18:0.0
2025,3128429,Courtland Sutton,WR,219.7,12.92,1:18.1;2:1.6;3:23.8;4:19.1;5:17.9;6:2.7;7:16.7;8:10.7;9:10.0;10:5.4;11:9.9;13:17.2;14:12.2;15:24.3;16:20.6;17:8.0;18:1.5
2025,3068267,Austin Ekeler,RB,13.1,6.55,1:8.7;2:4.4;3:0.0;4:0.0;5:0.0;6:0.0;7:0.0;8:0.0;9:0.0;10:0.0;11:0.0;13:0.0;14:0.0;15:0.0;16:0.0;17:0.0;18:0.0
2025,3123052,Michael Badgley,K,61.0,6.78,6:8.0;7:6.0;8:9.0;9:12.0;10:7.0;12:8.0;13:5.0;16:6.0;17:0.0
2025,16731,Brandin Cooks,WR,51.9,3.46,1:5.6;2:4.6;3:5.4;4:5.2;5:1.5;6:3.1;7:1.3;8:5.2;9:3.6;10:0.0;13:2.3;14:0.0;15:0.0;16:0.0;17:14.1;18:0.0
2025,3916148,Tony Pollard,RB,185.8,10.93,1:7.9;2:9.2;3:13.9;4:10.6;5:14.8;6:6.7;7:12.1;8:6.3;9:7.8;11:5.6;12:8.1;13:5.3;14:28.1;15:18.2;16:10.2;17:11.5;18:9.5
2025,3116165,Chris Godwin Jr.,WR,83.0,9.22,1:0.0;2:0.0;3:0.0;4:5.6;5:5.6;6:0.0;7:0.0;8:0.0;10:0.0;11:0.0;12:2.9;13:10.8;14:10.5;15:14.0;16:8.0;17:23.8;18:1.8
2025,16737,Mike Evans,WR,84.8,10.6,1:10.1;2:10.6;3:13.3;4:0.0;5:0.0;6:0.0;7:0.0;8:0.0;10:0.0;11:0.0;12:0.0;13:0.0;14:0.0;15:19.2;16:14.1;17:12.1;18:5.4
2025,3123076,David Njoku,TE,86.3,7.19,1:6.7;2:8.0;3:9.0;4:3.1;5:18.7;6:5.8;7:0.0;8:13.7;10:10.1;11:1.7;12:0.0;13:2.4;14:7.1;15:0.0;16:0.0;17:0.0;18:0.0
2025,3054212,Jonnu Smith,TE,85.2,5.01,1:12.5;2:6.7;3:5.3;4:2.6;6:5.8;7:11.8;8:3.7;9:5.5;10:1.4;11:0.0;12:5.8;13:1.6;14:0.0;15:10.6;16:2.8;17:7.7;18:1.4
2025,2578570,Jacoby Brissett,QB,227.44,16.25,1:0.0;2:0.2;3:0.0;4:0.0;5:0.0;6:20.7;7:19.76;9:24.84;10:19.42;11:21.88;12:18.68;13:19.64;14:19.04;15:20.56;16:10.62;17:16.48;18:15.62
2025,3121023,Dallas Goedert,TE,185.1,12.34,1:11.4;2:0.0;3:10.3;4:19.7;5:10.9;6:26.0;7:4.8;8:17.8;10:8.3;11:4.4;12:4.0;13:4.7;14:15.8;15:25.0;16:12.2;17:9.8;18:0.0
2025,3149687,Chris Brooks,RB,32.7,1.92,1:1.3;2:5.7;3:0.0;4:1.1;6:0.1;7:0.0;8:0.0;9:4.4;10:0.0;11:0.8;12:3.6;13:2.9;14:1.6;15:2.6;16:0.4;17:2.1;18:6.1
2025,3046779,Jared Goff,QB,297.06,17.47,1:10.9;2:33.96;3:12.68;4:12.72;5:20.12;6:16.82;7:10.34;9:19.36;10:24.8;11:12.1;12:17.16;13:20.64;14:16.16;15:25.52;16:26.46;17:2.08;18:15.24
2025,3912547,Sam Darnold,QB,235.42,13.85,1:5.4;2:15.8;3:16.72;4:16.08;5:27.64;6:20.0;7:8.62;9:27.2;10:4.92;11:4.26;12:17.66;13:3.12;14:22.26;15:11.34;16:19.5;17:6.08;18:8.82
2025,3916387,Lamar Jackson,QB,214.86,16.53,1:29.36;2:26.3;3:27.02;4:10.68;5:0.0;6:0.0;8:0.0;9:25.56;10:16.64;11:4.72;12:7.22;13:6.54;14:21.06;15:14.6;16:4.74;17:0.0;18:20.42
2025,11122,Matt Prater,K,106.0,7.07,1:12.0;2:14.0;3:7.0;4:7.0;5:9.0;6:2.0;8:12.0;9:3.0;10:1.0;11:8.0;12:8.0;13:8.0;14:7.0;15:5.0;16:0.0;17:0.0;18:3.0
2025,2473037,Jason Myers,K,195.0,11.47,1:8.0;2:8.0;3:17.0;4:13.0;5:4.0;6:10.0;7:9.0;9:9.0;10:15.0;11:14.0;12:13.0;13:19.0;14:14.0;15:24.0;16:2.0;17:10.0;18:6.0
2025,3116365,Mark Andrews,TE,131.0,7.71,1:1.5;2:1.4;3:27.1;4:10.0;5:4.2;6:6.6;8:6.4;9:16.6;10:10.4;11:15.7;12:2.1;13:8.7;14:1.9;15:3.8;16:4.4;17:6.8;18:3.4
2025,3116389,Samaje Perine,RB,77.9,5.19,1:2.6;2:0.0;3:0.1;4:0.4;5:4.9;6:5.2;7:3.1;8:17.0;9:0.5;11:0.0;12:0.0;13:5.4;14:4.8;15:5.3;16:12.1;17:8.3;18:8.2
2025,3051876,Evan Engram,TE,102.8,6.43,1:5.1;2:2.2;3:0.0;4:6.9;5:13.3;6:9.9;7:9.2;8:7.6;9:0.0;10:3.2;11:7.3;13:13.9;14:2.8;15:2.2;16:5.6;17:6.1;18:7.5
2025,3116385,Joe Mixon,RB,0.0,0.0,1:0.0;2:0.0;3:0.0;4:0.0;5:0.0;7:0.0;8:0.0;9:0.0;10:0.0;11:0.0;12:0.0;13:0.0;14:0.0;15:0.0;16:0.0;17:0.0;18:0.0
2025,4248528,Christian Watson,WR,132.4,13.24,1:0.0;2:0.0;3:0.0;4:0.0;6:0.0;7:0.0;8:12.5;9:7.8;10:6.5;11:20.6;12:9.9;13:18.3;14:24.9;15:5.9;16:3.7;17:22.3;18:0.0
2025,4427728,Bam Knight,RB,92.9,7.74,1:0.0;2:0.0;3:0.0;4:0.0;5:9.4;6:12.4;7:9.4;9:6.7;10:4.3;11:14.5;12:13.2;13:16.8;14:6.4;15:-0.2;16:0.0;17:0.0;18:0.0
2025,4259545,D'Andre Swift,RB,228.6,14.29,1:9.5;2:13.9;3:10.8;4:16.0;6:25.5;7:20.8;8:15.1;9:0.0;10:14.8;11:9.0;12:1.9;13:20.8;14:11.2;15:22.6;16:9.0;17:21.9;18:5.8
2025,4361432,Romeo Doubs,WR,165.4,10.34,1:8.8;2:11.8;3:4.5;4:29.8;6:10.5;7:13.2;8:9.4;9:16.1;10:1.5;11:9.3;12:4.3;13:12.0;14:0.0;15:5.6;16:19.4;17:9.2;18:0.0
2025,4241372,Hollywood Brown,WR,137.7,8.61,1:19.9;2:8.0;3:8.2;4:12.8;5:8.8;6:20.5;7:9.4;8:0.0;9:9.3;11:8.0;12:2.0;13:10.0;14:4.5;15:0.0;16:5.2;17:1.7;18:9.4
2025,3917232,Tyler Bass,K,0.0,0.0,1:0.0;2:0.0;3:0.0;4:0.0;5:0.0;6:0.0;8:0.0;9:0.0;10:0.0;11:0.0;12:0.0;13:0.0;14:0.0;15:0.0;16:0.0;17:0.0;18:0.0
2025,4362478,Emari Demercado,RB,58.3,4.48,1:0.0;2:0.0;3:0.0;4:10.1;5:6.1;6:0.1;7:0.0;9:8.8;10:13.4;11:4.0;12:0.0;13:0.0;14:0.0;15:2.1;16:3.0;17:4.0;18:6.7
2025,4241389,CeeDee Lamb,WR,200.9,14.35,1:18.0;2:20.2;3:0.0;4:0.0;5:0.0;6:0.0;7:22.0;8:14.6;9:15.5;11:17.6;12:11.5;13:24.2;14:18.1;15:17.1;16:11.1;17:9.6;18:1.4
2025,4360939,Rashod Bateman,WR,55.4,4.26,1:3.0;2:3.5;3:17.3;4:3.4;5:0.0;6:1.8;8:7.1;9:9.3;10:4.0;11:0.0;12:0.0;13:0.0;14:4.3;15:0.0;16:0.0;17:1.7;18:0.0
2025,4038815,Rico Dowdle,RB,216.3,12.72,1:3.6;2:2.9;3:10.8;4:4.0;5:32.4;6:33.9;7:10.6;8:5.4;9:28.1;10:15.3;11:15.0;12:11.4;13:9.9;15:12.4;16:8.3;17:9.3;18:3.0
2025,4360438,Brandon Aiyuk,WR,0.0,0.0,1:0.0;2:0.0;3:0.0;4:0.0;5:0.0;6:0.0;7:0.0;8:0.0;9:0.0;10:0.0;11:0.0;12:0.0;13:0.0;15:0.0;16:0.0;17:0.0;18:0.0
2025,4362238,Chase Brown,RB,282.6,16.62,1:13.1;2:8.5;3:6.0;4:10.1;5:11.8;6:8.9;7:12.0;8:25.5;9:19.2;11:18.7;12:15.0;13:18.3;14:18.5;15:16.0;16:32.9;17:29.1;18:19.0
2025,4249087,Matt Gay,K,85.0,7.08,1:3.0;2:4.0;3:13.0;4:18.0;5:9.0;6:7.0;7:2.0;8:0.0;9:2.0;10:5.0;11:5.0;12:9.0;13:8.0
2025,4426496,Cade Stover,TE,19.9,2.21,1:6.2;2:0.0;3:0.0;4:0.0;5:0.0;7:0.0;8:0.0;9:0.0;10:0.0;11:0.0;12:0.0;13:3.9;14:0.0;15:5.2;16:2.7;17:0.0;18:1.9
2025,4426502,Drake London,WR,201.9,16.82,1:13.5;2:5.9;3:10.5;4:25.0;6:31.8;7:8.2;8:0.0;9:38.8;10:24.4;11:18.9;12:0.0;13:0.0;14:0.0;15:0.0;16:5.7;17:1.4;18:17.8
2025,4362249,Jayden Reed,WR,48.5,6.93,1:13.5;2:0.0;3:0.0;4:0.0;6:0.0;7:0.0;8:0.0;9:0.0;10:0.0;11:0.0;12:0.0;13:0.0;14:9.3;15:10.5;16:7.1;17:8.1;18:0.0
2025,3916433,Jakobi Meyers,WR,175.8,10.99,1:17.7;2:12.8;3:9.3;4:7.0;5:7.2;6:7.9;7:0.0;9:6.3;10:7.1;11:11.4;12:15.0;13:21.3;14:14.8;15:12.1;16:8.6;17:7.9;18:9.4
2025,3916945,Darius Slayton,WR,98.8,7.06,1:0.0;2:8.1;3:7.0;4:7.4;5:4.1;6:0.0;7:0.0;8:4.6;9:11.2;10:12.9;11:0.0;12:3.3;13:14.1;15:9.3;16:1.8;17:5.6;18:9.4
2025,4241416,Chuba Hubbard,RB,125.4,8.36,1:17.9;2:18.7;3:9.6;4:9.9;5:0.0;6:0.0;7:7.5;8:9.4;9:1.7;10:2.5;11:3.8;12:8.3;13:20.4;15:4.8;16:4.4;17:2.8;18:3.7
2025,4379399,James Cook III,RB,302.2,17.78,1:21.2;2:26.5;3:20.8;4:22.5;5:4.9;6:8.7;8:33.6;9:13.5;10:10.7;11:20.4;12:21.9;13:18.7;14:11.1;15:31.1;16:26.4;17:8.7;18:1.5
2025,4262921,Justin Jefferson,WR,201.5,11.85,1:14.8;2:11.1;3:12.5;4:22.6;5:19.3;7:12.9;8:14.4;9:16.7;10:7.7;11:11.1;12:8.8;13:2.4;14:3.1;15:4.2;16:14.5;17:7.0;18:18.4
2025,4360078,Alec Pierce,WR,183.3,12.22,1:4.6;2:10.8;3:10.7;4:0.0;5:0.0;6:6.8;7:14.8;8:8.9;9:17.5;10:18.4;12:3.6;13:17.8;14:13.0;15:2.6;16:24.6;17:0.0;18:29.2
2025,3917315,Kyler Murray,QB,77.78,15.56,1:18.32;2:14.0;3:14.06;4:16.1;5:15.3;6:0.0;7:0.0;9:0.0;10:0.0;11:0.0;12:0.0;13:0.0;14:0.0;15:0.0;16:0.0;17:0.0;18:0.0
2025,4426385,Zach Charbonnet,RB,181.4,11.34,1:10.7;2:1.0;3:0.0;4:12.4;5:11.8;6:4.7;7:19.5;9:5.6;10:14.3;11:6.7;12:9.5;13:11.2;14:8.6;15:3.1;16:17.4;17:26.2;18:18.7
2025,4047365,Josh Jacobs,RB,237.1,15.81,1:14.0;2:14.4;3:12.4;4:31.7;6:32.0;7:18.8;8:13.5;9:20.0;10:19.7;11:4.0;12:0.0;13:10.1;14:17.2;15:23.2;16:4.8;17:1.3;18:0.0
2025,4426388,Jameson Williams,WR,219.9,12.94,1:6.6;2:18.8;3:6.3;4:5.7;5:2.0;6:18.6;7:0.0;9:16.6;10:23.9;11:19.7;12:0.0;13:26.9;14:17.3;15:26.4;16:12.0;17:5.7;18:13.4
2025,4361370,Chris Olave,WR,268.0,16.75,1:12.4;2:11.4;3:15.7;4:9.0;5:12.9;6:15.8;7:26.8;8:14.0;9:8.7;10:21.4;12:16.0;13:14.7;14:6.0;15:20.5;16:36.8;17:25.9;18:0.0
2025,4385690,Dalton Kincaid,TE,126.1,10.51,1:14.8;2:7.7;3:17.6;4:9.8;5:16.8;6:0.0;8:3.3;9:22.1;10:5.7;11:0.0;12:0.0;13:0.0;14:14.1;15:6.4;16:0.0;17:0.0;18:7.8
2025,4242335,Jonathan Taylor,RB,362.3,21.31,1:12.8;2:29.5;3:32.8;4:14.6;5:31.6;6:23.7;7:34.2;8:37.4;9:7.7;10:49.6;12:8.6;13:15.1;14:11.4;15:13.1;16:16.9;17:17.4;18:5.9
2025,4362921,Tyquan Thornton,WR,80.8,5.77,1:6.1;2:13.9;3:18.1;4:8.1;5:12.0;6:0.0;7:4.9;8:0.0;9:0.0;11:7.1;12:0.0;13:0.0;14:3.9;15:6.7;16:0.0;17:0.0;18:0.0
2025,4428718,Tre Tucker,WR,161.7,9.51,1:13.4;2:4.9;3:40.9;4:4.2;5:11.1;6:12.0;7:8.3;9:6.8;10:5.5;11:14.7;12:5.8;13:5.0;14:4.4;15:0.0;16:9.4;17:9.9;18:5.4
2025,4373678,Khalil Shakir,WR,166.4,10.4,1:12.4;2:2.2;3:14.5;4:17.9;5:11.0;6:6.3;8:20.8;9:11.3;10:12.8;11:0.7;12:17.0;13:1.5;14:9.6;15:11.5;16:7.4;17:9.5;18:0.0
2025,4428209,Ricky Pearsall,WR,88.6,9.84,1:14.8;2:9.2;3:19.7;4:8.6;5:0.0;6:0.0;7:0.0;8:0.0;9:0.0;10:0.0;11:1.0;12:2.8;13:3.4;15:15.6;16:0.0;17:13.5;18:0.0
2025,4242355,Jake Ferguson,TE,188.1,11.06,1:7.3;2:16.8;3:21.2;4:17.0;5:23.9;6:12.3;7:21.9;8:0.0;9:8.0;11:11.6;12:11.1;13:8.6;14:10.8;15:3.6;16:4.9;17:7.6;18:1.5
2025,3917792,Daniel Jones,QB,226.44,17.42,1:29.48;2:22.84;3:15.82;4:10.38;5:16.68;6:22.48;7:22.22;8:23.18;9:14.08;10:15.5;12:16.84;13:16.14;14:0.8;15:0.0;16:0.0;17:0.0;18:0.0
2025,4360635,Chig Okonkwo,TE,124.0,7.29,1:4.9;2:7.5;3:11.6;4:1.4;5:8.8;6:10.6;7:0.0;8:9.3;9:3.0;11:8.6;12:7.0;13:6.9;14:4.0;15:7.3;16:16.4;17:14.5;18:2.2
2025,4032473,Rashid Shaheed,WR,156.6,8.7,2:15.2;3:8.2;4:9.2;5:21.4;6:6.8;7:8.0;8:14.5;9:11.8;10:3.3;11:4.9;12:0.5;13:2.6;14:16.7;15:12.1;16:9.1;17:1.8;18:1.2
2025,3918298,Josh Allen,QB,364.62,21.45,1:38.76;2:11.82;3:23.02;4:24.86;5:19.42;6:15.4;8:23.22;9:28.82;10:19.34;11:42.68;12:8.12;13:16.72;14:37.84;15:24.52;16:6.9;17:23.18;18:0.0
2025,4040655,Darnell Mooney,WR,82.3,5.49,1:0.0;2:4.0;3:8.4;4:2.5;6:0.0;7:9.8;8:2.1;9:2.5;10:2.7;11:6.4;12:16.4;13:4.5;14:1.6;15:6.5;16:4.4;17:5.5;18:5.0
2025,4035538,David Montgomery,RB,166.92,9.82,1:8.3;2:13.1;3:29.4;4:1.2;5:18.22;6:8.1;7:5.9;9:11.0;10:10.1;11:4.7;12:6.7;13:12.8;14:14.3;15:9.2;16:1.4;17:6.0;18:6.5
2025,4426948,Luke McCaffrey,WR,51.3,5.7,1:0.0;2:4.9;3:14.6;4:10.1;5:6.0;6:10.3;7:0.0;8:5.4;9:0.0;10:0.0;11:0.0;13:0.0;14:0.0;15:0.0;16:0.0;17:0.0;18:0.0
2025,4372561,Isaac Guerendo,RB,0.0,0.0,1:0.0;2:0.0;3:0.0;4:0.0;5:0.0;6:0.0;7:0.0;8:0.0;9:0.0;10:0.0;11:0.0;12:0.0;13:0.0;15:0.0;16:0.0;17:0.0;18:0.0
2025,4427600,Terrell Jennings,RB,15.2,2.17,6:0.0;7:1.8;8:1.5;9:11.4;10:0.5;11:0.0;12:0.0;13:0.0;15:0.0;16:0.0;17:0.0;18:0.0
2025,4361050,Isaiah Likely,TE,61.7,4.41,1:0.0;2:0.0;3:0.0;4:0.0;5:2.2;6:2.6;8:2.8;9:9.0;10:3.7;11:3.5;12:2.0;13:12.5;14:12.5;15:0.0;16:0.0;17:5.7;18:5.2
2025,4427095,DeMario Douglas,WR,95.8,5.64,1:8.2;2:1.8;3:2.7;4:0.0;5:3.7;6:16.1;7:4.7;8:5.7;9:20.0;10:5.4;11:6.1;12:6.1;13:6.3;15:0.5;16:1.6;17:2.0;18:4.9
2025,4361307,Trey McBride,TE,315.9,18.58,1:12.1;2:13.8;3:15.3;4:12.2;5:9.1;6:21.2;7:29.4;9:16.5;10:27.7;11:27.5;12:16.9;13:22.2;14:10.8;15:37.4;16:6.7;17:23.6;18:13.5
2025,4040761,Devin Singletary,RB,108.8,6.4,1:0.9;2:1.0;3:1.1;4:2.8;5:3.4;6:1.0;7:0.2;8:3.8;9:7.1;10:10.3;11:17.7;12:4.7;13:19.2;15:2.4;16:5.6;17:17.0;18:10.6
2025,4362081,Cameron Dicker,K,167.0,9.82,1:9.0;2:8.0;3:12.0;4:5.0;5:6.0;6:17.0;7:7.0;8:14.0;9:11.0;10:13.0;11:8.0;13:9.0;14:20.0;15:12.0;16:10.0;17:3.0;18:3.0
2025,4426338,Bo Nix,QB,304.84,17.93,1:6.84;2:20.24;3:13.42;4:25.74;5:17.88;6:13.36;7:39.96;8:23.78;9:18.52;10:5.8;11:12.6;13:16.44;14:15.98;15:29.08;16:15.18;17:19.48;18:10.54
2025,4427366,Breece Hall,RB,207.66,12.98,1:16.5;2:5.8;3:9.2;4:16.1;5:17.5;6:5.9;7:7.2;8:32.86;10:19.5;11:8.4;12:13.9;13:15.6;14:4.3;15:5.7;16:8.3;17:20.9;18:0.0
2025,3929645,Juwan Johnson,TE,179.9,10.58,1:15.6;2:15.9;3:11.1;4:5.8;5:3.7;6:1.5;7:12.9;8:10.3;9:12.1;10:19.2;12:10.6;13:8.9;14:7.8;15:7.0;16:16.9;17:13.5;18:7.1
2025,4372071,Hassan Haskins,RB,10.0,0.83,1:0.0;2:0.0;3:0.0;4:0.0;5:2.5;6:3.3;7:2.5;8:0.0;9:0.0;10:0.0;11:0.0;13:0.0;14:0.0;15:0.0;16:1.4;17:0.0;18:0.3
2025,4361579,Javonte Williams,RB,242.8,15.18,1:20.4;2:25.0;3:12.2;4:19.0;5:26.9;6:8.4;7:18.8;8:17.9;9:7.3;11:10.3;12:12.1;13:17.0;14:14.7;15:15.1;16:6.3;17:11.4;18:0.0
2025,4426348,Jayden Daniels,QB,114.28,16.33,1:20.12;2:19.7;3:0.0;4:0.0;5:17.14;6:21.64;7:17.74;8:0.0;9:15.22;10:0.0;11:0.0;13:0.0;14:2.72;15:0.0;16:0.0;17:0.0;18:0.0
2025,4038441,Justice Hill,RB,65.2,6.52,1:-0.1;2:5.5;3:7.5;4:28.7;5:2.2;6:9.4;8:0.2;9:3.5;10:8.3;11:0.0;12:0.0;13:0.0;14:0.0;15:0.0;16:0.0;17:0.0;18:0.0
2025,4426354,George Pickens,WR,291.9,17.17,1:6.0;2:17.8;3:17.8;4:33.4;5:13.7;6:31.8;7:12.2;8:14.8;9:13.9;11:29.4;12:29.6;13:16.8;14:8.7;15:6.3;16:26.0;17:11.8;18:1.9
2025,4036133,T.J. Hockenson,TE,112.8,7.52,1:4.5;2:2.2;3:15.9;4:7.9;5:9.8;7:10.3;8:4.6;9:9.1;10:2.8;11:6.9;12:5.9;13:11.9;14:9.2;15:10.6;16:1.2;17:0.0;18:0.0
2025,3929630,Saquon Barkley,RB,232.3,14.52,1:18.4;2:17.4;3:9.5;4:17.4;5:17.8;6:8.7;7:5.2;8:33.4;10:13.1;11:10.0;12:12.4;13:5.6;14:18.2;15:17.2;16:21.2;17:6.8;18:0.0
2025,4360310,Trevor Lawrence,QB,338.18,19.89,1:10.32;2:19.24;3:7.78;4:11.66;5:26.24;6:19.22;7:17.64;9:21.2;10:9.82;11:15.02;12:17.14;13:21.66;14:19.36;15:44.3;16:31.16;17:23.12;18:23.3
2025,4047650,DK Metcalf,WR,187.2,12.48,1:12.3;2:11.0;3:12.2;4:23.6;6:19.5;7:8.0;8:16.5;9:2.6;10:6.5;11:9.9;12:14.4;13:6.2;14:21.8;15:14.5;16:8.2;17:0.0;18:0.0
2025,4360569,Jordan Mason,RB,128.9,8.06,1:8.5;2:5.8;3:23.6;4:10.2;5:12.6;7:11.7;8:1.6;9:4.7;10:4.1;11:10.5;12:4.2;13:5.8;14:11.2;15:2.9;16:2.1;17:0.0;18:9.4
2025,4373626,Tyler Allgeier,RB,123.0,7.24,1:2.4;2:15.0;3:1.4;4:11.1;6:10.8;7:1.6;8:9.4;9:0.6;10:17.7;11:9.6;12:5.9;13:13.5;14:8.7;15:1.8;16:8.3;17:2.3;18:2.9
2025,4047646,A.J. Brown,WR,220.3,14.69,1:1.8;2:7.7;3:22.9;4:2.7;5:9.3;6:14.0;7:28.1;8:0.0;10:3.3;11:11.9;12:25.0;13:35.2;14:16.0;15:12.1;16:18.5;17:11.8;18:0.0
2025,4239993,Tee Higgins,WR,211.6,14.11,1:6.3;2:14.6;3:2.5;4:6.2;5:11.2;6:11.2;7:21.6;8:11.4;9:33.1;11:15.3;12:8.1;13:0.0;14:27.2;15:0.0;16:14.3;17:9.9;18:18.7
2025,4038941,Justin Herbert,QB,286.88,17.93,1:27.92;2:18.78;3:14.6;4:12.52;5:14.64;6:18.76;7:27.9;8:25.28;9:27.7;10:14.7;11:3.34;13:12.84;14:12.16;15:10.4;16:30.2;17:15.14;18:0.0
2025,3953687,Brandon Aubrey,K,181.6,10.68,1:11.0;2:22.0;3:8.0;4:8.0;5:7.0;6:9.0;7:17.0;8:6.0;9:4.0;11:9.0;12:6.0;13:12.0;14:23.0;15:14.6;16:5.0;17:16.0;18:4.0
2025,4239996,Travis Etienne Jr.,RB,253.9,14.94,1:18.6;2:16.9;3:11.6;4:19.5;5:8.8;6:9.5;7:6.5;9:16.5;10:15.7;11:19.3;12:20.6;13:5.1;14:21.2;15:31.5;16:16.6;17:11.2;18:4.8
2025,4036378,Jordan Love,QB,235.14,15.68,1:15.92;2:20.88;3:11.12;4:26.28;6:14.96;7:13.36;8:28.3;9:9.02;10:7.84;11:17.66;12:7.06;13:25.76;14:19.26;15:13.94;16:3.78;17:0.0;18:0.0
2025,4242557,Colby Parkinson,TE,129.8,8.65,1:-0.6;2:0.0;3:0.0;4:3.7;5:0.0;6:0.0;7:7.7;9:3.0;10:14.1;11:9.4;12:14.1;13:6.7;14:12.2;15:24.5;16:4.1;17:11.3;18:19.6
2025,4258173,Nico Collins,WR,226.2,15.08,1:5.5;2:14.2;3:22.4;4:11.9;5:16.0;7:6.7;8:0.0;9:14.5;10:22.6;11:24.2;12:8.5;13:21.5;14:16.1;15:23.5;16:9.9;17:8.7;18:0.0
2025,4362619,Chris Rodriguez Jr.,RB,92.0,7.08,1:0.0;2:0.0;3:3.9;4:5.9;5:0.7;6:0.0;7:7.2;8:0.2;9:12.5;10:7.6;11:9.5;13:10.1;14:5.2;15:0.0;16:13.9;17:0.0;18:15.3
2025,4243331,Cade Otton,TE,122.2,7.64,1:0.0;2:5.5;3:0.0;4:3.9;5:12.1;6:10.1;7:13.5;8:8.0;10:17.2;11:4.8;12:6.1;13:2.9;14:4.9;15:0.0;16:3.5;17:7.3;18:22.4
2025,4362628,Ja'Marr Chase,WR,313.6,19.6,1:4.6;2:36.5;3:8.9;4:7.3;5:29.0;6:25.1;7:38.1;8:21.1;9:17.1;11:6.0;12:0.0;13:18.0;14:10.2;15:23.2;16:19.9;17:25.0;18:23.6
2025,4040715,Jalen Hurts,QB,299.06,18.69,1:24.28;2:11.54;3:29.04;4:19.4;5:19.5;6:20.62;7:24.04;8:25.36;10:12.02;11:14.5;12:30.86;13:16.3;14:0.4;15:22.9;16:19.4;17:8.9;18:0.0
2025,4362887,Justin Fields,QB,142.66,15.85,1:29.52;2:3.98;3:0.0;4:27.14;5:25.92;6:4.9;7:4.04;8:20.86;10:6.96;11:19.34;12:0.0;13:0.0;14:0.0;15:0.0;16:0.0;17:0.0;18:0.0
2025,4361741,Brock Purdy,QB,177.38,19.71,1:16.78;2:0.0;3:0.0;4:17.66;5:0.0;6:0.0;7:0.0;8:0.0;9:0.0;10:0.0;11:19.3;12:7.32;13:17.12;15:26.2;16:30.9;17:36.92;18:5.18
2025,4428557,Tyjae Spears,RB,111.7,8.59,1:0.0;2:0.0;3:0.0;4:0.0;5:1.4;6:9.0;7:7.0;8:17.2;9:9.2;11:8.4;12:6.5;13:8.4;14:6.7;15:5.6;16:21.5;17:1.1;18:9.7
2025,4240657,Michael Carter,RB,99.0,7.62,4:0.1;5:18.3;6:8.4;7:5.6;9:0.0;10:0.4;11:7.8;12:8.8;13:11.4;14:5.1;15:13.4;16:6.5;17:6.3;18:6.9
2025,4034949,Eddy Pineiro,K,139.0,9.93,2:10.0;3:12.0;4:7.0;5:17.0;6:18.0;7:11.0;8:1.0;9:12.0;10:2.0;11:14.0;12:0.0;13:0.0;15:14.0;16:11.0;17:6.0;18:4.0
2025,4371733,Kenneth Gainwell,RB,221.3,13.02,1:5.3;2:6.6;3:9.6;4:31.4;6:9.6;7:3.5;8:3.5;9:7.4;10:2.4;11:29.5;12:18.2;13:6.5;14:16.2;15:19.6;16:23.8;17:6.8;18:21.4
2025,4426515,Puka Nacua,WR,375.0,23.44,1:23.1;2:27.6;3:22.8;4:36.0;5:24.5;6:4.8;7:0.0;9:22.8;10:17.4;11:14.3;12:16.7;13:13.2;14:35.7;15:27.9;16:46.5;17:15.7;18:26.0
2025,4374302,Amon-Ra St. Brown,WR,324.0,19.06,1:8.5;2:39.2;3:20.7;4:26.0;5:18.0;6:13.7;7:20.6;9:18.7;10:16.8;11:6.2;12:29.9;13:0.0;14:15.2;15:41.4;16:9.4;17:14.8;18:24.9
2025,3925357,Calvin Ridley,WR,47.3,6.76,1:6.7;2:8.7;3:3.7;4:5.0;5:18.1;6:2.8;7:0.0;8:0.0;9:0.0;11:2.3;12:0.0;13:0.0;14:0.0;15:0.0;16:0.0;17:0.0;18:0.0
2025,4360234,Evan McPherson,K,133.0,7.82,1:5.0;2:7.0;3:5.0;4:3.0;5:8.0;6:3.0;7:17.0;8:8.0;9:10.0;11:8.0;12:12.0;13:24.0;14:4.0;15:0.0;16:10.0;17:9.0;18:0.0
2025,4035687,Michael Pittman Jr.,WR,202.4,11.91,1:20.0;2:8.0;3:19.3;4:15.1;5:14.9;6:4.0;7:20.8;8:23.5;9:20.5;10:3.9;12:13.7;13:2.3;14:16.9;15:5.6;16:7.2;17:3.6;18:3.1
2025,4428331,Rashee Rice,WR,150.1,18.76,1:0.0;2:0.0;3:0.0;4:0.0;5:0.0;6:0.0;7:23.2;8:25.5;9:18.6;11:9.8;12:24.1;13:29.4;14:7.4;15:12.1;16:0.0;17:0.0;18:0.0
2025,4428850,Dontayvion Wicks,WR,75.8,5.41,1:5.0;2:8.4;3:4.1;4:3.9;6:3.5;7:1.5;8:0.0;9:0.0;10:7.8;11:1.9;12:5.2;13:28.0;14:0.0;15:1.6;16:3.2;17:1.7;18:0.0
2025,4241457,Najee Harris,RB,11.6,3.87,1:2.0;2:6.8;3:2.8;4:0.0;5:0.0;6:0.0;7:0.0;8:0.0;9:0.0;10:0.0;11:0.0;13:0.0;14:0.0;15:0.0;16:0.0;17:0.0;18:0.0
2025,4372016,Jaylen Waddle,WR,194.12,12.13,1:7.0;2:17.8;3:14.9;4:7.8;5:23.0;6:15.82;7:2.5;8:20.9;9:14.2;10:19.4;11:8.2;13:7.0;14:18.1;15:4.6;16:12.2;17:0.7;18:0.0
2025,4428085,Luke Musgrave,TE,49.2,2.89,1:1.4;2:5.2;3:0.0;4:1.6;6:1.7;7:0.0;8:1.5;9:6.4;10:5.3;11:0.9;12:1.7;13:3.3;14:4.2;15:9.2;16:6.8;17:0.0;18:0.0
2025,4372019,Jerome Ford,RB,43.6,3.35,1:1.5;2:10.4;3:5.0;4:1.3;5:5.8;6:8.0;7:3.0;8:0.9;10:0.1;11:0.2;12:-0.3;13:4.7;14:3.0;15:0.0;16:0.0;17:0.0;18:0.0
2025,4241463,Jerry Jeudy,WR,120.7,7.1,1:11.6;2:9.1;3:2.7;4:7.8;5:3.5;6:9.3;7:3.7;8:0.0;10:19.8;11:5.1;12:2.9;13:5.6;14:16.6;15:4.2;16:4.2;17:10.4;18:4.2
2025,4360761,Michael Wilson,WR,220.6,12.98,1:1.5;2:8.1;3:1.5;4:4.5;5:3.6;6:8.4;7:7.0;9:9.1;10:7.4;11:33.5;12:21.8;13:6.6;14:37.2;15:16.4;16:13.2;17:19.9;18:20.9
2025,4361529,Isiah Pacheco,RB,87.3,6.72,1:4.8;2:3.9;3:5.8;4:12.8;5:8.6;6:6.1;7:12.4;8:5.8;9:0.0;11:0.0;12:0.0;13:5.3;14:3.0;15:2.1;16:13.5;17:3.2;18:0.0
2025,4360248,Kyle Pitts Sr.,TE,210.8,12.4,1:12.9;2:7.7;3:7.9;4:18.0;6:4.8;7:13.2;8:14.9;9:7.8;10:5.8;11:3.4;12:4.5;13:15.2;14:15.0;15:45.6;16:18.7;17:3.6;18:11.8
2025,3917914,Olamide Zaccheaus,WR,84.8,5.3,1:8.2;2:4.1;3:6.6;4:9.1;6:4.8;7:2.9;8:10.3;9:17.8;10:1.5;11:0.0;12:1.6;13:3.9;14:8.7;15:0.0;16:5.3;17:0.0;18:0.0
2025,4241985,J.K. Dobbins,RB,115.9,11.59,1:14.8;2:15.5;3:15.3;4:11.5;5:15.4;6:4.0;7:9.0;8:14.1;9:6.9;10:9.4;11:0.0;13:0.0;14:0.0;15:0.0;16:0.0;17:0.0;18:0.0
2025,4241474,Brian Robinson Jr.,RB,62.5,3.68,1:4.7;2:2.9;3:2.2;4:2.1;5:1.2;6:3.8;7:3.6;8:0.0;9:11.3;10:11.5;11:2.4;12:5.4;13:2.6;15:2.1;16:2.0;17:3.8;18:0.9
2025,4241478,DeVonta Smith,WR,201.8,11.87,1:4.6;2:9.3;3:20.0;4:4.9;5:19.4;6:8.9;7:33.3;8:14.4;10:16.9;11:1.8;12:14.9;13:9.8;14:7.7;15:7.0;16:16.2;17:4.5;18:8.2
2025,4360516,Tyrone Tracy Jr.,RB,160.8,10.72,1:5.5;2:9.1;3:5.6;4:0.0;5:0.0;6:0.6;7:10.6;8:7.3;9:6.7;10:8.1;11:17.9;12:16.0;13:4.3;15:24.7;16:9.8;17:6.7;18:27.9
2025,4430027,Sam LaPorta,TE,106.9,11.88,1:13.9;2:5.6;3:7.3;4:6.9;5:20.2;6:16.5;7:4.5;9:21.7;10:10.3;11:0.0;12:0.0;13:0.0;14:0.0;15:0.0;16:0.0;17:0.0;18:0.0
2025,4430539,Brenton Strange,TE,118.0,9.83,1:9.9;2:4.7;3:12.1;4:10.5;5:3.2;6:0.0;7:0.0;9:0.0;10:0.0;11:0.0;12:14.3;13:13.5;14:5.7;15:3.6;16:14.9;17:8.4;18:17.2
2025,4430034,Xavier Legette,WR,89.3,5.95,1:4.0;2:0.8;3:0.0;4:0.0;5:11.1;6:3.1;7:24.2;8:3.7;9:3.2;10:0.0;11:18.3;12:5.2;13:1.1;15:5.9;16:2.2;17:1.3;18:5.2
2025,4689114,Jaxson Dart,QB,241.58,17.26,1:0.0;2:-0.3;3:0.3;4:19.84;5:15.58;6:23.6;7:28.42;8:19.42;9:27.24;10:26.28;11:0.0;12:0.0;13:13.56;15:22.14;16:0.02;17:25.08;18:20.4
2025,4429013,Tank Bigsby,RB,53.8,3.16,1:1.2;2:0.0;3:0.0;4:0.0;5:0.0;6:0.0;7:2.0;8:10.4;10:0.7;11:3.4;12:0.8;13:0.0;14:0.4;15:5.7;16:9.7;17:1.9;18:17.6
2025,4569559,Devaughn Vele,WR,66.3,5.1,1:2.3;2:7.3;3:0.0;4:0.0;5:3.3;6:0.0;7:0.0;8:2.0;9:0.0;10:2.5;12:6.7;13:23.3;14:7.0;15:11.9;16:0.0;17:0.0;18:0.0
2025,4612826,Ladd McConkey,WR,180.9,11.31,1:13.4;2:9.8;3:8.1;4:2.1;5:14.9;6:23.0;7:15.7;8:20.8;9:9.6;10:20.7;11:4.3;13:13.9;14:2.2;15:4.0;16:14.3;17:4.1;18:0.0
2025,4697815,Rachaad White,RB,143.0,8.41,1:2.6;2:14.6;3:2.4;4:8.6;5:23.1;6:17.6;7:8.4;8:8.1;10:10.4;11:8.2;12:5.2;13:5.9;14:6.5;15:3.6;16:8.0;17:3.7;18:6.1
2025,4430807,Bijan Robinson,RB,370.8,21.81,1:24.4;2:19.8;3:16.1;4:28.1;6:35.8;7:21.2;8:5.8;9:17.6;10:10.8;11:30.3;12:14.7;13:30.3;14:9.4;15:29.5;16:29.8;17:39.9;18:7.3
2025,4429022,Kayshon Boutte,WR,124.1,8.86,1:16.3;2:8.6;3:4.8;4:2.8;5:7.3;6:26.3;7:13.5;8:16.5;9:0.0;10:0.0;11:0.0;12:3.5;13:13.5;15:4.0;16:2.6;17:0.0;18:4.4
2025,4429275,Trey Benson,RB,35.4,8.85,1:8.5;2:8.4;3:8.1;4:10.4;5:0.0;6:0.0;7:0.0;9:0.0;10:0.0;11:0.0;12:0.0;13:0.0;14:0.0;15:0.0;16:0.0;17:0.0;18:0.0
2025,4596448,Bucky Irving,RB,138.5,13.85,1:14.5;2:18.1;3:13.9;4:25.5;5:0.0;6:0.0;7:0.0;8:0.0;10:0.0;11:0.0;12:0.0;13:16.1;14:16.1;15:8.1;16:7.1;17:8.3;18:10.8
2025,4685279,Jaydon Blue,RB,20.4,4.08,1:0.0;2:0.0;3:0.0;4:0.0;5:0.7;6:0.0;7:4.4;8:2.9;9:0.0;11:0.0;12:0.0;13:0.0;14:0.0;15:0.0;16:0.0;17:0.0;18:12.4
2025,4685278,Luther Burden III,WR,127.9,8.53,1:0.7;2:1.5;3:19.8;4:1.6;6:9.1;7:3.1;8:0.9;9:0.0;10:8.1;11:5.7;12:9.1;13:7.6;14:11.0;15:14.4;16:0.0;17:27.8;18:7.5
2025,4429025,Quentin Johnston,WR,171.2,12.23,1:24.9;2:15.9;3:14.9;4:23.8;5:6.9;6:0.0;7:11.0;8:0.0;9:15.3;10:9.2;11:0.0;13:11.3;14:2.8;15:0.0;16:20.4;17:14.8;18:0.0
2025,4429795,Jahmyr Gibbs,RB,366.9,21.58,1:15.0;2:19.4;3:26.9;4:17.7;5:16.7;6:7.5;7:36.8;9:5.8;10:38.2;11:19.6;12:55.4;13:11.6;14:37.0;15:9.8;16:22.8;17:6.4;18:20.3
2025,4432620,Parker Washington,WR,184.7,11.54,1:0.0;2:12.6;3:7.4;4:5.9;5:9.6;6:4.9;7:10.2;9:17.0;10:17.9;11:4.0;12:18.1;13:3.6;14:0.0;15:8.3;16:26.5;17:19.0;18:19.7
2025,4701936,Matthew Golden,WR,70.0,5.0,1:3.6;2:1.5;3:10.1;4:11.3;6:13.2;7:7.7;8:3.4;9:2.9;10:0.0;11:3.4;12:0.0;13:0.0;14:0.0;15:8.5;16:0.4;17:2.2;18:1.8
2025,4682745,Jaylen Wright,RB,48.2,4.82,1:0.0;2:0.0;3:0.0;4:0.0;5:0.0;6:0.0;7:0.0;8:3.8;9:0.0;10:1.7;11:0.4;13:1.6;14:16.7;15:2.1;16:12.3;17:5.6;18:4.0
2025,4569587,Wan'Dale Robinson,WR,217.9,13.62,1:11.5;2:28.2;3:3.6;4:4.4;5:8.2;6:20.4;7:15.5;8:7.8;9:13.6;10:12.2;11:7.6;12:30.6;13:10.4;15:16.4;16:5.2;17:22.3;18:0.0
2025,4887558,Emanuel Wilson,RB,94.5,5.56,1:0.4;2:0.0;3:2.5;4:11.1;6:1.7;7:2.5;8:11.7;9:2.7;10:1.4;11:13.9;12:26.5;13:1.4;14:1.0;15:0.3;16:8.2;17:3.4;18:5.8
2025,4431611,Caleb Williams,QB,318.18,18.72,1:24.2;2:16.98;3:29.12;4:11.78;6:19.88;7:4.68;8:11.8;9:38.7;10:25.1;11:10.32;12:21.66;13:9.46;14:14.94;15:18.98;16:21.0;17:23.0;18:16.58
2025,4574716,Harrison Mevis,K,81.0,9.0,10:6.0;11:3.0;12:13.0;13:4.0;14:9.0;15:12.0;16:13.0;17:6.0;18:15.0
2025,4597500,Adonai Mitchell,WR,87.9,5.49,2:4.0;3:0.0;4:10.6;5:0.0;6:0.0;7:1.8;8:0.0;9:1.7;10:0.0;11:2.0;12:6.2;13:24.2;14:3.4;15:17.4;16:7.3;17:5.2;18:0.0
2025,4567048,Kenneth Walker III,RB,191.9,11.29,1:5.4;2:18.8;3:18.0;4:12.0;5:9.6;6:4.7;7:6.6;9:8.1;10:8.0;11:20.1;12:13.1;13:10.4;14:3.8;15:2.9;16:25.4;17:7.7;18:17.3
2025,4572680,Tucker Kraft,TE,117.2,14.65,1:9.9;2:24.4;3:5.9;4:10.6;6:12.3;7:16.8;8:33.3;9:4.0;10:0.0;11:0.0;12:0.0;13:0.0;14:0.0;15:0.0;16:0.0;17:0.0;18:0.0
2025,4429059,Woody Marks,RB,151.1,9.44,1:0.3;2:6.1;3:4.6;4:27.9;5:2.4;7:12.5;8:15.1;9:2.7;10:16.1;11:6.1;12:7.9;13:7.7;14:15.6;15:10.8;16:0.0;17:8.5;18:6.8
2025,4697745,Tyler Loop,K,140.0,8.24,1:13.0;2:12.0;3:7.0;4:9.0;5:3.0;6:3.0;8:13.0;9:4.0;10:13.0;11:12.0;12:11.0;13:2.0;14:10.0;15:6.0;16:5.0;17:11.0;18:6.0
2025,4430737,Kyren Williams,RB,263.3,15.49,1:13.9;2:10.0;3:19.2;4:10.4;5:31.1;6:16.7;7:8.5;9:17.4;10:22.4;11:16.6;12:5.8;13:13.2;14:17.7;15:21.8;16:11.5;17:16.0;18:11.1
2025,4595342,Oronde Gadsden,TE,131.4,8.76,1:0.0;2:0.0;3:9.6;4:3.6;5:2.4;6:11.8;7:29.4;8:18.7;9:11.8;10:4.3;11:6.1;13:3.7;14:1.7;15:10.1;16:1.7;17:12.2;18:4.3
2025,4429205,Jordan Addison,WR,135.1,9.65,1:0.0;2:0.0;3:0.0;4:15.4;5:15.1;7:21.8;8:11.6;9:8.4;10:6.5;11:10.0;12:0.0;13:8.6;14:10.2;15:8.6;16:4.6;17:12.5;18:1.8
2025,4685720,Bryce Young,QB,218.04,13.63,1:8.16;2:21.32;3:11.64;4:10.3;5:12.02;6:18.46;7:10.52;8:0.0;9:2.98;10:1.56;11:31.82;12:8.26;13:22.54;15:15.42;16:17.64;17:8.86;18:16.54
2025,4723086,Colston Loveland,TE,165.1,10.32,1:3.2;2:0.0;3:4.1;4:0.0;6:3.1;7:5.4;8:6.8;9:29.8;10:9.5;11:7.0;12:14.9;13:5.8;14:12.9;15:10.1;16:6.0;17:21.4;18:25.1
2025,4696981,Cam Skattebo,RB,127.7,15.96,1:2.9;2:13.9;3:24.1;4:13.0;5:14.4;6:31.0;7:18.4;8:10.0;9:0.0;10:0.0;11:0.0;12:0.0;13:0.0;15:0.0;16:0.0;17:0.0;18:0.0
2025,4595348,Malik Nabers,WR,57.1,14.28,1:12.1;2:37.7;3:3.3;4:4.0;5:0.0;6:0.0;7:0.0;8:0.0;9:0.0;10:0.0;11:0.0;12:0.0;13:0.0;15:0.0;16:0.0;17:0.0;18:0.0
2025,4685472,Tetairoa McMillan,WR,211.4,12.44,1:11.8;2:16.0;3:7.8;4:10.2;5:13.3;6:17.9;7:6.3;8:16.9;9:8.6;10:11.0;11:33.0;12:11.5;13:11.3;15:4.5;16:19.3;17:1.5;18:10.5
2025,4575131,Jacory Croskey-Merritt,RB,140.3,8.25,1:14.2;2:1.7;3:10.1;4:7.7;5:27.0;6:5.8;7:4.2;8:2.5;9:5.1;10:3.0;11:4.3;13:2.0;14:3.2;15:15.6;16:8.5;17:22.5;18:2.9
2025,4682652,Devin Neal,RB,60.0,6.0,1:0.9;2:0.0;3:0.0;4:0.0;5:0.0;6:0.0;7:0.1;8:4.1;9:2.2;10:6.1;12:11.1;13:9.9;14:15.4;15:10.2;16:0.0;17:0.0;18:0.0
2025,4568490,RJ Harvey,RB,206.6,12.15,1:7.9;2:3.4;3:4.6;4:19.8;5:6.0;6:6.5;7:7.2;8:24.1;9:16.6;10:3.8;11:8.0;13:21.2;14:22.0;15:10.5;16:22.1;17:18.6;18:4.3
2025,4571557,Spencer Shrader,K,56.0,11.2,1:16.0;2:18.0;3:10.0;4:10.0;5:2.0;6:0.0;7:0.0;8:0.0;9:0.0;10:0.0;12:0.0;13:0.0;14:0.0;15:0.0;16:0.0;17:0.0;18:0.0
2025,4566192,Joshua Karty,K,53.0,6.62,1:2.0;2:9.0;3:15.0;4:10.0;5:5.0;6:4.0;7:5.0;9:3.0;10:0.0;11:0.0;12:0.0;17:0.0;18:0.0
2025,4608686,Kyle Monangai,RB,146.7,8.63,1:2.1;2:4.6;3:3.0;4:1.8;6:5.4;7:17.4;8:2.4;9:22.8;10:8.8;11:10.7;12:10.8;13:19.0;14:8.7;15:3.3;16:12.3;17:7.7;18:5.9
2025,4688813,Josh Downs,WR,136.4,8.53,1:3.2;2:11.1;3:5.4;4:6.4;5:11.4;6:16.2;7:0.0;8:12.9;9:15.7;10:1.3;12:3.0;13:6.4;14:6.3;15:10.3;16:11.8;17:5.4;18:9.6
2025,4431280,Troy Franklin,WR,177.1,10.42,1:8.4;2:24.0;3:2.8;4:9.5;5:8.5;6:3.1;7:12.9;8:26.9;9:8.3;10:15.0;11:12.4;13:4.1;14:4.1;15:20.8;16:10.6;17:5.7;18:0.0
2025,4882093,Bhayshul Tuten,RB,88.6,5.91,1:1.1;2:15.4;3:8.1;4:3.2;5:2.1;6:4.8;7:2.2;9:9.6;10:2.0;11:13.4;12:1.7;13:8.9;14:-1.5;15:9.3;16:0.0;17:0.0;18:8.3
2025,4429501,Ray Davis,RB,64.1,3.77,1:1.1;2:2.4;3:0.0;4:0.3;5:0.1;6:9.9;8:1.6;9:0.0;10:0.8;11:0.0;12:6.0;13:6.2;14:0.0;15:2.3;16:5.4;17:2.6;18:25.4
2025,4685247,Braelon Allen,RB,15.3,3.83,1:6.9;2:1.1;3:6.7;4:0.6;5:0.0;6:0.0;7:0.0;8:0.0;10:0.0;11:0.0;12:0.0;13:0.0;14:0.0;15:0.0;16:0.0;17:0.0;18:0.0
2025,5083076,Harold Fannin Jr.,TE,186.4,11.65,1:13.6;2:9.8;3:5.5;4:4.5;5:11.3;6:15.1;7:7.6;8:18.4;10:8.4;11:4.6;12:8.4;13:11.3;14:25.4;15:12.0;16:19.5;17:11.0;18:0.0
2025,5208518,Charlie Smyth,K,56.0,9.33,13:5.0;14:5.0;15:10.0;16:19.0;17:13.0;18:4.0
2025,4432577,C.J. Stroud,QB,208.54,14.9,1:8.72;2:14.98;3:10.36;4:18.42;5:28.76;7:13.66;8:21.72;9:4.36;10:0.0;11:0.0;12:0.0;13:9.04;14:12.62;15:23.4;16:11.48;17:13.76;18:17.26
2025,4599739,Kendre Miller,RB,33.3,4.76,1:2.4;2:2.0;3:5.6;4:12.5;5:5.9;6:4.2;7:0.7;8:0.0;9:0.0;10:0.0;12:0.0;13:0.0;14:0.0;15:0.0;16:0.0;17:0.0;18:0.0
2025,4431299,Rome Odunze,WR,146.1,12.18,1:15.7;2:31.8;3:15.2;4:16.9;6:5.2;7:5.1;8:18.4;9:0.0;10:20.6;11:6.1;12:8.3;13:2.8;14:0.0;15:0.0;16:0.0;17:0.0;18:0.0
2025,4567750,Emeka Egbuka,WR,195.7,11.51,1:23.6;2:12.9;3:14.5;4:20.1;5:31.3;6:4.4;7:9.8;8:6.5;10:23.5;11:9.0;12:6.2;13:8.2;14:3.5;15:10.4;16:5.0;17:5.0;18:1.8
2025,4883647,Elic Ayomanor,WR,116.5,7.28,1:3.3;2:15.6;3:13.8;4:6.4;5:3.8;6:5.7;7:4.9;8:9.2;9:7.6;11:3.1;12:0.0;13:1.5;14:8.4;15:2.7;16:8.8;17:13.7;18:8.0
2025,4569682,Audric Estime,RB,48.1,6.87,10:0.0;12:0.0;13:0.0;14:1.1;15:8.0;16:6.6;17:16.8;18:15.6
2025,4695883,Jalen Coker,WR,90.4,8.22,1:0.0;2:0.0;3:0.0;4:0.0;5:0.0;6:0.0;7:0.0;8:6.6;9:1.9;10:5.1;11:11.2;12:6.2;13:17.4;15:14.0;16:7.7;17:3.6;18:16.7
2025,5123663,Isaac TeSlaa,WR,75.9,4.46,1:8.3;2:3.9;3:0.0;4:0.0;5:8.2;6:0.0;7:0.0;9:0.0;10:2.1;11:0.0;12:0.0;13:11.5;14:10.0;15:0.0;16:15.2;17:13.9;18:2.8
2025,4569173,Rhamondre Stevenson,RB,178.8,12.77,1:4.7;2:21.2;3:4.6;4:5.1;5:14.7;6:1.8;7:16.8;8:5.9;9:0.0;10:0.0;11:0.0;12:2.0;13:11.0;15:10.7;16:17.8;17:27.2;18:35.3
2025,4429148,Theo Johnson,TE,127.8,8.52,1:1.5;2:7.4;3:2.0;4:10.7;5:21.3;6:4.7;7:15.6;8:5.0;9:11.7;10:14.5;11:6.6;12:10.7;13:5.9;15:10.2;16:0.0;17:0.0;18:0.0
2025,4431452,Drake Maye,QB,351.96,20.7,1:15.78;2:26.3;3:19.22;4:23.22;5:12.12;6:27.24;7:23.08;8:26.28;9:16.36;10:18.1;11:15.44;12:15.96;13:20.48;15:20.5;16:23.7;17:32.44;18:15.74
2025,5083754,Ryan Flournoy,WR,114.0,7.12,1:0.0;2:0.0;3:4.1;4:4.6;5:18.4;6:6.3;7:0.0;8:1.7;9:9.2;11:7.2;12:0.0;13:6.4;14:26.5;15:8.0;16:9.8;17:0.0;18:11.8
2025,4890973,Ashton Jeanty,RB,245.1,14.42,1:12.0;2:7.4;3:6.3;4:33.5;5:15.9;6:16.6;7:4.4;9:19.9;10:15.3;11:9.4;12:24.8;13:12.1;14:5.8;15:8.2;16:31.8;17:9.3;18:12.4
2025,4431459,Tyler Warren,TE,188.5,11.09,1:14.9;2:11.9;3:6.8;4:18.3;5:14.4;6:18.3;7:16.9;8:9.3;9:7.6;10:17.9;12:9.5;13:11.2;14:3.7;15:4.9;16:6.0;17:9.3;18:7.6
2025,4685415,Travis Hunter,WR,63.8,9.11,1:9.3;2:5.2;3:3.1;4:7.2;5:9.4;6:5.5;7:24.1;9:0.0;10:0.0;11:0.0;12:0.0;13:0.0;14:0.0;15:0.0;16:0.0;17:0.0;18:0.0
2025,4429160,De'Von Achane,RB,322.8,20.18,1:16.5;2:26.2;3:16.1;4:17.1;5:16.6;6:31.0;7:12.8;8:20.1;9:16.6;10:40.5;11:21.5;13:19.4;14:17.5;15:18.7;16:18.0;17:14.2;18:0.0
2025,4711533,Ollie Gordon II,RB,54.1,3.18,1:1.3;2:2.3;3:9.8;4:1.0;5:-0.2;6:1.2;7:2.3;8:13.6;9:1.9;10:-0.3;11:10.5;13:1.0;14:7.7;15:0.0;16:-0.1;17:0.0;18:2.1
2025,4695404,Isaiah Davis,RB,71.2,4.45,1:1.8;2:1.6;3:0.0;4:4.7;5:6.3;6:1.1;7:5.2;8:17.9;10:2.1;11:1.1;12:0.7;13:0.0;14:2.2;15:13.5;16:10.0;17:3.0;18:0.0
2025,4596602,Brashard Smith,RB,63.3,3.72,1:0.0;2:0.2;3:1.3;4:6.6;5:6.6;6:5.1;7:13.1;8:0.8;9:0.7;11:2.8;12:6.6;13:0.0;14:0.7;15:0.1;16:1.4;17:9.5;18:7.8
2025,4432762,Shedeur Sanders,QB,84.9,10.61,1:0.0;2:0.0;3:0.0;4:0.0;5:0.0;6:0.0;7:0.0;8:0.0;10:0.0;11:1.48;12:10.26;13:10.56;14:33.46;15:3.48;16:11.18;17:9.44;18:5.04
2025,4430968,Kimani Vidal,RB,117.9,9.07,4:0.0;5:2.9;6:22.8;7:7.5;8:19.7;9:3.0;10:17.8;11:3.2;13:20.7;14:11.4;15:5.8;16:1.1;17:0.0;18:2.0
2025,4635008,Keon Coleman,WR,102.4,7.88,1:25.2;2:5.6;3:5.0;4:7.5;5:10.3;6:4.1;8:6.0;9:3.7;10:13.6;11:0.0;12:0.0;13:8.9;14:3.6;15:0.0;16:0.0;17:0.0;18:8.9
2025,4877706,Jayden Higgins,WR,129.5,7.62,1:5.2;2:3.8;3:1.5;4:9.4;5:7.2;7:0.0;8:13.4;9:1.4;10:15.2;11:9.5;12:13.8;13:11.5;14:6.4;15:1.4;16:2.7;17:16.8;18:10.3
2025,4432773,Brian Thomas Jr.,WR,138.8,9.91,1:9.0;2:8.9;3:7.5;4:10.6;5:12.0;6:23.0;7:6.1;9:8.5;10:0.0;11:0.0;12:0.0;13:4.8;14:11.7;15:17.1;16:3.8;17:7.9;18:7.9
2025,4686472,Marvin Mims Jr.,WR,93.0,6.2,1:2.2;2:10.4;3:1.4;4:20.5;5:3.9;6:4.8;7:15.8;8:1.8;9:0.0;10:0.0;11:0.2;13:3.7;14:7.7;15:7.7;16:5.9;17:4.0;18:3.0
2025,4685702,Quinshon Judkins,RB,169.8,12.13,1:0.0;2:10.1;3:16.5;4:21.5;5:13.8;6:3.6;7:26.4;8:4.7;10:10.5;11:5.9;12:16.7;13:15.9;14:9.4;15:4.7;16:10.1;17:0.0;18:0.0
2025,4569987,Jaylen Warren,RB,217.1,13.57,1:13.9;2:17.4;3:13.1;4:0.0;6:8.3;7:19.8;8:9.3;9:16.9;10:11.1;11:8.7;12:12.8;13:12.4;14:15.2;15:7.8;16:29.1;17:6.4;18:14.9
2025,4569618,Garrett Wilson,WR,99.5,12.44,1:22.5;2:9.0;3:24.4;4:20.2;5:19.1;6:4.3;7:0.0;8:0.0;10:0.0;11:0.0;12:0.0;13:0.0;14:0.0;15:0.0;16:0.0;17:0.0;18:0.0
2025,4689936,Jake Bates,K,145.0,8.53,1:7.0;2:9.0;3:8.0;4:13.0;5:5.0;6:5.0;7:7.0;9:6.0;10:13.0;11:5.0;12:12.0;13:6.0;14:15.0;15:10.0;16:6.0;17:5.0;18:13.0
2025,4686361,Cam Little,K,160.0,9.41,1:15.0;2:10.0;3:4.0;4:8.0;5:9.0;6:-1.0;7:0.0;9:15.0;10:13.0;11:5.0;12:13.0;13:6.0;14:11.0;15:12.0;16:11.0;17:14.0;18:15.0
2025,4432665,Brock Bowers,TE,176.2,14.68,1:15.3;2:8.8;3:9.8;4:9.6;5:0.0;6:0.0;7:0.0;9:43.3;10:3.7;11:14.2;12:11.5;13:22.3;14:14.6;15:8.8;16:14.3;17:0.0;18:0.0
2025,4430871,Sean Tucker,RB,91.4,5.38,1:0.2;2:0.0;3:0.0;4:0.0;5:2.9;6:8.5;7:1.6;8:10.2;10:6.1;11:34.0;12:5.6;13:0.0;14:8.9;15:6.7;16:6.3;17:0.8;18:-0.4
2025,4429086,Michael Mayer,TE,73.8,5.68,1:7.8;2:2.9;3:0.0;4:0.0;5:0.0;6:16.0;7:2.0;9:5.6;10:5.2;11:4.3;12:2.4;13:0.0;14:0.0;15:0.0;16:2.0;17:17.9;18:7.7
2025,4430878,Jaxon Smith-Njigba,WR,359.9,21.17,1:19.4;2:18.3;3:20.6;4:13.0;5:27.2;6:30.2;7:26.3;9:22.0;10:20.3;11:20.6;12:37.1;13:4.3;14:28.1;15:18.3;16:23.6;17:16.2;18:14.4
2025,4608810,Tez Johnson,WR,92.4,5.78,1:0.0;2:0.0;3:0.0;4:2.3;5:9.9;6:11.5;7:15.8;8:9.3;10:20.2;11:1.6;12:12.3;13:1.5;14:0.0;15:0.0;16:0.9;17:3.9;18:3.2
2025,4819231,Kaleb Johnson,RB,8.8,0.88,1:-0.2;2:0.1;3:0.0;4:2.2;6:1.5;7:0.0;8:0.0;9:2.3;10:0.3;11:1.5;12:0.0;13:0.3;14:0.4;15:0.4;16:0.0;17:0.0;18:0.0
2025,4429096,Blake Corum,RB,122.2,7.19,1:2.6;2:10.4;3:5.3;4:3.6;5:1.3;6:2.3;7:5.3;9:5.8;10:5.6;11:1.5;12:2.4;13:14.1;14:26.1;15:13.1;16:13.1;17:1.8;18:7.9
2025,4603186,Jack Bech,WR,42.4,2.65,1:3.3;2:0.0;3:2.0;4:0.0;5:5.7;6:0.0;7:3.3;9:0.0;10:0.0;11:2.9;12:0.0;13:4.2;14:11.0;15:3.7;16:6.3;17:0.0;18:0.0
2025,4433970,J.J. McCarthy,QB,125.38,12.54,1:22.22;2:2.82;3:0.0;4:0.0;5:0.0;7:0.0;8:0.0;9:18.92;10:14.72;11:6.0;12:0.48;13:0.0;14:20.42;15:23.5;16:8.32;17:0.0;18:7.98
2025,4429615,Zay Flowers,WR,243.3,14.31,1:28.1;2:14.9;3:3.3;4:14.4;5:12.2;6:8.6;8:14.1;9:11.4;10:12.1;11:11.3;12:11.9;13:0.6;14:20.6;15:15.8;16:21.2;17:13.0;18:29.8
2025,5081397,Dylan Sampson,RB,87.6,5.84,1:17.3;2:10.9;3:0.2;4:-0.2;5:1.2;6:4.4;7:2.7;8:7.9;10:0.9;11:1.9;12:16.2;13:2.3;14:9.8;15:0.0;16:0.0;17:5.7;18:6.4
2025,4567096,John Metchie III,WR,71.9,4.49,1:0.0;2:1.0;3:1.8;4:3.0;5:0.0;6:0.0;7:0.0;8:0.0;10:0.6;11:13.5;12:18.5;13:5.7;14:7.4;15:6.9;16:1.4;17:7.1;18:5.0
2025,4683062,Xavier Worthy,WR,109.9,7.85,1:0.0;2:0.0;3:0.0;4:17.1;5:11.1;6:10.6;7:7.8;8:10.3;9:6.0;11:5.5;12:9.9;13:11.4;14:8.5;15:5.5;16:6.1;17:0.1;18:0.0
2025,4567104,Will Reichard,K,157.0,9.24,1:9.0;2:8.0;3:14.0;4:8.0;5:2.0;7:18.0;8:5.0;9:11.0;10:9.0;11:5.0;12:10.0;13:0.0;14:8.0;15:12.0;16:11.0;17:16.0;18:11.0
2025,4432710,TreVeyon Henderson,RB,206.2,12.13,1:11.1;2:6.0;3:7.7;4:12.6;5:4.7;6:4.6;7:0.5;8:5.5;9:12.7;10:28.0;11:32.3;12:11.1;13:11.6;15:30.1;16:2.2;17:8.2;18:17.3
2025,4432708,Marvin Harrison Jr.,WR,127.8,10.65,1:18.1;2:4.7;3:7.4;4:18.6;5:13.8;6:5.2;7:7.8;9:22.6;10:14.3;11:0.0;12:0.0;13:12.9;14:0.0;15:0.0;16:2.4;17:0.0;18:0.0
2025,4808766,Mason Taylor,TE,88.9,6.84,1:3.0;2:1.5;3:5.8;4:11.5;5:17.7;6:1.2;7:6.1;8:14.4;10:1.4;11:7.0;12:5.1;13:4.1;14:10.1;15:0.0;16:0.0;17:0.0;18:0.0
2025,4685382,Omarion Hampton,RB,135.7,15.08,1:8.1;2:3.5;3:24.9;4:27.5;5:13.0;6:0.0;7:0.0;8:0.0;9:0.0;10:0.0;11:0.0;13:0.0;14:14.7;15:7.5;16:16.5;17:20.0;18:0.0
2025,4569923,Andy Borregales,K,144.0,8.47,1:7.0;2:9.0;3:2.0;4:6.0;5:13.0;6:5.0;7:7.0;8:13.0;9:6.0;10:4.0;11:9.0;12:18.0;13:14.0;15:7.0;16:10.0;17:5.0;18:9.0
